{"type":"FeatureCollection","features":[{"type":"Feature","properties":{"property_id":"GI-0001","address_label":"Structure near 29.2446, -89.9785","occupancy_type":"Unclassified structure (OSM building=yes)","flood_zone_code":"VE","sfha":true,"risk_level":"High","recommended_action":"Research-tier classification: coastal high-hazard (wave action) or otherwise high flood-zone exposure. Treat as a prompt to review official FEMA flood maps and local hurricane evacuation guidance for this parish.","data_source":"OpenStreetMap building footprint + FEMA National Flood Hazard Layer (zone-based classification)","confidence_note":"Research-prototype classification derived from the public FEMA flood zone code for this location. It is a zone-based proxy, not a computed hydraulic or storm-surge model, and is not an official flood determination. Consult FEMA's Flood Map Service Center (msc.fema.gov) or your local floodplain administrator for official information.","building_height_m":5,"osm_way_id":321738740},"geometry":{"type":"Polygon","coordinates":[[[-89.9785667,29.2447092],[-89.9784918,29.2447429],[-89.9783746,29.2445444],[-89.9784495,29.2445107],[-89.9785667,29.2447092]]]}},{"type":"Feature","properties":{"property_id":"GI-0002","address_label":"Structure near 29.2450, -89.9778","occupancy_type":"Unclassified structure (OSM building=yes)","flood_zone_code":"VE","sfha":true,"risk_level":"High","recommended_action":"Research-tier classification: coastal high-hazard (wave action) or otherwise high flood-zone exposure. Treat as a prompt to review official FEMA flood maps and local hurricane evacuation guidance for this parish.","data_source":"OpenStreetMap building footprint + FEMA National Flood Hazard Layer (zone-based classification)","confidence_note":"Research-prototype classification derived from the public FEMA flood zone code for this location. It is a zone-based proxy, not a computed hydraulic or storm-surge model, and is not an official flood determination. Consult FEMA's Flood Map Service Center (msc.fema.gov) or your local floodplain administrator for official information.","building_height_m":5,"osm_way_id":321738752},"geometry":{"type":"Polygon","coordinates":[[[-89.9778953,29.2449937],[-89.977814,29.2450302],[-89.9777581,29.2449356],[-89.9778395,29.2448991],[-89.9778953,29.2449937]]]}},{"type":"Feature","properties":{"property_id":"GI-0003","address_label":"Structure near 29.2449, -89.9813","occupancy_type":"Unclassified structure (OSM building=yes)","flood_zone_code":"VE","sfha":true,"risk_level":"High","recommended_action":"Research-tier classification: coastal high-hazard (wave action) or otherwise high flood-zone exposure. Treat as a prompt to review official FEMA flood maps and local hurricane evacuation guidance for this parish.","data_source":"OpenStreetMap building footprint + FEMA National Flood Hazard Layer (zone-based classification)","confidence_note":"Research-prototype classification derived from the public FEMA flood zone code for this location. It is a zone-based proxy, not a computed hydraulic or storm-surge model, and is not an official flood determination. Consult FEMA's Flood Map Service Center (msc.fema.gov) or your local floodplain administrator for official information.","building_height_m":5,"osm_way_id":321738753},"geometry":{"type":"Polygon","coordinates":[[[-89.9814275,29.2448764],[-89.981251,29.2449552],[-89.9811992,29.2448667],[-89.9813757,29.2447879],[-89.9814275,29.2448764]]]}},{"type":"Feature","properties":{"property_id":"GI-0004","address_label":"Structure near 29.2448, -89.9792","occupancy_type":"Unclassified structure (OSM building=yes)","flood_zone_code":"VE","sfha":true,"risk_level":"High","recommended_action":"Research-tier classification: coastal high-hazard (wave action) or otherwise high flood-zone exposure. Treat as a prompt to review official FEMA flood maps and local hurricane evacuation guidance for this parish.","data_source":"OpenStreetMap building footprint + FEMA National Flood Hazard Layer (zone-based classification)","confidence_note":"Research-prototype classification derived from the public FEMA flood zone code for this location. It is a zone-based proxy, not a computed hydraulic or storm-surge model, and is not an official flood determination. Consult FEMA's Flood Map Service Center (msc.fema.gov) or your local floodplain administrator for official information.","building_height_m":5,"osm_way_id":321738754},"geometry":{"type":"Polygon","coordinates":[[[-89.9792996,29.2448745],[-89.9792246,29.2449083],[-89.9791743,29.2448231],[-89.9792493,29.2447893],[-89.9792996,29.2448745]]]}},{"type":"Feature","properties":{"property_id":"GI-0005","address_label":"Structure near 29.2446, -89.9817","occupancy_type":"Unclassified structure (OSM building=yes)","flood_zone_code":"VE","sfha":true,"risk_level":"High","recommended_action":"Research-tier classification: coastal high-hazard (wave action) or otherwise high flood-zone exposure. Treat as a prompt to review official FEMA flood maps and local hurricane evacuation guidance for this parish.","data_source":"OpenStreetMap building footprint + FEMA National Flood Hazard Layer (zone-based classification)","confidence_note":"Research-prototype classification derived from the public FEMA flood zone code for this location. It is a zone-based proxy, not a computed hydraulic or storm-surge model, and is not an official flood determination. Consult FEMA's Flood Map Service Center (msc.fema.gov) or your local floodplain administrator for official information.","building_height_m":5,"osm_way_id":321738761},"geometry":{"type":"Polygon","coordinates":[[[-89.9817826,29.2446703],[-89.9816605,29.2447248],[-89.98159,29.2446045],[-89.9817121,29.2445501],[-89.9817826,29.2446703]]]}},{"type":"Feature","properties":{"property_id":"GI-0006","address_label":"Structure near 29.2441, -89.9828","occupancy_type":"Unclassified structure (OSM building=yes)","flood_zone_code":"VE","sfha":true,"risk_level":"High","recommended_action":"Research-tier classification: coastal high-hazard (wave action) or otherwise high flood-zone exposure. Treat as a prompt to review official FEMA flood maps and local hurricane evacuation guidance for this parish.","data_source":"OpenStreetMap building footprint + FEMA National Flood Hazard Layer (zone-based classification)","confidence_note":"Research-prototype classification derived from the public FEMA flood zone code for this location. It is a zone-based proxy, not a computed hydraulic or storm-surge model, and is not an official flood determination. Consult FEMA's Flood Map Service Center (msc.fema.gov) or your local floodplain administrator for official information.","building_height_m":5,"osm_way_id":321738762},"geometry":{"type":"Polygon","coordinates":[[[-89.9827998,29.2442175],[-89.982717,29.2440762],[-89.9828192,29.2440306],[-89.982902,29.2441719],[-89.9827998,29.2442175]]]}},{"type":"Feature","properties":{"property_id":"GI-0007","address_label":"Structure near 29.2448, -89.9782","occupancy_type":"Unclassified structure (OSM building=yes)","flood_zone_code":"VE","sfha":true,"risk_level":"High","recommended_action":"Research-tier classification: coastal high-hazard (wave action) or otherwise high flood-zone exposure. Treat as a prompt to review official FEMA flood maps and local hurricane evacuation guidance for this parish.","data_source":"OpenStreetMap building footprint + FEMA National Flood Hazard Layer (zone-based classification)","confidence_note":"Research-prototype classification derived from the public FEMA flood zone code for this location. It is a zone-based proxy, not a computed hydraulic or storm-surge model, and is not an official flood determination. Consult FEMA's Flood Map Service Center (msc.fema.gov) or your local floodplain administrator for official information.","building_height_m":5,"osm_way_id":321738764},"geometry":{"type":"Polygon","coordinates":[[[-89.978232,29.244863],[-89.9781603,29.2448953],[-89.9780874,29.2447719],[-89.9781592,29.2447396],[-89.978232,29.244863]]]}},{"type":"Feature","properties":{"property_id":"GI-0008","address_label":"Structure near 29.2449, -89.9791","occupancy_type":"Unclassified structure (OSM building=yes)","flood_zone_code":"VE","sfha":true,"risk_level":"High","recommended_action":"Research-tier classification: coastal high-hazard (wave action) or otherwise high flood-zone exposure. Treat as a prompt to review official FEMA flood maps and local hurricane evacuation guidance for this parish.","data_source":"OpenStreetMap building footprint + FEMA National Flood Hazard Layer (zone-based classification)","confidence_note":"Research-prototype classification derived from the public FEMA flood zone code for this location. It is a zone-based proxy, not a computed hydraulic or storm-surge model, and is not an official flood determination. Consult FEMA's Flood Map Service Center (msc.fema.gov) or your local floodplain administrator for official information.","building_height_m":5,"osm_way_id":321738767},"geometry":{"type":"Polygon","coordinates":[[[-89.9791355,29.244948],[-89.979055,29.2449842],[-89.9790049,29.2448992],[-89.9790853,29.244863],[-89.9791355,29.244948]]]}},{"type":"Feature","properties":{"property_id":"GI-0009","address_label":"Structure near 29.2433, -89.9830","occupancy_type":"Unclassified structure (OSM building=yes)","flood_zone_code":"VE","sfha":true,"risk_level":"High","recommended_action":"Research-tier classification: coastal high-hazard (wave action) or otherwise high flood-zone exposure. Treat as a prompt to review official FEMA flood maps and local hurricane evacuation guidance for this parish.","data_source":"OpenStreetMap building footprint + FEMA National Flood Hazard Layer (zone-based classification)","confidence_note":"Research-prototype classification derived from the public FEMA flood zone code for this location. It is a zone-based proxy, not a computed hydraulic or storm-surge model, and is not an official flood determination. Consult FEMA's Flood Map Service Center (msc.fema.gov) or your local floodplain administrator for official information.","building_height_m":5,"osm_way_id":321738782},"geometry":{"type":"Polygon","coordinates":[[[-89.9830946,29.2433571],[-89.9829774,29.2434094],[-89.9829319,29.2433317],[-89.983049,29.2432794],[-89.9830946,29.2433571]]]}},{"type":"Feature","properties":{"property_id":"GI-0010","address_label":"Structure near 29.2451, -89.9788","occupancy_type":"Unclassified structure (OSM building=yes)","flood_zone_code":"VE","sfha":true,"risk_level":"High","recommended_action":"Research-tier classification: coastal high-hazard (wave action) or otherwise high flood-zone exposure. Treat as a prompt to review official FEMA flood maps and local hurricane evacuation guidance for this parish.","data_source":"OpenStreetMap building footprint + FEMA National Flood Hazard Layer (zone-based classification)","confidence_note":"Research-prototype classification derived from the public FEMA flood zone code for this location. It is a zone-based proxy, not a computed hydraulic or storm-surge model, and is not an official flood determination. Consult FEMA's Flood Map Service Center (msc.fema.gov) or your local floodplain administrator for official information.","building_height_m":5,"osm_way_id":321738783},"geometry":{"type":"Polygon","coordinates":[[[-89.9788369,29.2450758],[-89.9787179,29.2451293],[-89.9786682,29.2450452],[-89.9787872,29.2449917],[-89.9788369,29.2450758]]]}},{"type":"Feature","properties":{"property_id":"GI-0011","address_label":"Structure near 29.2444, -89.9792","occupancy_type":"Unclassified structure (OSM building=yes)","flood_zone_code":"VE","sfha":true,"risk_level":"High","recommended_action":"Research-tier classification: coastal high-hazard (wave action) or otherwise high flood-zone exposure. Treat as a prompt to review official FEMA flood maps and local hurricane evacuation guidance for this parish.","data_source":"OpenStreetMap building footprint + FEMA National Flood Hazard Layer (zone-based classification)","confidence_note":"Research-prototype classification derived from the public FEMA flood zone code for this location. It is a zone-based proxy, not a computed hydraulic or storm-surge model, and is not an official flood determination. Consult FEMA's Flood Map Service Center (msc.fema.gov) or your local floodplain administrator for official information.","building_height_m":5,"osm_way_id":321738785},"geometry":{"type":"Polygon","coordinates":[[[-89.979239,29.2444234],[-89.9791693,29.2444547],[-89.97909,29.2443203],[-89.9791596,29.244289],[-89.979239,29.2444234]]]}},{"type":"Feature","properties":{"property_id":"GI-0012","address_label":"Structure near 29.2449, -89.9780","occupancy_type":"Unclassified structure (OSM building=yes)","flood_zone_code":"VE","sfha":true,"risk_level":"High","recommended_action":"Research-tier classification: coastal high-hazard (wave action) or otherwise high flood-zone exposure. Treat as a prompt to review official FEMA flood maps and local hurricane evacuation guidance for this parish.","data_source":"OpenStreetMap building footprint + FEMA National Flood Hazard Layer (zone-based classification)","confidence_note":"Research-prototype classification derived from the public FEMA flood zone code for this location. It is a zone-based proxy, not a computed hydraulic or storm-surge model, and is not an official flood determination. Consult FEMA's Flood Map Service Center (msc.fema.gov) or your local floodplain administrator for official information.","building_height_m":5,"osm_way_id":321738786},"geometry":{"type":"Polygon","coordinates":[[[-89.978058,29.2449214],[-89.9779898,29.2449521],[-89.9779271,29.2448459],[-89.9779953,29.2448153],[-89.978058,29.2449214]]]}},{"type":"Feature","properties":{"property_id":"GI-0013","address_label":"Structure near 29.2435, -89.9833","occupancy_type":"Unclassified structure (OSM building=yes)","flood_zone_code":"VE","sfha":true,"risk_level":"High","recommended_action":"Research-tier classification: coastal high-hazard (wave action) or otherwise high flood-zone exposure. Treat as a prompt to review official FEMA flood maps and local hurricane evacuation guidance for this parish.","data_source":"OpenStreetMap building footprint + FEMA National Flood Hazard Layer (zone-based classification)","confidence_note":"Research-prototype classification derived from the public FEMA flood zone code for this location. It is a zone-based proxy, not a computed hydraulic or storm-surge model, and is not an official flood determination. Consult FEMA's Flood Map Service Center (msc.fema.gov) or your local floodplain administrator for official information.","building_height_m":5,"osm_way_id":321738788},"geometry":{"type":"Polygon","coordinates":[[[-89.9834125,29.2435348],[-89.9832399,29.2436118],[-89.9831856,29.2435192],[-89.9833582,29.2434422],[-89.9834125,29.2435348]]]}},{"type":"Feature","properties":{"property_id":"GI-0014","address_label":"Structure near 29.2444, -89.9790","occupancy_type":"Unclassified structure (OSM building=yes)","flood_zone_code":"VE","sfha":true,"risk_level":"High","recommended_action":"Research-tier classification: coastal high-hazard (wave action) or otherwise high flood-zone exposure. Treat as a prompt to review official FEMA flood maps and local hurricane evacuation guidance for this parish.","data_source":"OpenStreetMap building footprint + FEMA National Flood Hazard Layer (zone-based classification)","confidence_note":"Research-prototype classification derived from the public FEMA flood zone code for this location. It is a zone-based proxy, not a computed hydraulic or storm-surge model, and is not an official flood determination. Consult FEMA's Flood Map Service Center (msc.fema.gov) or your local floodplain administrator for official information.","building_height_m":5,"osm_way_id":321738792},"geometry":{"type":"Polygon","coordinates":[[[-89.9790994,29.2444913],[-89.9789984,29.2445367],[-89.9789031,29.2443753],[-89.9790041,29.2443299],[-89.9790994,29.2444913]]]}},{"type":"Feature","properties":{"property_id":"GI-0015","address_label":"Structure near 29.2445, -89.9788","occupancy_type":"Unclassified structure (OSM building=yes)","flood_zone_code":"VE","sfha":true,"risk_level":"High","recommended_action":"Research-tier classification: coastal high-hazard (wave action) or otherwise high flood-zone exposure. Treat as a prompt to review official FEMA flood maps and local hurricane evacuation guidance for this parish.","data_source":"OpenStreetMap building footprint + FEMA National Flood Hazard Layer (zone-based classification)","confidence_note":"Research-prototype classification derived from the public FEMA flood zone code for this location. It is a zone-based proxy, not a computed hydraulic or storm-surge model, and is not an official flood determination. Consult FEMA's Flood Map Service Center (msc.fema.gov) or your local floodplain administrator for official information.","building_height_m":5,"osm_way_id":321738801},"geometry":{"type":"Polygon","coordinates":[[[-89.9789123,29.2445609],[-89.9788243,29.2446005],[-89.9787455,29.244467],[-89.9788335,29.2444275],[-89.9789123,29.2445609]]]}},{"type":"Feature","properties":{"property_id":"GI-0016","address_label":"Structure near 29.2446, -89.9826","occupancy_type":"Unclassified structure (OSM building=yes)","flood_zone_code":"VE","sfha":true,"risk_level":"High","recommended_action":"Research-tier classification: coastal high-hazard (wave action) or otherwise high flood-zone exposure. Treat as a prompt to review official FEMA flood maps and local hurricane evacuation guidance for this parish.","data_source":"OpenStreetMap building footprint + FEMA National Flood Hazard Layer (zone-based classification)","confidence_note":"Research-prototype classification derived from the public FEMA flood zone code for this location. It is a zone-based proxy, not a computed hydraulic or storm-surge model, and is not an official flood determination. Consult FEMA's Flood Map Service Center (msc.fema.gov) or your local floodplain administrator for official information.","building_height_m":5,"osm_way_id":321738802},"geometry":{"type":"Polygon","coordinates":[[[-89.9827004,29.2446109],[-89.9824928,29.2447035],[-89.9824439,29.2446202],[-89.9826515,29.2445276],[-89.9827004,29.2446109]]]}},{"type":"Feature","properties":{"property_id":"GI-0017","address_label":"Structure near 29.2447, -89.9783","occupancy_type":"Unclassified structure (OSM building=yes)","flood_zone_code":"VE","sfha":true,"risk_level":"High","recommended_action":"Research-tier classification: coastal high-hazard (wave action) or otherwise high flood-zone exposure. Treat as a prompt to review official FEMA flood maps and local hurricane evacuation guidance for this parish.","data_source":"OpenStreetMap building footprint + FEMA National Flood Hazard Layer (zone-based classification)","confidence_note":"Research-prototype classification derived from the public FEMA flood zone code for this location. It is a zone-based proxy, not a computed hydraulic or storm-surge model, and is not an official flood determination. Consult FEMA's Flood Map Service Center (msc.fema.gov) or your local floodplain administrator for official information.","building_height_m":5,"osm_way_id":321738803},"geometry":{"type":"Polygon","coordinates":[[[-89.9783999,29.2447847],[-89.9783248,29.2448185],[-89.9782532,29.2446972],[-89.9783283,29.2446635],[-89.9783999,29.2447847]]]}},{"type":"Feature","properties":{"property_id":"GI-0018","address_label":"Structure near 29.2443, -89.9823","occupancy_type":"Unclassified structure (OSM building=yes)","flood_zone_code":"VE","sfha":true,"risk_level":"High","recommended_action":"Research-tier classification: coastal high-hazard (wave action) or otherwise high flood-zone exposure. Treat as a prompt to review official FEMA flood maps and local hurricane evacuation guidance for this parish.","data_source":"OpenStreetMap building footprint + FEMA National Flood Hazard Layer (zone-based classification)","confidence_note":"Research-prototype classification derived from the public FEMA flood zone code for this location. It is a zone-based proxy, not a computed hydraulic or storm-surge model, and is not an official flood determination. Consult FEMA's Flood Map Service Center (msc.fema.gov) or your local floodplain administrator for official information.","building_height_m":5,"osm_way_id":321738808},"geometry":{"type":"Polygon","coordinates":[[[-89.9824248,29.2442524],[-89.9822286,29.2443399],[-89.982183,29.2442621],[-89.9823793,29.2441746],[-89.9824248,29.2442524]]]}},{"type":"Feature","properties":{"property_id":"GI-0019","address_label":"Structure near 29.2450, -89.9789","occupancy_type":"Unclassified structure (OSM building=yes)","flood_zone_code":"VE","sfha":true,"risk_level":"High","recommended_action":"Research-tier classification: coastal high-hazard (wave action) or otherwise high flood-zone exposure. Treat as a prompt to review official FEMA flood maps and local hurricane evacuation guidance for this parish.","data_source":"OpenStreetMap building footprint + FEMA National Flood Hazard Layer (zone-based classification)","confidence_note":"Research-prototype classification derived from the public FEMA flood zone code for this location. It is a zone-based proxy, not a computed hydraulic or storm-surge model, and is not an official flood determination. Consult FEMA's Flood Map Service Center (msc.fema.gov) or your local floodplain administrator for official information.","building_height_m":5,"osm_way_id":321738811},"geometry":{"type":"Polygon","coordinates":[[[-89.9789694,29.2450291],[-89.9788888,29.2450653],[-89.9788344,29.2449731],[-89.978915,29.2449369],[-89.9789694,29.2450291]]]}},{"type":"Feature","properties":{"property_id":"GI-0020","address_label":"Structure near 29.2446, -89.9787","occupancy_type":"Unclassified structure (OSM building=yes)","flood_zone_code":"VE","sfha":true,"risk_level":"High","recommended_action":"Research-tier classification: coastal high-hazard (wave action) or otherwise high flood-zone exposure. Treat as a prompt to review official FEMA flood maps and local hurricane evacuation guidance for this parish.","data_source":"OpenStreetMap building footprint + FEMA National Flood Hazard Layer (zone-based classification)","confidence_note":"Research-prototype classification derived from the public FEMA flood zone code for this location. It is a zone-based proxy, not a computed hydraulic or storm-surge model, and is not an official flood determination. Consult FEMA's Flood Map Service Center (msc.fema.gov) or your local floodplain administrator for official information.","building_height_m":5,"osm_way_id":321738812},"geometry":{"type":"Polygon","coordinates":[[[-89.9787262,29.2446259],[-89.9786538,29.2446584],[-89.9785921,29.244554],[-89.9786646,29.2445215],[-89.9787262,29.2446259]]]}},{"type":"Feature","properties":{"property_id":"GI-0021","address_label":"Structure near 29.2441, -89.9741","occupancy_type":"Residential (single-family)","flood_zone_code":"VE","sfha":true,"risk_level":"High","recommended_action":"Research-tier classification: coastal high-hazard (wave action) or otherwise high flood-zone exposure. Treat as a prompt to review official FEMA flood maps and local hurricane evacuation guidance for this parish.","data_source":"OpenStreetMap building footprint + FEMA National Flood Hazard Layer (zone-based classification)","confidence_note":"Research-prototype classification derived from the public FEMA flood zone code for this location. It is a zone-based proxy, not a computed hydraulic or storm-surge model, and is not an official flood determination. Consult FEMA's Flood Map Service Center (msc.fema.gov) or your local floodplain administrator for official information.","building_height_m":5,"osm_way_id":431047262},"geometry":{"type":"Polygon","coordinates":[[[-89.9741616,29.2441525],[-89.9740555,29.2441988],[-89.973986,29.2440823],[-89.9740921,29.2440328],[-89.9741616,29.2441525]]]}},{"type":"Feature","properties":{"property_id":"GI-0022","address_label":"Structure near 29.2439, -89.9743","occupancy_type":"Residential (single-family)","flood_zone_code":"VE","sfha":true,"risk_level":"High","recommended_action":"Research-tier classification: coastal high-hazard (wave action) or otherwise high flood-zone exposure. Treat as a prompt to review official FEMA flood maps and local hurricane evacuation guidance for this parish.","data_source":"OpenStreetMap building footprint + FEMA National Flood Hazard Layer (zone-based classification)","confidence_note":"Research-prototype classification derived from the public FEMA flood zone code for this location. It is a zone-based proxy, not a computed hydraulic or storm-surge model, and is not an official flood determination. Consult FEMA's Flood Map Service Center (msc.fema.gov) or your local floodplain administrator for official information.","building_height_m":5,"osm_way_id":431047264},"geometry":{"type":"Polygon","coordinates":[[[-89.9743593,29.2439364],[-89.9742494,29.2439863],[-89.9741528,29.2438233],[-89.9742599,29.2437754],[-89.9743593,29.2439364]]]}},{"type":"Feature","properties":{"property_id":"GI-0023","address_label":"Structure near 29.2444, -89.9736","occupancy_type":"Residential (single-family)","flood_zone_code":"VE","sfha":true,"risk_level":"High","recommended_action":"Research-tier classification: coastal high-hazard (wave action) or otherwise high flood-zone exposure. Treat as a prompt to review official FEMA flood maps and local hurricane evacuation guidance for this parish.","data_source":"OpenStreetMap building footprint + FEMA National Flood Hazard Layer (zone-based classification)","confidence_note":"Research-prototype classification derived from the public FEMA flood zone code for this location. It is a zone-based proxy, not a computed hydraulic or storm-surge model, and is not an official flood determination. Consult FEMA's Flood Map Service Center (msc.fema.gov) or your local floodplain administrator for official information.","building_height_m":5,"osm_way_id":431047266},"geometry":{"type":"Polygon","coordinates":[[[-89.9736499,29.2444162],[-89.9735356,29.244466],[-89.9734741,29.2443683],[-89.9735906,29.2443165],[-89.9736499,29.2444162]]]}},{"type":"Feature","properties":{"property_id":"GI-0024","address_label":"Structure near 29.2446, -89.9731","occupancy_type":"Residential (single-family)","flood_zone_code":"VE","sfha":true,"risk_level":"High","recommended_action":"Research-tier classification: coastal high-hazard (wave action) or otherwise high flood-zone exposure. Treat as a prompt to review official FEMA flood maps and local hurricane evacuation guidance for this parish.","data_source":"OpenStreetMap building footprint + FEMA National Flood Hazard Layer (zone-based classification)","confidence_note":"Research-prototype classification derived from the public FEMA flood zone code for this location. It is a zone-based proxy, not a computed hydraulic or storm-surge model, and is not an official flood determination. Consult FEMA's Flood Map Service Center (msc.fema.gov) or your local floodplain administrator for official information.","building_height_m":5,"osm_way_id":431047267},"geometry":{"type":"Polygon","coordinates":[[[-89.9731792,29.2446517],[-89.9730682,29.2447176],[-89.9730139,29.2446455],[-89.973132,29.2445837],[-89.9731792,29.2446517]]]}},{"type":"Feature","properties":{"property_id":"GI-0025","address_label":"Structure near 29.2449, -89.9725","occupancy_type":"Residential (single-family)","flood_zone_code":"VE","sfha":true,"risk_level":"High","recommended_action":"Research-tier classification: coastal high-hazard (wave action) or otherwise high flood-zone exposure. Treat as a prompt to review official FEMA flood maps and local hurricane evacuation guidance for this parish.","data_source":"OpenStreetMap building footprint + FEMA National Flood Hazard Layer (zone-based classification)","confidence_note":"Research-prototype classification derived from the public FEMA flood zone code for this location. It is a zone-based proxy, not a computed hydraulic or storm-surge model, and is not an official flood determination. Consult FEMA's Flood Map Service Center (msc.fema.gov) or your local floodplain administrator for official information.","building_height_m":5,"osm_way_id":431047271},"geometry":{"type":"Polygon","coordinates":[[[-89.9726474,29.2448891],[-89.9724467,29.2449674],[-89.9724326,29.2449406],[-89.972416,29.2449489],[-89.9723641,29.2448603],[-89.9724585,29.2448253],[-89.9724774,29.2448582],[-89.9726026,29.2448129],[-89.9726474,29.2448891]]]}},{"type":"Feature","properties":{"property_id":"GI-0026","address_label":"Structure near 29.2437, -89.9745","occupancy_type":"Residential (single-family)","flood_zone_code":"VE","sfha":true,"risk_level":"High","recommended_action":"Research-tier classification: coastal high-hazard (wave action) or otherwise high flood-zone exposure. Treat as a prompt to review official FEMA flood maps and local hurricane evacuation guidance for this parish.","data_source":"OpenStreetMap building footprint + FEMA National Flood Hazard Layer (zone-based classification)","confidence_note":"Research-prototype classification derived from the public FEMA flood zone code for this location. It is a zone-based proxy, not a computed hydraulic or storm-surge model, and is not an official flood determination. Consult FEMA's Flood Map Service Center (msc.fema.gov) or your local floodplain administrator for official information.","building_height_m":5,"osm_way_id":431047272},"geometry":{"type":"Polygon","coordinates":[[[-89.9746242,29.2437513],[-89.9744618,29.2438248],[-89.974389,29.2437085],[-89.9745614,29.2436303],[-89.9746242,29.2437513]]]}},{"type":"Feature","properties":{"property_id":"GI-0027","address_label":"Structure near 29.2437, -89.9748","occupancy_type":"Residential (single-family)","flood_zone_code":"VE","sfha":true,"risk_level":"High","recommended_action":"Research-tier classification: coastal high-hazard (wave action) or otherwise high flood-zone exposure. Treat as a prompt to review official FEMA flood maps and local hurricane evacuation guidance for this parish.","data_source":"OpenStreetMap building footprint + FEMA National Flood Hazard Layer (zone-based classification)","confidence_note":"Research-prototype classification derived from the public FEMA flood zone code for this location. It is a zone-based proxy, not a computed hydraulic or storm-surge model, and is not an official flood determination. Consult FEMA's Flood Map Service Center (msc.fema.gov) or your local floodplain administrator for official information.","building_height_m":5,"osm_way_id":431047274},"geometry":{"type":"Polygon","coordinates":[[[-89.9748316,29.2437209],[-89.9747382,29.2437695],[-89.9746824,29.2436812],[-89.9747797,29.2436326],[-89.9748316,29.2437209]]]}},{"type":"Feature","properties":{"property_id":"GI-0028","address_label":"Structure near 29.2434, -89.9751","occupancy_type":"Residential (single-family)","flood_zone_code":"VE","sfha":true,"risk_level":"High","recommended_action":"Research-tier classification: coastal high-hazard (wave action) or otherwise high flood-zone exposure. Treat as a prompt to review official FEMA flood maps and local hurricane evacuation guidance for this parish.","data_source":"OpenStreetMap building footprint + FEMA National Flood Hazard Layer (zone-based classification)","confidence_note":"Research-prototype classification derived from the public FEMA flood zone code for this location. It is a zone-based proxy, not a computed hydraulic or storm-surge model, and is not an official flood determination. Consult FEMA's Flood Map Service Center (msc.fema.gov) or your local floodplain administrator for official information.","building_height_m":5,"osm_way_id":431091456},"geometry":{"type":"Polygon","coordinates":[[[-89.9751477,29.2434421],[-89.9750179,29.2435184],[-89.9749415,29.2434232],[-89.9750448,29.2433631],[-89.9750614,29.2433831],[-89.9750952,29.2433642],[-89.9751477,29.2434421]]]}},{"type":"Feature","properties":{"property_id":"GI-0029","address_label":"Structure near 29.2432, -89.9755","occupancy_type":"Residential (single-family)","flood_zone_code":"VE","sfha":true,"risk_level":"High","recommended_action":"Research-tier classification: coastal high-hazard (wave action) or otherwise high flood-zone exposure. Treat as a prompt to review official FEMA flood maps and local hurricane evacuation guidance for this parish.","data_source":"OpenStreetMap building footprint + FEMA National Flood Hazard Layer (zone-based classification)","confidence_note":"Research-prototype classification derived from the public FEMA flood zone code for this location. It is a zone-based proxy, not a computed hydraulic or storm-surge model, and is not an official flood determination. Consult FEMA's Flood Map Service Center (msc.fema.gov) or your local floodplain administrator for official information.","building_height_m":5,"osm_way_id":431091458},"geometry":{"type":"Polygon","coordinates":[[[-89.9754715,29.2432415],[-89.9754106,29.2431571],[-89.9755272,29.2430856],[-89.9755903,29.2431736],[-89.9754715,29.2432415]]]}},{"type":"Feature","properties":{"property_id":"GI-0030","address_label":"Structure near 29.2431, -89.9758","occupancy_type":"Residential (single-family)","flood_zone_code":"VE","sfha":true,"risk_level":"High","recommended_action":"Research-tier classification: coastal high-hazard (wave action) or otherwise high flood-zone exposure. Treat as a prompt to review official FEMA flood maps and local hurricane evacuation guidance for this parish.","data_source":"OpenStreetMap building footprint + FEMA National Flood Hazard Layer (zone-based classification)","confidence_note":"Research-prototype classification derived from the public FEMA flood zone code for this location. It is a zone-based proxy, not a computed hydraulic or storm-surge model, and is not an official flood determination. Consult FEMA's Flood Map Service Center (msc.fema.gov) or your local floodplain administrator for official information.","building_height_m":5,"osm_way_id":431091459},"geometry":{"type":"Polygon","coordinates":[[[-89.9757244,29.2431411],[-89.9756845,29.2430796],[-89.9757759,29.2430292],[-89.97582,29.2430934],[-89.9757244,29.2431411]]]}},{"type":"Feature","properties":{"property_id":"GI-0031","address_label":"Structure near 29.2428, -89.9760","occupancy_type":"Unclassified structure (OSM building=yes)","flood_zone_code":"VE","sfha":true,"risk_level":"High","recommended_action":"Research-tier classification: coastal high-hazard (wave action) or otherwise high flood-zone exposure. Treat as a prompt to review official FEMA flood maps and local hurricane evacuation guidance for this parish.","data_source":"OpenStreetMap building footprint + FEMA National Flood Hazard Layer (zone-based classification)","confidence_note":"Research-prototype classification derived from the public FEMA flood zone code for this location. It is a zone-based proxy, not a computed hydraulic or storm-surge model, and is not an official flood determination. Consult FEMA's Flood Map Service Center (msc.fema.gov) or your local floodplain administrator for official information.","building_height_m":5,"osm_way_id":1026769802},"geometry":{"type":"Polygon","coordinates":[[[-89.9760773,29.2427327],[-89.9759363,29.2428037],[-89.9760113,29.2429157],[-89.9761523,29.2428447],[-89.9760773,29.2427327]]]}},{"type":"Feature","properties":{"property_id":"GI-0032","address_label":"Structure near 29.2427, -89.9763","occupancy_type":"Unclassified structure (OSM building=yes)","flood_zone_code":"VE","sfha":true,"risk_level":"High","recommended_action":"Research-tier classification: coastal high-hazard (wave action) or otherwise high flood-zone exposure. Treat as a prompt to review official FEMA flood maps and local hurricane evacuation guidance for this parish.","data_source":"OpenStreetMap building footprint + FEMA National Flood Hazard Layer (zone-based classification)","confidence_note":"Research-prototype classification derived from the public FEMA flood zone code for this location. It is a zone-based proxy, not a computed hydraulic or storm-surge model, and is not an official flood determination. Consult FEMA's Flood Map Service Center (msc.fema.gov) or your local floodplain administrator for official information.","building_height_m":5,"osm_way_id":1026769803},"geometry":{"type":"Polygon","coordinates":[[[-89.9763077,29.2426485],[-89.9761767,29.2427255],[-89.9762277,29.2427925],[-89.9763587,29.2427155],[-89.9763077,29.2426485]]]}},{"type":"Feature","properties":{"property_id":"GI-0033","address_label":"Structure near 29.2427, -89.9765","occupancy_type":"Unclassified structure (OSM building=yes)","flood_zone_code":"VE","sfha":true,"risk_level":"High","recommended_action":"Research-tier classification: coastal high-hazard (wave action) or otherwise high flood-zone exposure. Treat as a prompt to review official FEMA flood maps and local hurricane evacuation guidance for this parish.","data_source":"OpenStreetMap building footprint + FEMA National Flood Hazard Layer (zone-based classification)","confidence_note":"Research-prototype classification derived from the public FEMA flood zone code for this location. It is a zone-based proxy, not a computed hydraulic or storm-surge model, and is not an official flood determination. Consult FEMA's Flood Map Service Center (msc.fema.gov) or your local floodplain administrator for official information.","building_height_m":5,"osm_way_id":1026769804},"geometry":{"type":"Polygon","coordinates":[[[-89.9766147,29.2427033],[-89.9765877,29.2426083],[-89.9764507,29.2426373],[-89.9764777,29.2427323],[-89.9766147,29.2427033]]]}},{"type":"Feature","properties":{"property_id":"GI-0034","address_label":"Structure near 29.2425, -89.9767","occupancy_type":"Unclassified structure (OSM building=yes)","flood_zone_code":"VE","sfha":true,"risk_level":"High","recommended_action":"Research-tier classification: coastal high-hazard (wave action) or otherwise high flood-zone exposure. Treat as a prompt to review official FEMA flood maps and local hurricane evacuation guidance for this parish.","data_source":"OpenStreetMap building footprint + FEMA National Flood Hazard Layer (zone-based classification)","confidence_note":"Research-prototype classification derived from the public FEMA flood zone code for this location. It is a zone-based proxy, not a computed hydraulic or storm-surge model, and is not an official flood determination. Consult FEMA's Flood Map Service Center (msc.fema.gov) or your local floodplain administrator for official information.","building_height_m":5,"osm_way_id":1026769805},"geometry":{"type":"Polygon","coordinates":[[[-89.9767817,29.2424394],[-89.9766567,29.2425014],[-89.9767057,29.2425784],[-89.9768317,29.2425174],[-89.9767817,29.2424394]]]}},{"type":"Feature","properties":{"property_id":"GI-0035","address_label":"Structure near 29.2422, -89.9771","occupancy_type":"Unclassified structure (OSM building=yes)","flood_zone_code":"VE","sfha":true,"risk_level":"High","recommended_action":"Research-tier classification: coastal high-hazard (wave action) or otherwise high flood-zone exposure. Treat as a prompt to review official FEMA flood maps and local hurricane evacuation guidance for this parish.","data_source":"OpenStreetMap building footprint + FEMA National Flood Hazard Layer (zone-based classification)","confidence_note":"Research-prototype classification derived from the public FEMA flood zone code for this location. It is a zone-based proxy, not a computed hydraulic or storm-surge model, and is not an official flood determination. Consult FEMA's Flood Map Service Center (msc.fema.gov) or your local floodplain administrator for official information.","building_height_m":5,"osm_way_id":1026769807},"geometry":{"type":"Polygon","coordinates":[[[-89.9772365,29.2422438],[-89.9771435,29.2420968],[-89.9770615,29.2421358],[-89.9771545,29.2422828],[-89.9772365,29.2422438]]]}},{"type":"Feature","properties":{"property_id":"GI-0036","address_label":"Structure near 29.2420, -89.9774","occupancy_type":"Unclassified structure (OSM building=yes)","flood_zone_code":"VE","sfha":true,"risk_level":"High","recommended_action":"Research-tier classification: coastal high-hazard (wave action) or otherwise high flood-zone exposure. Treat as a prompt to review official FEMA flood maps and local hurricane evacuation guidance for this parish.","data_source":"OpenStreetMap building footprint + FEMA National Flood Hazard Layer (zone-based classification)","confidence_note":"Research-prototype classification derived from the public FEMA flood zone code for this location. It is a zone-based proxy, not a computed hydraulic or storm-surge model, and is not an official flood determination. Consult FEMA's Flood Map Service Center (msc.fema.gov) or your local floodplain administrator for official information.","building_height_m":5,"osm_way_id":1026769808},"geometry":{"type":"Polygon","coordinates":[[[-89.9773341,29.2420099],[-89.9773971,29.2421109],[-89.9775221,29.2420519],[-89.9774591,29.2419509],[-89.9773341,29.2420099]]]}},{"type":"Feature","properties":{"property_id":"GI-0037","address_label":"Structure near 29.2419, -89.9777","occupancy_type":"Unclassified structure (OSM building=yes)","flood_zone_code":"VE","sfha":true,"risk_level":"High","recommended_action":"Research-tier classification: coastal high-hazard (wave action) or otherwise high flood-zone exposure. Treat as a prompt to review official FEMA flood maps and local hurricane evacuation guidance for this parish.","data_source":"OpenStreetMap building footprint + FEMA National Flood Hazard Layer (zone-based classification)","confidence_note":"Research-prototype classification derived from the public FEMA flood zone code for this location. It is a zone-based proxy, not a computed hydraulic or storm-surge model, and is not an official flood determination. Consult FEMA's Flood Map Service Center (msc.fema.gov) or your local floodplain administrator for official information.","building_height_m":5,"osm_way_id":1026769809},"geometry":{"type":"Polygon","coordinates":[[[-89.9777374,29.2418481],[-89.9776964,29.2418671],[-89.9776864,29.2418501],[-89.9775694,29.2419051],[-89.9776364,29.2420141],[-89.9777934,29.2419401],[-89.9777374,29.2418481]]]}},{"type":"Feature","properties":{"property_id":"GI-0038","address_label":"Structure near 29.2416, -89.9783","occupancy_type":"Unclassified structure (OSM building=yes)","flood_zone_code":"VE","sfha":true,"risk_level":"High","recommended_action":"Research-tier classification: coastal high-hazard (wave action) or otherwise high flood-zone exposure. Treat as a prompt to review official FEMA flood maps and local hurricane evacuation guidance for this parish.","data_source":"OpenStreetMap building footprint + FEMA National Flood Hazard Layer (zone-based classification)","confidence_note":"Research-prototype classification derived from the public FEMA flood zone code for this location. It is a zone-based proxy, not a computed hydraulic or storm-surge model, and is not an official flood determination. Consult FEMA's Flood Map Service Center (msc.fema.gov) or your local floodplain administrator for official information.","building_height_m":5,"osm_way_id":1026769810},"geometry":{"type":"Polygon","coordinates":[[[-89.9784067,29.2416644],[-89.9782887,29.2414884],[-89.9781977,29.2415354],[-89.9783167,29.2417104],[-89.9784067,29.2416644]]]}},{"type":"Feature","properties":{"property_id":"GI-0039","address_label":"Structure near 29.2414, -89.9786","occupancy_type":"Unclassified structure (OSM building=yes)","flood_zone_code":"VE","sfha":true,"risk_level":"High","recommended_action":"Research-tier classification: coastal high-hazard (wave action) or otherwise high flood-zone exposure. Treat as a prompt to review official FEMA flood maps and local hurricane evacuation guidance for this parish.","data_source":"OpenStreetMap building footprint + FEMA National Flood Hazard Layer (zone-based classification)","confidence_note":"Research-prototype classification derived from the public FEMA flood zone code for this location. It is a zone-based proxy, not a computed hydraulic or storm-surge model, and is not an official flood determination. Consult FEMA's Flood Map Service Center (msc.fema.gov) or your local floodplain administrator for official information.","building_height_m":5,"osm_way_id":1026769811},"geometry":{"type":"Polygon","coordinates":[[[-89.9786203,29.2412673],[-89.9784473,29.2413613],[-89.9785103,29.2414483],[-89.9785983,29.2413993],[-89.9786703,29.2414993],[-89.9787533,29.2414533],[-89.9786203,29.2412673]]]}},{"type":"Feature","properties":{"property_id":"GI-0040","address_label":"Structure near 29.2411, -89.9790","occupancy_type":"Unclassified structure (OSM building=yes)","flood_zone_code":"VE","sfha":true,"risk_level":"High","recommended_action":"Research-tier classification: coastal high-hazard (wave action) or otherwise high flood-zone exposure. Treat as a prompt to review official FEMA flood maps and local hurricane evacuation guidance for this parish.","data_source":"OpenStreetMap building footprint + FEMA National Flood Hazard Layer (zone-based classification)","confidence_note":"Research-prototype classification derived from the public FEMA flood zone code for this location. It is a zone-based proxy, not a computed hydraulic or storm-surge model, and is not an official flood determination. Consult FEMA's Flood Map Service Center (msc.fema.gov) or your local floodplain administrator for official information.","building_height_m":5,"osm_way_id":1026769812},"geometry":{"type":"Polygon","coordinates":[[[-89.9790796,29.2410275],[-89.9789476,29.2410815],[-89.9790026,29.2411825],[-89.9791346,29.2411285],[-89.9790796,29.2410275]]]}},{"type":"Feature","properties":{"property_id":"GI-0041","address_label":"Structure near 29.2410, -89.9793","occupancy_type":"Unclassified structure (OSM building=yes)","flood_zone_code":"VE","sfha":true,"risk_level":"High","recommended_action":"Research-tier classification: coastal high-hazard (wave action) or otherwise high flood-zone exposure. Treat as a prompt to review official FEMA flood maps and local hurricane evacuation guidance for this parish.","data_source":"OpenStreetMap building footprint + FEMA National Flood Hazard Layer (zone-based classification)","confidence_note":"Research-prototype classification derived from the public FEMA flood zone code for this location. It is a zone-based proxy, not a computed hydraulic or storm-surge model, and is not an official flood determination. Consult FEMA's Flood Map Service Center (msc.fema.gov) or your local floodplain administrator for official information.","building_height_m":5,"osm_way_id":1026769813},"geometry":{"type":"Polygon","coordinates":[[[-89.9792159,29.2410512],[-89.9792849,29.2410242],[-89.9793259,29.2411032],[-89.9794109,29.2410692],[-89.9793349,29.2409232],[-89.9791809,29.2409842],[-89.9792159,29.2410512]]]}},{"type":"Feature","properties":{"property_id":"GI-0042","address_label":"Structure near 29.2408, -89.9795","occupancy_type":"Unclassified structure (OSM building=yes)","flood_zone_code":"VE","sfha":true,"risk_level":"High","recommended_action":"Research-tier classification: coastal high-hazard (wave action) or otherwise high flood-zone exposure. Treat as a prompt to review official FEMA flood maps and local hurricane evacuation guidance for this parish.","data_source":"OpenStreetMap building footprint + FEMA National Flood Hazard Layer (zone-based classification)","confidence_note":"Research-prototype classification derived from the public FEMA flood zone code for this location. It is a zone-based proxy, not a computed hydraulic or storm-surge model, and is not an official flood determination. Consult FEMA's Flood Map Service Center (msc.fema.gov) or your local floodplain administrator for official information.","building_height_m":5,"osm_way_id":1026769814},"geometry":{"type":"Polygon","coordinates":[[[-89.9796029,29.2408804],[-89.9795049,29.2407404],[-89.9794249,29.2407824],[-89.9794679,29.2408444],[-89.9794289,29.2408644],[-89.9794839,29.2409434],[-89.9796029,29.2408804]]]}},{"type":"Feature","properties":{"property_id":"GI-0043","address_label":"Structure near 29.2406, -89.9796","occupancy_type":"Unclassified structure (OSM building=yes)","flood_zone_code":"VE","sfha":true,"risk_level":"High","recommended_action":"Research-tier classification: coastal high-hazard (wave action) or otherwise high flood-zone exposure. Treat as a prompt to review official FEMA flood maps and local hurricane evacuation guidance for this parish.","data_source":"OpenStreetMap building footprint + FEMA National Flood Hazard Layer (zone-based classification)","confidence_note":"Research-prototype classification derived from the public FEMA flood zone code for this location. It is a zone-based proxy, not a computed hydraulic or storm-surge model, and is not an official flood determination. Consult FEMA's Flood Map Service Center (msc.fema.gov) or your local floodplain administrator for official information.","building_height_m":5,"osm_way_id":1026769815},"geometry":{"type":"Polygon","coordinates":[[[-89.9794999,29.2405773],[-89.9795968,29.2407408],[-89.9796832,29.2407018],[-89.9796726,29.2406839],[-89.9796929,29.2406747],[-89.9796632,29.2406246],[-89.9796857,29.2406144],[-89.9796291,29.240519],[-89.9794999,29.2405773]]]}},{"type":"Feature","properties":{"property_id":"GI-0044","address_label":"3811 Highway 1","occupancy_type":"Unclassified structure (OSM building=yes)","flood_zone_code":"VE","sfha":true,"risk_level":"High","recommended_action":"Research-tier classification: coastal high-hazard (wave action) or otherwise high flood-zone exposure. Treat as a prompt to review official FEMA flood maps and local hurricane evacuation guidance for this parish.","data_source":"OpenStreetMap building footprint + FEMA National Flood Hazard Layer (zone-based classification)","confidence_note":"Research-prototype classification derived from the public FEMA flood zone code for this location. It is a zone-based proxy, not a computed hydraulic or storm-surge model, and is not an official flood determination. Consult FEMA's Flood Map Service Center (msc.fema.gov) or your local floodplain administrator for official information.","building_height_m":5,"osm_way_id":1026769816},"geometry":{"type":"Polygon","coordinates":[[[-89.9778367,29.2432888],[-89.9777467,29.2431508],[-89.9777667,29.2431408],[-89.9776957,29.2430318],[-89.9773347,29.2432118],[-89.9774157,29.2433348],[-89.9774567,29.2433148],[-89.9775367,29.2434378],[-89.9778367,29.2432888]]]}},{"type":"Feature","properties":{"property_id":"GI-0045","address_label":"Structure near 29.2426, -89.9787","occupancy_type":"Unclassified structure (OSM building=yes)","flood_zone_code":"VE","sfha":true,"risk_level":"High","recommended_action":"Research-tier classification: coastal high-hazard (wave action) or otherwise high flood-zone exposure. Treat as a prompt to review official FEMA flood maps and local hurricane evacuation guidance for this parish.","data_source":"OpenStreetMap building footprint + FEMA National Flood Hazard Layer (zone-based classification)","confidence_note":"Research-prototype classification derived from the public FEMA flood zone code for this location. It is a zone-based proxy, not a computed hydraulic or storm-surge model, and is not an official flood determination. Consult FEMA's Flood Map Service Center (msc.fema.gov) or your local floodplain administrator for official information.","building_height_m":5,"osm_way_id":1027058532},"geometry":{"type":"Polygon","coordinates":[[[-89.9788032,29.2426159],[-89.9787142,29.2424519],[-89.9786122,29.2424939],[-89.9787012,29.2426579],[-89.9788032,29.2426159]]]}},{"type":"Feature","properties":{"property_id":"GI-0046","address_label":"Structure near 29.2423, -89.9787","occupancy_type":"Unclassified structure (OSM building=yes)","flood_zone_code":"VE","sfha":true,"risk_level":"High","recommended_action":"Research-tier classification: coastal high-hazard (wave action) or otherwise high flood-zone exposure. Treat as a prompt to review official FEMA flood maps and local hurricane evacuation guidance for this parish.","data_source":"OpenStreetMap building footprint + FEMA National Flood Hazard Layer (zone-based classification)","confidence_note":"Research-prototype classification derived from the public FEMA flood zone code for this location. It is a zone-based proxy, not a computed hydraulic or storm-surge model, and is not an official flood determination. Consult FEMA's Flood Map Service Center (msc.fema.gov) or your local floodplain administrator for official information.","building_height_m":5,"osm_way_id":1027058533},"geometry":{"type":"Polygon","coordinates":[[[-89.9786588,29.2423335],[-89.9787178,29.2423315],[-89.9787158,29.2422935],[-89.9786568,29.2422955],[-89.9786588,29.2423335]]]}},{"type":"Feature","properties":{"property_id":"GI-0047","address_label":"Structure near 29.2431, -89.9790","occupancy_type":"Unclassified structure (OSM building=yes)","flood_zone_code":"VE","sfha":true,"risk_level":"High","recommended_action":"Research-tier classification: coastal high-hazard (wave action) or otherwise high flood-zone exposure. Treat as a prompt to review official FEMA flood maps and local hurricane evacuation guidance for this parish.","data_source":"OpenStreetMap building footprint + FEMA National Flood Hazard Layer (zone-based classification)","confidence_note":"Research-prototype classification derived from the public FEMA flood zone code for this location. It is a zone-based proxy, not a computed hydraulic or storm-surge model, and is not an official flood determination. Consult FEMA's Flood Map Service Center (msc.fema.gov) or your local floodplain administrator for official information.","building_height_m":5,"osm_way_id":1027058534},"geometry":{"type":"Polygon","coordinates":[[[-89.9791012,29.2430627],[-89.9789422,29.2431317],[-89.9789832,29.2432037],[-89.9791422,29.2431347],[-89.9791012,29.2430627]]]}},{"type":"Feature","properties":{"property_id":"GI-0048","address_label":"Structure near 29.2433, -89.9791","occupancy_type":"Unclassified structure (OSM building=yes)","flood_zone_code":"VE","sfha":true,"risk_level":"High","recommended_action":"Research-tier classification: coastal high-hazard (wave action) or otherwise high flood-zone exposure. Treat as a prompt to review official FEMA flood maps and local hurricane evacuation guidance for this parish.","data_source":"OpenStreetMap building footprint + FEMA National Flood Hazard Layer (zone-based classification)","confidence_note":"Research-prototype classification derived from the public FEMA flood zone code for this location. It is a zone-based proxy, not a computed hydraulic or storm-surge model, and is not an official flood determination. Consult FEMA's Flood Map Service Center (msc.fema.gov) or your local floodplain administrator for official information.","building_height_m":5,"osm_way_id":1027058535},"geometry":{"type":"Polygon","coordinates":[[[-89.9790143,29.2433447],[-89.9790593,29.2434237],[-89.9792613,29.2433357],[-89.9792163,29.2432567],[-89.9790143,29.2433447]]]}},{"type":"Feature","properties":{"property_id":"GI-0049","address_label":"Structure near 29.2435, -89.9791","occupancy_type":"Unclassified structure (OSM building=yes)","flood_zone_code":"VE","sfha":true,"risk_level":"High","recommended_action":"Research-tier classification: coastal high-hazard (wave action) or otherwise high flood-zone exposure. Treat as a prompt to review official FEMA flood maps and local hurricane evacuation guidance for this parish.","data_source":"OpenStreetMap building footprint + FEMA National Flood Hazard Layer (zone-based classification)","confidence_note":"Research-prototype classification derived from the public FEMA flood zone code for this location. It is a zone-based proxy, not a computed hydraulic or storm-surge model, and is not an official flood determination. Consult FEMA's Flood Map Service Center (msc.fema.gov) or your local floodplain administrator for official information.","building_height_m":5,"osm_way_id":1027058536},"geometry":{"type":"Polygon","coordinates":[[[-89.9791973,29.2434448],[-89.9790573,29.2434978],[-89.9790933,29.2435708],[-89.9792333,29.2435178],[-89.9791973,29.2434448]]]}},{"type":"Feature","properties":{"property_id":"GI-0050","address_label":"Structure near 29.2438, -89.9793","occupancy_type":"Unclassified structure (OSM building=yes)","flood_zone_code":"VE","sfha":true,"risk_level":"High","recommended_action":"Research-tier classification: coastal high-hazard (wave action) or otherwise high flood-zone exposure. Treat as a prompt to review official FEMA flood maps and local hurricane evacuation guidance for this parish.","data_source":"OpenStreetMap building footprint + FEMA National Flood Hazard Layer (zone-based classification)","confidence_note":"Research-prototype classification derived from the public FEMA flood zone code for this location. It is a zone-based proxy, not a computed hydraulic or storm-surge model, and is not an official flood determination. Consult FEMA's Flood Map Service Center (msc.fema.gov) or your local floodplain administrator for official information.","building_height_m":5,"osm_way_id":1027058537},"geometry":{"type":"Polygon","coordinates":[[[-89.9793963,29.2437515],[-89.9793513,29.2436835],[-89.9792113,29.2437535],[-89.9792573,29.2438225],[-89.9793963,29.2437515]]]}},{"type":"Feature","properties":{"property_id":"GI-0051","address_label":"Structure near 29.2439, -89.9786","occupancy_type":"Unclassified structure (OSM building=yes)","flood_zone_code":"VE","sfha":true,"risk_level":"High","recommended_action":"Research-tier classification: coastal high-hazard (wave action) or otherwise high flood-zone exposure. Treat as a prompt to review official FEMA flood maps and local hurricane evacuation guidance for this parish.","data_source":"OpenStreetMap building footprint + FEMA National Flood Hazard Layer (zone-based classification)","confidence_note":"Research-prototype classification derived from the public FEMA flood zone code for this location. It is a zone-based proxy, not a computed hydraulic or storm-surge model, and is not an official flood determination. Consult FEMA's Flood Map Service Center (msc.fema.gov) or your local floodplain administrator for official information.","building_height_m":5,"osm_way_id":1027058538},"geometry":{"type":"Polygon","coordinates":[[[-89.9786483,29.2438475],[-89.9785333,29.2438965],[-89.9785683,29.2439585],[-89.9786833,29.2439095],[-89.9786483,29.2438475]]]}},{"type":"Feature","properties":{"property_id":"GI-0052","address_label":"Structure near 29.2441, -89.9786","occupancy_type":"Unclassified structure (OSM building=yes)","flood_zone_code":"VE","sfha":true,"risk_level":"High","recommended_action":"Research-tier classification: coastal high-hazard (wave action) or otherwise high flood-zone exposure. Treat as a prompt to review official FEMA flood maps and local hurricane evacuation guidance for this parish.","data_source":"OpenStreetMap building footprint + FEMA National Flood Hazard Layer (zone-based classification)","confidence_note":"Research-prototype classification derived from the public FEMA flood zone code for this location. It is a zone-based proxy, not a computed hydraulic or storm-surge model, and is not an official flood determination. Consult FEMA's Flood Map Service Center (msc.fema.gov) or your local floodplain administrator for official information.","building_height_m":5,"osm_way_id":1027058539},"geometry":{"type":"Polygon","coordinates":[[[-89.9786552,29.2440171],[-89.9786042,29.2440311],[-89.9786292,29.2441001],[-89.9786802,29.2440861],[-89.9786552,29.2440171]]]}},{"type":"Feature","properties":{"property_id":"GI-0053","address_label":"Structure near 29.2434, -89.9895","occupancy_type":"Unclassified structure (OSM building=yes)","flood_zone_code":"VE","sfha":true,"risk_level":"High","recommended_action":"Research-tier classification: coastal high-hazard (wave action) or otherwise high flood-zone exposure. Treat as a prompt to review official FEMA flood maps and local hurricane evacuation guidance for this parish.","data_source":"OpenStreetMap building footprint + FEMA National Flood Hazard Layer (zone-based classification)","confidence_note":"Research-prototype classification derived from the public FEMA flood zone code for this location. It is a zone-based proxy, not a computed hydraulic or storm-surge model, and is not an official flood determination. Consult FEMA's Flood Map Service Center (msc.fema.gov) or your local floodplain administrator for official information.","building_height_m":5,"osm_way_id":1066811637},"geometry":{"type":"Polygon","coordinates":[[[-89.989457,29.2434363],[-89.989447,29.2434207],[-89.9894114,29.243438],[-89.9893669,29.2433684],[-89.9895018,29.2433028],[-89.9895072,29.2433112],[-89.9895382,29.2432961],[-89.9895873,29.2433729],[-89.989457,29.2434363]]]}},{"type":"Feature","properties":{"property_id":"GI-0054","address_label":"Structure near 29.2426, -89.9892","occupancy_type":"Unclassified structure (OSM building=yes)","flood_zone_code":"VE","sfha":true,"risk_level":"High","recommended_action":"Research-tier classification: coastal high-hazard (wave action) or otherwise high flood-zone exposure. Treat as a prompt to review official FEMA flood maps and local hurricane evacuation guidance for this parish.","data_source":"OpenStreetMap building footprint + FEMA National Flood Hazard Layer (zone-based classification)","confidence_note":"Research-prototype classification derived from the public FEMA flood zone code for this location. It is a zone-based proxy, not a computed hydraulic or storm-surge model, and is not an official flood determination. Consult FEMA's Flood Map Service Center (msc.fema.gov) or your local floodplain administrator for official information.","building_height_m":5,"osm_way_id":1066811638},"geometry":{"type":"Polygon","coordinates":[[[-89.9891461,29.242629],[-89.989114,29.242573],[-89.9891745,29.2425466],[-89.9892066,29.2426026],[-89.9891461,29.242629]]]}},{"type":"Feature","properties":{"property_id":"GI-0055","address_label":"Structure near 29.2396, -89.9896","occupancy_type":"Unclassified structure (OSM building=yes)","flood_zone_code":"VE","sfha":true,"risk_level":"High","recommended_action":"Research-tier classification: coastal high-hazard (wave action) or otherwise high flood-zone exposure. Treat as a prompt to review official FEMA flood maps and local hurricane evacuation guidance for this parish.","data_source":"OpenStreetMap building footprint + FEMA National Flood Hazard Layer (zone-based classification)","confidence_note":"Research-prototype classification derived from the public FEMA flood zone code for this location. It is a zone-based proxy, not a computed hydraulic or storm-surge model, and is not an official flood determination. Consult FEMA's Flood Map Service Center (msc.fema.gov) or your local floodplain administrator for official information.","building_height_m":5,"osm_way_id":1066811640},"geometry":{"type":"Polygon","coordinates":[[[-89.9896356,29.2397716],[-89.9894539,29.2395464],[-89.989586,29.2394653],[-89.9897676,29.2396904],[-89.9896356,29.2397716]]]}},{"type":"Feature","properties":{"property_id":"GI-0056","address_label":"Structure near 29.2401, -89.9893","occupancy_type":"Unclassified structure (OSM building=yes)","flood_zone_code":"VE","sfha":true,"risk_level":"High","recommended_action":"Research-tier classification: coastal high-hazard (wave action) or otherwise high flood-zone exposure. Treat as a prompt to review official FEMA flood maps and local hurricane evacuation guidance for this parish.","data_source":"OpenStreetMap building footprint + FEMA National Flood Hazard Layer (zone-based classification)","confidence_note":"Research-prototype classification derived from the public FEMA flood zone code for this location. It is a zone-based proxy, not a computed hydraulic or storm-surge model, and is not an official flood determination. Consult FEMA's Flood Map Service Center (msc.fema.gov) or your local floodplain administrator for official information.","building_height_m":5,"osm_way_id":1066811641},"geometry":{"type":"Polygon","coordinates":[[[-89.9892967,29.2401367],[-89.9892476,29.2400524],[-89.9893618,29.2400018],[-89.9894109,29.2400862],[-89.9892967,29.2401367]]]}},{"type":"Feature","properties":{"property_id":"GI-0057","address_label":"Structure near 29.2400, -89.9892","occupancy_type":"Unclassified structure (OSM building=yes)","flood_zone_code":"VE","sfha":true,"risk_level":"High","recommended_action":"Research-tier classification: coastal high-hazard (wave action) or otherwise high flood-zone exposure. Treat as a prompt to review official FEMA flood maps and local hurricane evacuation guidance for this parish.","data_source":"OpenStreetMap building footprint + FEMA National Flood Hazard Layer (zone-based classification)","confidence_note":"Research-prototype classification derived from the public FEMA flood zone code for this location. It is a zone-based proxy, not a computed hydraulic or storm-surge model, and is not an official flood determination. Consult FEMA's Flood Map Service Center (msc.fema.gov) or your local floodplain administrator for official information.","building_height_m":5,"osm_way_id":1066811642},"geometry":{"type":"Polygon","coordinates":[[[-89.9891867,29.2400262],[-89.9891419,29.2399492],[-89.9892547,29.2398992],[-89.9892996,29.2399761],[-89.9891867,29.2400262]]]}},{"type":"Feature","properties":{"property_id":"GI-0058","address_label":"Structure near 29.2398, -89.9892","occupancy_type":"Unclassified structure (OSM building=yes)","flood_zone_code":"VE","sfha":true,"risk_level":"High","recommended_action":"Research-tier classification: coastal high-hazard (wave action) or otherwise high flood-zone exposure. Treat as a prompt to review official FEMA flood maps and local hurricane evacuation guidance for this parish.","data_source":"OpenStreetMap building footprint + FEMA National Flood Hazard Layer (zone-based classification)","confidence_note":"Research-prototype classification derived from the public FEMA flood zone code for this location. It is a zone-based proxy, not a computed hydraulic or storm-surge model, and is not an official flood determination. Consult FEMA's Flood Map Service Center (msc.fema.gov) or your local floodplain administrator for official information.","building_height_m":5,"osm_way_id":1066811643},"geometry":{"type":"Polygon","coordinates":[[[-89.9891178,29.2399281],[-89.9890555,29.23982],[-89.9892205,29.2397475],[-89.9892829,29.2398556],[-89.9891178,29.2399281]]]}},{"type":"Feature","properties":{"property_id":"GI-0059","address_label":"Structure near 29.2393, -89.9897","occupancy_type":"Unclassified structure (OSM building=yes)","flood_zone_code":"VE","sfha":true,"risk_level":"High","recommended_action":"Research-tier classification: coastal high-hazard (wave action) or otherwise high flood-zone exposure. Treat as a prompt to review official FEMA flood maps and local hurricane evacuation guidance for this parish.","data_source":"OpenStreetMap building footprint + FEMA National Flood Hazard Layer (zone-based classification)","confidence_note":"Research-prototype classification derived from the public FEMA flood zone code for this location. It is a zone-based proxy, not a computed hydraulic or storm-surge model, and is not an official flood determination. Consult FEMA's Flood Map Service Center (msc.fema.gov) or your local floodplain administrator for official information.","building_height_m":5,"osm_way_id":1066811644},"geometry":{"type":"Polygon","coordinates":[[[-89.9895793,29.2392803],[-89.9897623,29.2391702],[-89.9898039,29.2392502],[-89.9896506,29.2393424],[-89.9895793,29.2392803]]]}},{"type":"Feature","properties":{"property_id":"GI-0060","address_label":"Structure near 29.2428, -89.9891","occupancy_type":"Unclassified structure (OSM building=yes)","flood_zone_code":"VE","sfha":true,"risk_level":"High","recommended_action":"Research-tier classification: coastal high-hazard (wave action) or otherwise high flood-zone exposure. Treat as a prompt to review official FEMA flood maps and local hurricane evacuation guidance for this parish.","data_source":"OpenStreetMap building footprint + FEMA National Flood Hazard Layer (zone-based classification)","confidence_note":"Research-prototype classification derived from the public FEMA flood zone code for this location. It is a zone-based proxy, not a computed hydraulic or storm-surge model, and is not an official flood determination. Consult FEMA's Flood Map Service Center (msc.fema.gov) or your local floodplain administrator for official information.","building_height_m":5,"osm_way_id":1066811653},"geometry":{"type":"Polygon","coordinates":[[[-89.9891641,29.2428598],[-89.989138,29.2428186],[-89.989068,29.2428524],[-89.9890374,29.2428041],[-89.9890625,29.242792],[-89.9890558,29.2427814],[-89.9891531,29.2427345],[-89.9891664,29.2427556],[-89.9892564,29.2427122],[-89.9893064,29.2427912],[-89.9891641,29.2428598]]]}},{"type":"Feature","properties":{"property_id":"GI-0061","address_label":"Structure near 29.2386, -89.9891","occupancy_type":"Unclassified structure (OSM building=yes)","flood_zone_code":"VE","sfha":true,"risk_level":"High","recommended_action":"Research-tier classification: coastal high-hazard (wave action) or otherwise high flood-zone exposure. Treat as a prompt to review official FEMA flood maps and local hurricane evacuation guidance for this parish.","data_source":"OpenStreetMap building footprint + FEMA National Flood Hazard Layer (zone-based classification)","confidence_note":"Research-prototype classification derived from the public FEMA flood zone code for this location. It is a zone-based proxy, not a computed hydraulic or storm-surge model, and is not an official flood determination. Consult FEMA's Flood Map Service Center (msc.fema.gov) or your local floodplain administrator for official information.","building_height_m":5,"osm_way_id":1066811668},"geometry":{"type":"Polygon","coordinates":[[[-89.989054,29.2387031],[-89.9890005,29.2386139],[-89.9890663,29.2385839],[-89.9891197,29.2386731],[-89.989054,29.2387031]]]}},{"type":"Feature","properties":{"property_id":"GI-0062","address_label":"Structure near 29.2388, -89.9891","occupancy_type":"Unclassified structure (OSM building=yes)","flood_zone_code":"VE","sfha":true,"risk_level":"High","recommended_action":"Research-tier classification: coastal high-hazard (wave action) or otherwise high flood-zone exposure. Treat as a prompt to review official FEMA flood maps and local hurricane evacuation guidance for this parish.","data_source":"OpenStreetMap building footprint + FEMA National Flood Hazard Layer (zone-based classification)","confidence_note":"Research-prototype classification derived from the public FEMA flood zone code for this location. It is a zone-based proxy, not a computed hydraulic or storm-surge model, and is not an official flood determination. Consult FEMA's Flood Map Service Center (msc.fema.gov) or your local floodplain administrator for official information.","building_height_m":5,"osm_way_id":1066811669},"geometry":{"type":"Polygon","coordinates":[[[-89.9891139,29.2388061],[-89.9890689,29.2387289],[-89.9891439,29.2386955],[-89.989189,29.2387728],[-89.9891139,29.2388061]]]}},{"type":"Feature","properties":{"property_id":"GI-0063","address_label":"Structure near 29.2404, -89.9894","occupancy_type":"Unclassified structure (OSM building=yes)","flood_zone_code":"VE","sfha":true,"risk_level":"High","recommended_action":"Research-tier classification: coastal high-hazard (wave action) or otherwise high flood-zone exposure. Treat as a prompt to review official FEMA flood maps and local hurricane evacuation guidance for this parish.","data_source":"OpenStreetMap building footprint + FEMA National Flood Hazard Layer (zone-based classification)","confidence_note":"Research-prototype classification derived from the public FEMA flood zone code for this location. It is a zone-based proxy, not a computed hydraulic or storm-surge model, and is not an official flood determination. Consult FEMA's Flood Map Service Center (msc.fema.gov) or your local floodplain administrator for official information.","building_height_m":5,"osm_way_id":1066811671},"geometry":{"type":"Polygon","coordinates":[[[-89.9895436,29.2403537],[-89.9893794,29.2404313],[-89.9893304,29.2403524],[-89.9894947,29.2402748],[-89.9895436,29.2403537]]]}},{"type":"Feature","properties":{"property_id":"GI-0064","address_label":"Structure near 29.2391, -89.9901","occupancy_type":"Unclassified structure (OSM building=yes)","flood_zone_code":"VE","sfha":true,"risk_level":"High","recommended_action":"Research-tier classification: coastal high-hazard (wave action) or otherwise high flood-zone exposure. Treat as a prompt to review official FEMA flood maps and local hurricane evacuation guidance for this parish.","data_source":"OpenStreetMap building footprint + FEMA National Flood Hazard Layer (zone-based classification)","confidence_note":"Research-prototype classification derived from the public FEMA flood zone code for this location. It is a zone-based proxy, not a computed hydraulic or storm-surge model, and is not an official flood determination. Consult FEMA's Flood Map Service Center (msc.fema.gov) or your local floodplain administrator for official information.","building_height_m":5,"osm_way_id":1066811684},"geometry":{"type":"Polygon","coordinates":[[[-89.9899594,29.2390921],[-89.9900918,29.2389838],[-89.9901621,29.2390492],[-89.9900297,29.2391575],[-89.9899594,29.2390921]]]}},{"type":"Feature","properties":{"property_id":"GI-0065","address_label":"Structure near 29.2390, -89.9899","occupancy_type":"Unclassified structure (OSM building=yes)","flood_zone_code":"VE","sfha":true,"risk_level":"High","recommended_action":"Research-tier classification: coastal high-hazard (wave action) or otherwise high flood-zone exposure. Treat as a prompt to review official FEMA flood maps and local hurricane evacuation guidance for this parish.","data_source":"OpenStreetMap building footprint + FEMA National Flood Hazard Layer (zone-based classification)","confidence_note":"Research-prototype classification derived from the public FEMA flood zone code for this location. It is a zone-based proxy, not a computed hydraulic or storm-surge model, and is not an official flood determination. Consult FEMA's Flood Map Service Center (msc.fema.gov) or your local floodplain administrator for official information.","building_height_m":5,"osm_way_id":1066811686},"geometry":{"type":"Polygon","coordinates":[[[-89.9898192,29.2389738],[-89.9899029,29.2389103],[-89.9899671,29.2389748],[-89.9898834,29.2390382],[-89.9898192,29.2389738]]]}},{"type":"Feature","properties":{"property_id":"GI-0066","address_label":"Structure near 29.2388, -89.9897","occupancy_type":"Unclassified structure (OSM building=yes)","flood_zone_code":"VE","sfha":true,"risk_level":"High","recommended_action":"Research-tier classification: coastal high-hazard (wave action) or otherwise high flood-zone exposure. Treat as a prompt to review official FEMA flood maps and local hurricane evacuation guidance for this parish.","data_source":"OpenStreetMap building footprint + FEMA National Flood Hazard Layer (zone-based classification)","confidence_note":"Research-prototype classification derived from the public FEMA flood zone code for this location. It is a zone-based proxy, not a computed hydraulic or storm-surge model, and is not an official flood determination. Consult FEMA's Flood Map Service Center (msc.fema.gov) or your local floodplain administrator for official information.","building_height_m":5,"osm_way_id":1066811687},"geometry":{"type":"Polygon","coordinates":[[[-89.9896071,29.2387946],[-89.9896857,29.2387373],[-89.9897653,29.2388203],[-89.9896867,29.2388777],[-89.9896071,29.2387946]]]}},{"type":"Feature","properties":{"property_id":"GI-0067","address_label":"Structure near 29.2387, -89.9899","occupancy_type":"Unclassified structure (OSM building=yes)","flood_zone_code":"VE","sfha":true,"risk_level":"High","recommended_action":"Research-tier classification: coastal high-hazard (wave action) or otherwise high flood-zone exposure. Treat as a prompt to review official FEMA flood maps and local hurricane evacuation guidance for this parish.","data_source":"OpenStreetMap building footprint + FEMA National Flood Hazard Layer (zone-based classification)","confidence_note":"Research-prototype classification derived from the public FEMA flood zone code for this location. It is a zone-based proxy, not a computed hydraulic or storm-surge model, and is not an official flood determination. Consult FEMA's Flood Map Service Center (msc.fema.gov) or your local floodplain administrator for official information.","building_height_m":5,"osm_way_id":1066811688},"geometry":{"type":"Polygon","coordinates":[[[-89.9898466,29.2386636],[-89.9899359,29.2386191],[-89.9899966,29.2387118],[-89.9899072,29.2387564],[-89.9898466,29.2386636]]]}},{"type":"Feature","properties":{"property_id":"GI-0068","address_label":"Structure near 29.2431, -89.9895","occupancy_type":"Unclassified structure (OSM building=yes)","flood_zone_code":"VE","sfha":true,"risk_level":"High","recommended_action":"Research-tier classification: coastal high-hazard (wave action) or otherwise high flood-zone exposure. Treat as a prompt to review official FEMA flood maps and local hurricane evacuation guidance for this parish.","data_source":"OpenStreetMap building footprint + FEMA National Flood Hazard Layer (zone-based classification)","confidence_note":"Research-prototype classification derived from the public FEMA flood zone code for this location. It is a zone-based proxy, not a computed hydraulic or storm-surge model, and is not an official flood determination. Consult FEMA's Flood Map Service Center (msc.fema.gov) or your local floodplain administrator for official information.","building_height_m":5,"osm_way_id":1066811693},"geometry":{"type":"Polygon","coordinates":[[[-89.9894007,29.243149],[-89.9893419,29.2430524],[-89.9895057,29.2429764],[-89.9895646,29.2430731],[-89.9894007,29.243149]]]}},{"type":"Feature","properties":{"property_id":"GI-0069","address_label":"144 Chichi Lane","occupancy_type":"Unclassified structure (OSM building=yes)","flood_zone_code":"VE","sfha":true,"risk_level":"High","recommended_action":"Research-tier classification: coastal high-hazard (wave action) or otherwise high flood-zone exposure. Treat as a prompt to review official FEMA flood maps and local hurricane evacuation guidance for this parish.","data_source":"OpenStreetMap building footprint + FEMA National Flood Hazard Layer (zone-based classification)","confidence_note":"Research-prototype classification derived from the public FEMA flood zone code for this location. It is a zone-based proxy, not a computed hydraulic or storm-surge model, and is not an official flood determination. Consult FEMA's Flood Map Service Center (msc.fema.gov) or your local floodplain administrator for official information.","building_height_m":5,"osm_way_id":1066811694},"geometry":{"type":"Polygon","coordinates":[[[-89.9890727,29.2436086],[-89.9890278,29.2435304],[-89.9891484,29.2434776],[-89.9891934,29.2435558],[-89.9890727,29.2436086]]]}},{"type":"Feature","properties":{"property_id":"GI-0070","address_label":"Structure near 29.2441, -89.9896","occupancy_type":"Unclassified structure (OSM building=yes)","flood_zone_code":"VE","sfha":true,"risk_level":"High","recommended_action":"Research-tier classification: coastal high-hazard (wave action) or otherwise high flood-zone exposure. Treat as a prompt to review official FEMA flood maps and local hurricane evacuation guidance for this parish.","data_source":"OpenStreetMap building footprint + FEMA National Flood Hazard Layer (zone-based classification)","confidence_note":"Research-prototype classification derived from the public FEMA flood zone code for this location. It is a zone-based proxy, not a computed hydraulic or storm-surge model, and is not an official flood determination. Consult FEMA's Flood Map Service Center (msc.fema.gov) or your local floodplain administrator for official information.","building_height_m":5,"osm_way_id":1066811695},"geometry":{"type":"Polygon","coordinates":[[[-89.9895568,29.2441668],[-89.9895549,29.244167],[-89.9895529,29.244167],[-89.9895509,29.2441669],[-89.9895489,29.2441667],[-89.9895469,29.2441663],[-89.989545,29.2441658],[-89.9895431,29.2441652],[-89.9895413,29.2441645],[-89.9895395,29.2441636],[-89.9895378,29.2441626],[-89.9895361,29.2441614],[-89.9895345,29.2441602],[-89.9895331,29.2441589],[-89.9895317,29.2441574],[-89.9895304,29.2441559],[-89.9895293,29.2441543],[-89.9895282,29.2441526],[-89.9895273,29.2441508],[-89.9895265,29.244149],[-89.9895258,29.2441471],[-89.9895252,29.2441452],[-89.9895248,29.2441433],[-89.9895245,29.2441413],[-89.9895244,29.2441393],[-89.9895244,29.2441373],[-89.9895245,29.2441353],[-89.9895248,29.2441333],[-89.9895252,29.2441314],[-89.9895258,29.2441295],[-89.9895265,29.2441276],[-89.9895273,29.2441258],[-89.9895282,29.244124],[-89.9895293,29.2441223],[-89.9895304,29.2441207],[-89.9895317,29.2441192],[-89.9895331,29.2441177],[-89.9895345,29.2441164],[-89.9895361,29.2441152],[-89.9895378,29.244114],[-89.9895395,29.244113],[-89.9895413,29.2441122],[-89.9895431,29.2441114],[-89.989545,29.2441108],[-89.9895469,29.2441103],[-89.9895489,29.2441099],[-89.9895509,29.2441097],[-89.9895529,29.2441096],[-89.9895549,29.2441097],[-89.9895568,29.2441098],[-89.9895588,29.2441097],[-89.9895608,29.2441096],[-89.9895628,29.2441097],[-89.9895648,29.2441099],[-89.9895668,29.2441103],[-89.9895687,29.2441108],[-89.9895706,29.2441114],[-89.9895724,29.2441122],[-89.9895742,29.244113],[-89.9895759,29.244114],[-89.9895776,29.2441152],[-89.9895791,29.2441164],[-89.9895806,29.2441177],[-89.989582,29.2441192],[-89.9895833,29.2441207],[-89.9895844,29.2441223],[-89.9895855,29.244124],[-89.9895864,29.2441258],[-89.9895872,29.2441276],[-89.9895879,29.2441295],[-89.9895885,29.2441314],[-89.9895889,29.2441333],[-89.9895891,29.2441353],[-89.9895893,29.2441373],[-89.9895893,29.2441393],[-89.9895891,29.2441413],[-89.9895889,29.2441433],[-89.9895885,29.2441452],[-89.9895879,29.2441471],[-89.9895872,29.244149],[-89.9895864,29.2441508],[-89.9895855,29.2441526],[-89.9895844,29.2441543],[-89.9895833,29.2441559],[-89.989582,29.2441574],[-89.9895806,29.2441589],[-89.9895791,29.2441602],[-89.9895776,29.2441614],[-89.9895759,29.2441626],[-89.9895742,29.2441636],[-89.9895724,29.2441645],[-89.9895706,29.2441652],[-89.9895687,29.2441658],[-89.9895668,29.2441663],[-89.9895648,29.2441667],[-89.9895628,29.2441669],[-89.9895608,29.244167],[-89.9895588,29.244167],[-89.9895568,29.2441668]]]}},{"type":"Feature","properties":{"property_id":"GI-0071","address_label":"Structure near 29.2399, -89.9900","occupancy_type":"Unclassified structure (OSM building=yes)","flood_zone_code":"VE","sfha":true,"risk_level":"High","recommended_action":"Research-tier classification: coastal high-hazard (wave action) or otherwise high flood-zone exposure. Treat as a prompt to review official FEMA flood maps and local hurricane evacuation guidance for this parish.","data_source":"OpenStreetMap building footprint + FEMA National Flood Hazard Layer (zone-based classification)","confidence_note":"Research-prototype classification derived from the public FEMA flood zone code for this location. It is a zone-based proxy, not a computed hydraulic or storm-surge model, and is not an official flood determination. Consult FEMA's Flood Map Service Center (msc.fema.gov) or your local floodplain administrator for official information.","building_height_m":5,"osm_way_id":1066811696},"geometry":{"type":"Polygon","coordinates":[[[-89.9899479,29.2398493],[-89.9900982,29.2397844],[-89.9901446,29.2398663],[-89.9899943,29.2399312],[-89.9899479,29.2398493]]]}},{"type":"Feature","properties":{"property_id":"GI-0072","address_label":"Structure near 29.2413, -89.9901","occupancy_type":"Unclassified structure (OSM building=yes)","flood_zone_code":"VE","sfha":true,"risk_level":"High","recommended_action":"Research-tier classification: coastal high-hazard (wave action) or otherwise high flood-zone exposure. Treat as a prompt to review official FEMA flood maps and local hurricane evacuation guidance for this parish.","data_source":"OpenStreetMap building footprint + FEMA National Flood Hazard Layer (zone-based classification)","confidence_note":"Research-prototype classification derived from the public FEMA flood zone code for this location. It is a zone-based proxy, not a computed hydraulic or storm-surge model, and is not an official flood determination. Consult FEMA's Flood Map Service Center (msc.fema.gov) or your local floodplain administrator for official information.","building_height_m":5,"osm_way_id":1066811723},"geometry":{"type":"Polygon","coordinates":[[[-89.989906,29.2413961],[-89.9900274,29.2413411],[-89.9900067,29.2413062],[-89.9900595,29.2412822],[-89.9900815,29.241319],[-89.9901657,29.2412808],[-89.9902167,29.2413664],[-89.9899582,29.2414837],[-89.989906,29.2413961]]]}},{"type":"Feature","properties":{"property_id":"GI-0073","address_label":"Structure near 29.2417, -89.9894","occupancy_type":"Unclassified structure (OSM building=yes)","flood_zone_code":"VE","sfha":true,"risk_level":"High","recommended_action":"Research-tier classification: coastal high-hazard (wave action) or otherwise high flood-zone exposure. Treat as a prompt to review official FEMA flood maps and local hurricane evacuation guidance for this parish.","data_source":"OpenStreetMap building footprint + FEMA National Flood Hazard Layer (zone-based classification)","confidence_note":"Research-prototype classification derived from the public FEMA flood zone code for this location. It is a zone-based proxy, not a computed hydraulic or storm-surge model, and is not an official flood determination. Consult FEMA's Flood Map Service Center (msc.fema.gov) or your local floodplain administrator for official information.","building_height_m":5,"osm_way_id":1066811728},"geometry":{"type":"Polygon","coordinates":[[[-89.9893507,29.2416668],[-89.9894242,29.2416316],[-89.9895272,29.2417955],[-89.9894537,29.2418307],[-89.9893507,29.2416668]]]}},{"type":"Feature","properties":{"property_id":"GI-0074","address_label":"Structure near 29.2420, -89.9896","occupancy_type":"Unclassified structure (OSM building=yes)","flood_zone_code":"VE","sfha":true,"risk_level":"High","recommended_action":"Research-tier classification: coastal high-hazard (wave action) or otherwise high flood-zone exposure. Treat as a prompt to review official FEMA flood maps and local hurricane evacuation guidance for this parish.","data_source":"OpenStreetMap building footprint + FEMA National Flood Hazard Layer (zone-based classification)","confidence_note":"Research-prototype classification derived from the public FEMA flood zone code for this location. It is a zone-based proxy, not a computed hydraulic or storm-surge model, and is not an official flood determination. Consult FEMA's Flood Map Service Center (msc.fema.gov) or your local floodplain administrator for official information.","building_height_m":5,"osm_way_id":1066811729},"geometry":{"type":"Polygon","coordinates":[[[-89.9895823,29.2420512],[-89.9895639,29.2420159],[-89.9895896,29.2420057],[-89.9895815,29.2419902],[-89.9896112,29.2419784],[-89.9896195,29.2419943],[-89.9896387,29.2419867],[-89.9896569,29.2420216],[-89.9895823,29.2420512]]]}},{"type":"Feature","properties":{"property_id":"GI-0075","address_label":"Structure near 29.2420, -89.9892","occupancy_type":"Unclassified structure (OSM building=yes)","flood_zone_code":"VE","sfha":true,"risk_level":"High","recommended_action":"Research-tier classification: coastal high-hazard (wave action) or otherwise high flood-zone exposure. Treat as a prompt to review official FEMA flood maps and local hurricane evacuation guidance for this parish.","data_source":"OpenStreetMap building footprint + FEMA National Flood Hazard Layer (zone-based classification)","confidence_note":"Research-prototype classification derived from the public FEMA flood zone code for this location. It is a zone-based proxy, not a computed hydraulic or storm-surge model, and is not an official flood determination. Consult FEMA's Flood Map Service Center (msc.fema.gov) or your local floodplain administrator for official information.","building_height_m":5,"osm_way_id":1066811730},"geometry":{"type":"Polygon","coordinates":[[[-89.9892394,29.2420296],[-89.9892292,29.2420094],[-89.989171,29.2420316],[-89.9891558,29.2420015],[-89.9891663,29.2419934],[-89.9891463,29.2419537],[-89.989182,29.24194],[-89.9892031,29.2419821],[-89.9892465,29.2419655],[-89.9892723,29.242017],[-89.9892394,29.2420296]]]}},{"type":"Feature","properties":{"property_id":"GI-0076","address_label":"Structure near 29.2425, -89.9891","occupancy_type":"Unclassified structure (OSM building=yes)","flood_zone_code":"VE","sfha":true,"risk_level":"High","recommended_action":"Research-tier classification: coastal high-hazard (wave action) or otherwise high flood-zone exposure. Treat as a prompt to review official FEMA flood maps and local hurricane evacuation guidance for this parish.","data_source":"OpenStreetMap building footprint + FEMA National Flood Hazard Layer (zone-based classification)","confidence_note":"Research-prototype classification derived from the public FEMA flood zone code for this location. It is a zone-based proxy, not a computed hydraulic or storm-surge model, and is not an official flood determination. Consult FEMA's Flood Map Service Center (msc.fema.gov) or your local floodplain administrator for official information.","building_height_m":5,"osm_way_id":1066811731},"geometry":{"type":"Polygon","coordinates":[[[-89.9890836,29.2425409],[-89.9891176,29.2425265],[-89.989069,29.2424392],[-89.9891221,29.2424167],[-89.9891734,29.2425089],[-89.989125,29.2425294],[-89.9891357,29.2425485],[-89.9890969,29.2425649],[-89.9890836,29.2425409]]]}},{"type":"Feature","properties":{"property_id":"GI-0077","address_label":"Structure near 29.2426, -89.9890","occupancy_type":"Unclassified structure (OSM building=yes)","flood_zone_code":"VE","sfha":true,"risk_level":"High","recommended_action":"Research-tier classification: coastal high-hazard (wave action) or otherwise high flood-zone exposure. Treat as a prompt to review official FEMA flood maps and local hurricane evacuation guidance for this parish.","data_source":"OpenStreetMap building footprint + FEMA National Flood Hazard Layer (zone-based classification)","confidence_note":"Research-prototype classification derived from the public FEMA flood zone code for this location. It is a zone-based proxy, not a computed hydraulic or storm-surge model, and is not an official flood determination. Consult FEMA's Flood Map Service Center (msc.fema.gov) or your local floodplain administrator for official information.","building_height_m":5,"osm_way_id":1066811732},"geometry":{"type":"Polygon","coordinates":[[[-89.9890127,29.2425984],[-89.9889911,29.2425601],[-89.9890434,29.2425378],[-89.9890649,29.2425761],[-89.9890127,29.2425984]]]}},{"type":"Feature","properties":{"property_id":"GI-0078","address_label":"Structure near 29.2352, -89.9900","occupancy_type":"Unclassified structure (OSM building=yes)","flood_zone_code":"VE","sfha":true,"risk_level":"High","recommended_action":"Research-tier classification: coastal high-hazard (wave action) or otherwise high flood-zone exposure. Treat as a prompt to review official FEMA flood maps and local hurricane evacuation guidance for this parish.","data_source":"OpenStreetMap building footprint + FEMA National Flood Hazard Layer (zone-based classification)","confidence_note":"Research-prototype classification derived from the public FEMA flood zone code for this location. It is a zone-based proxy, not a computed hydraulic or storm-surge model, and is not an official flood determination. Consult FEMA's Flood Map Service Center (msc.fema.gov) or your local floodplain administrator for official information.","building_height_m":5,"osm_way_id":1066811814},"geometry":{"type":"Polygon","coordinates":[[[-89.9899964,29.2352983],[-89.9899062,29.2351606],[-89.990002,29.2351129],[-89.9900922,29.2352505],[-89.9899964,29.2352983]]]}},{"type":"Feature","properties":{"property_id":"GI-0079","address_label":"Structure near 29.2379, -89.9892","occupancy_type":"Unclassified structure (OSM building=yes)","flood_zone_code":"VE","sfha":true,"risk_level":"High","recommended_action":"Research-tier classification: coastal high-hazard (wave action) or otherwise high flood-zone exposure. Treat as a prompt to review official FEMA flood maps and local hurricane evacuation guidance for this parish.","data_source":"OpenStreetMap building footprint + FEMA National Flood Hazard Layer (zone-based classification)","confidence_note":"Research-prototype classification derived from the public FEMA flood zone code for this location. It is a zone-based proxy, not a computed hydraulic or storm-surge model, and is not an official flood determination. Consult FEMA's Flood Map Service Center (msc.fema.gov) or your local floodplain administrator for official information.","building_height_m":5,"osm_way_id":1066811951},"geometry":{"type":"Polygon","coordinates":[[[-89.9891128,29.2379476],[-89.9891799,29.2379206],[-89.9891687,29.2378993],[-89.9892199,29.2378787],[-89.9892612,29.2379568],[-89.9891429,29.2380044],[-89.9891128,29.2379476]]]}},{"type":"Feature","properties":{"property_id":"GI-0080","address_label":"Structure near 29.2345, -89.9900","occupancy_type":"Unclassified structure (OSM building=yes)","flood_zone_code":"VE","sfha":true,"risk_level":"High","recommended_action":"Research-tier classification: coastal high-hazard (wave action) or otherwise high flood-zone exposure. Treat as a prompt to review official FEMA flood maps and local hurricane evacuation guidance for this parish.","data_source":"OpenStreetMap building footprint + FEMA National Flood Hazard Layer (zone-based classification)","confidence_note":"Research-prototype classification derived from the public FEMA flood zone code for this location. It is a zone-based proxy, not a computed hydraulic or storm-surge model, and is not an official flood determination. Consult FEMA's Flood Map Service Center (msc.fema.gov) or your local floodplain administrator for official information.","building_height_m":5,"osm_way_id":1066811952},"geometry":{"type":"Polygon","coordinates":[[[-89.989908,29.2345969],[-89.9898917,29.2346039],[-89.9898525,29.2345344],[-89.9898573,29.2345323],[-89.9898385,29.2344989],[-89.98993,29.2344596],[-89.9899503,29.2344954],[-89.9899868,29.2344797],[-89.9899941,29.2345031],[-89.9900043,29.2344987],[-89.9900152,29.2345179],[-89.9900065,29.2345217],[-89.9900197,29.2345451],[-89.990005,29.2345514],[-89.990055,29.2346401],[-89.9899563,29.2346825],[-89.989908,29.2345969]]]}},{"type":"Feature","properties":{"property_id":"GI-0081","address_label":"Structure near 29.2348, -89.9897","occupancy_type":"Unclassified structure (OSM building=yes)","flood_zone_code":"VE","sfha":true,"risk_level":"High","recommended_action":"Research-tier classification: coastal high-hazard (wave action) or otherwise high flood-zone exposure. Treat as a prompt to review official FEMA flood maps and local hurricane evacuation guidance for this parish.","data_source":"OpenStreetMap building footprint + FEMA National Flood Hazard Layer (zone-based classification)","confidence_note":"Research-prototype classification derived from the public FEMA flood zone code for this location. It is a zone-based proxy, not a computed hydraulic or storm-surge model, and is not an official flood determination. Consult FEMA's Flood Map Service Center (msc.fema.gov) or your local floodplain administrator for official information.","building_height_m":5,"osm_way_id":1066811953},"geometry":{"type":"Polygon","coordinates":[[[-89.9895132,29.2347633],[-89.9897268,29.2346483],[-89.9897995,29.2347511],[-89.9895859,29.2348661],[-89.9895132,29.2347633]]]}},{"type":"Feature","properties":{"property_id":"GI-0082","address_label":"Structure near 29.2354, -89.9896","occupancy_type":"Unclassified structure (OSM building=yes)","flood_zone_code":"VE","sfha":true,"risk_level":"High","recommended_action":"Research-tier classification: coastal high-hazard (wave action) or otherwise high flood-zone exposure. Treat as a prompt to review official FEMA flood maps and local hurricane evacuation guidance for this parish.","data_source":"OpenStreetMap building footprint + FEMA National Flood Hazard Layer (zone-based classification)","confidence_note":"Research-prototype classification derived from the public FEMA flood zone code for this location. It is a zone-based proxy, not a computed hydraulic or storm-surge model, and is not an official flood determination. Consult FEMA's Flood Map Service Center (msc.fema.gov) or your local floodplain administrator for official information.","building_height_m":5,"osm_way_id":1066811954},"geometry":{"type":"Polygon","coordinates":[[[-89.9895404,29.2353697],[-89.9896553,29.2353206],[-89.9897336,29.2354601],[-89.9896421,29.2354992],[-89.9896495,29.2355125],[-89.9896261,29.2355225],[-89.9895404,29.2353697]]]}},{"type":"Feature","properties":{"property_id":"GI-0083","address_label":"Structure near 29.2349, -89.9894","occupancy_type":"Unclassified structure (OSM building=yes)","flood_zone_code":"VE","sfha":true,"risk_level":"High","recommended_action":"Research-tier classification: coastal high-hazard (wave action) or otherwise high flood-zone exposure. Treat as a prompt to review official FEMA flood maps and local hurricane evacuation guidance for this parish.","data_source":"OpenStreetMap building footprint + FEMA National Flood Hazard Layer (zone-based classification)","confidence_note":"Research-prototype classification derived from the public FEMA flood zone code for this location. It is a zone-based proxy, not a computed hydraulic or storm-surge model, and is not an official flood determination. Consult FEMA's Flood Map Service Center (msc.fema.gov) or your local floodplain administrator for official information.","building_height_m":5,"osm_way_id":1066811955},"geometry":{"type":"Polygon","coordinates":[[[-89.9893328,29.2348424],[-89.9894098,29.2348134],[-89.9894772,29.2349496],[-89.9894002,29.2349786],[-89.9893328,29.2348424]]]}},{"type":"Feature","properties":{"property_id":"GI-0084","address_label":"Structure near 29.2350, -89.9892","occupancy_type":"Unclassified structure (OSM building=yes)","flood_zone_code":"VE","sfha":true,"risk_level":"High","recommended_action":"Research-tier classification: coastal high-hazard (wave action) or otherwise high flood-zone exposure. Treat as a prompt to review official FEMA flood maps and local hurricane evacuation guidance for this parish.","data_source":"OpenStreetMap building footprint + FEMA National Flood Hazard Layer (zone-based classification)","confidence_note":"Research-prototype classification derived from the public FEMA flood zone code for this location. It is a zone-based proxy, not a computed hydraulic or storm-surge model, and is not an official flood determination. Consult FEMA's Flood Map Service Center (msc.fema.gov) or your local floodplain administrator for official information.","building_height_m":5,"osm_way_id":1066811956},"geometry":{"type":"Polygon","coordinates":[[[-89.989091,29.2349703],[-89.9892165,29.2349022],[-89.9892494,29.2349483],[-89.9892414,29.2349527],[-89.9892957,29.2350289],[-89.9892579,29.2350494],[-89.989272,29.2350692],[-89.9892199,29.2350975],[-89.9892046,29.2350761],[-89.989177,29.235091],[-89.989091,29.2349703]]]}},{"type":"Feature","properties":{"property_id":"GI-0085","address_label":"Structure near 29.2364, -89.9890","occupancy_type":"Unclassified structure (OSM building=yes)","flood_zone_code":"VE","sfha":true,"risk_level":"High","recommended_action":"Research-tier classification: coastal high-hazard (wave action) or otherwise high flood-zone exposure. Treat as a prompt to review official FEMA flood maps and local hurricane evacuation guidance for this parish.","data_source":"OpenStreetMap building footprint + FEMA National Flood Hazard Layer (zone-based classification)","confidence_note":"Research-prototype classification derived from the public FEMA flood zone code for this location. It is a zone-based proxy, not a computed hydraulic or storm-surge model, and is not an official flood determination. Consult FEMA's Flood Map Service Center (msc.fema.gov) or your local floodplain administrator for official information.","building_height_m":5,"osm_way_id":1066811957},"geometry":{"type":"Polygon","coordinates":[[[-89.9890155,29.2364473],[-89.9890024,29.2364271],[-89.9890654,29.2363961],[-89.9890784,29.2364163],[-89.9890155,29.2364473]]]}},{"type":"Feature","properties":{"property_id":"GI-0086","address_label":"Structure near 29.2375, -89.9898","occupancy_type":"Unclassified structure (OSM building=yes)","flood_zone_code":"VE","sfha":true,"risk_level":"High","recommended_action":"Research-tier classification: coastal high-hazard (wave action) or otherwise high flood-zone exposure. Treat as a prompt to review official FEMA flood maps and local hurricane evacuation guidance for this parish.","data_source":"OpenStreetMap building footprint + FEMA National Flood Hazard Layer (zone-based classification)","confidence_note":"Research-prototype classification derived from the public FEMA flood zone code for this location. It is a zone-based proxy, not a computed hydraulic or storm-surge model, and is not an official flood determination. Consult FEMA's Flood Map Service Center (msc.fema.gov) or your local floodplain administrator for official information.","building_height_m":5,"osm_way_id":1066811970},"geometry":{"type":"Polygon","coordinates":[[[-89.9896858,29.2374882],[-89.9897807,29.2374546],[-89.9898209,29.2375408],[-89.989726,29.2375745],[-89.9896858,29.2374882]]]}},{"type":"Feature","properties":{"property_id":"GI-0087","address_label":"Structure near 29.2380, -89.9898","occupancy_type":"Unclassified structure (OSM building=yes)","flood_zone_code":"VE","sfha":true,"risk_level":"High","recommended_action":"Research-tier classification: coastal high-hazard (wave action) or otherwise high flood-zone exposure. Treat as a prompt to review official FEMA flood maps and local hurricane evacuation guidance for this parish.","data_source":"OpenStreetMap building footprint + FEMA National Flood Hazard Layer (zone-based classification)","confidence_note":"Research-prototype classification derived from the public FEMA flood zone code for this location. It is a zone-based proxy, not a computed hydraulic or storm-surge model, and is not an official flood determination. Consult FEMA's Flood Map Service Center (msc.fema.gov) or your local floodplain administrator for official information.","building_height_m":5,"osm_way_id":1066811974},"geometry":{"type":"Polygon","coordinates":[[[-89.9897749,29.2379465],[-89.9898639,29.2379085],[-89.9899192,29.2380073],[-89.9898302,29.2380452],[-89.9897749,29.2379465]]]}},{"type":"Feature","properties":{"property_id":"GI-0088","address_label":"Structure near 29.2376, -89.9896","occupancy_type":"Unclassified structure (OSM building=yes)","flood_zone_code":"VE","sfha":true,"risk_level":"High","recommended_action":"Research-tier classification: coastal high-hazard (wave action) or otherwise high flood-zone exposure. Treat as a prompt to review official FEMA flood maps and local hurricane evacuation guidance for this parish.","data_source":"OpenStreetMap building footprint + FEMA National Flood Hazard Layer (zone-based classification)","confidence_note":"Research-prototype classification derived from the public FEMA flood zone code for this location. It is a zone-based proxy, not a computed hydraulic or storm-surge model, and is not an official flood determination. Consult FEMA's Flood Map Service Center (msc.fema.gov) or your local floodplain administrator for official information.","building_height_m":5,"osm_way_id":1066811975},"geometry":{"type":"Polygon","coordinates":[[[-89.9895717,29.237588],[-89.9896613,29.2375524],[-89.9897122,29.2376501],[-89.9896226,29.2376857],[-89.9895717,29.237588]]]}},{"type":"Feature","properties":{"property_id":"GI-0089","address_label":"Structure near 29.2381, -89.9897","occupancy_type":"Unclassified structure (OSM building=yes)","flood_zone_code":"VE","sfha":true,"risk_level":"High","recommended_action":"Research-tier classification: coastal high-hazard (wave action) or otherwise high flood-zone exposure. Treat as a prompt to review official FEMA flood maps and local hurricane evacuation guidance for this parish.","data_source":"OpenStreetMap building footprint + FEMA National Flood Hazard Layer (zone-based classification)","confidence_note":"Research-prototype classification derived from the public FEMA flood zone code for this location. It is a zone-based proxy, not a computed hydraulic or storm-surge model, and is not an official flood determination. Consult FEMA's Flood Map Service Center (msc.fema.gov) or your local floodplain administrator for official information.","building_height_m":5,"osm_way_id":1066811976},"geometry":{"type":"Polygon","coordinates":[[[-89.9896422,29.2380248],[-89.9897279,29.2379874],[-89.9897871,29.2380906],[-89.9897013,29.2381281],[-89.9896422,29.2380248]]]}},{"type":"Feature","properties":{"property_id":"GI-0090","address_label":"Structure near 29.2377, -89.9895","occupancy_type":"Unclassified structure (OSM building=yes)","flood_zone_code":"VE","sfha":true,"risk_level":"High","recommended_action":"Research-tier classification: coastal high-hazard (wave action) or otherwise high flood-zone exposure. Treat as a prompt to review official FEMA flood maps and local hurricane evacuation guidance for this parish.","data_source":"OpenStreetMap building footprint + FEMA National Flood Hazard Layer (zone-based classification)","confidence_note":"Research-prototype classification derived from the public FEMA flood zone code for this location. It is a zone-based proxy, not a computed hydraulic or storm-surge model, and is not an official flood determination. Consult FEMA's Flood Map Service Center (msc.fema.gov) or your local floodplain administrator for official information.","building_height_m":5,"osm_way_id":1066811977},"geometry":{"type":"Polygon","coordinates":[[[-89.9895066,29.2377672],[-89.9894469,29.2376622],[-89.9895242,29.2376287],[-89.9895839,29.2377337],[-89.9895066,29.2377672]]]}},{"type":"Feature","properties":{"property_id":"GI-0091","address_label":"Structure near 29.2378, -89.9894","occupancy_type":"Unclassified structure (OSM building=yes)","flood_zone_code":"VE","sfha":true,"risk_level":"High","recommended_action":"Research-tier classification: coastal high-hazard (wave action) or otherwise high flood-zone exposure. Treat as a prompt to review official FEMA flood maps and local hurricane evacuation guidance for this parish.","data_source":"OpenStreetMap building footprint + FEMA National Flood Hazard Layer (zone-based classification)","confidence_note":"Research-prototype classification derived from the public FEMA flood zone code for this location. It is a zone-based proxy, not a computed hydraulic or storm-surge model, and is not an official flood determination. Consult FEMA's Flood Map Service Center (msc.fema.gov) or your local floodplain administrator for official information.","building_height_m":5,"osm_way_id":1066811978},"geometry":{"type":"Polygon","coordinates":[[[-89.9893605,29.2378023],[-89.9894468,29.2377612],[-89.9895037,29.2378522],[-89.9894174,29.2378933],[-89.9893605,29.2378023]]]}},{"type":"Feature","properties":{"property_id":"GI-0092","address_label":"Structure near 29.2379, -89.9893","occupancy_type":"Unclassified structure (OSM building=yes)","flood_zone_code":"VE","sfha":true,"risk_level":"High","recommended_action":"Research-tier classification: coastal high-hazard (wave action) or otherwise high flood-zone exposure. Treat as a prompt to review official FEMA flood maps and local hurricane evacuation guidance for this parish.","data_source":"OpenStreetMap building footprint + FEMA National Flood Hazard Layer (zone-based classification)","confidence_note":"Research-prototype classification derived from the public FEMA flood zone code for this location. It is a zone-based proxy, not a computed hydraulic or storm-surge model, and is not an official flood determination. Consult FEMA's Flood Map Service Center (msc.fema.gov) or your local floodplain administrator for official information.","building_height_m":5,"osm_way_id":1066811979},"geometry":{"type":"Polygon","coordinates":[[[-89.9892835,29.2379357],[-89.9892522,29.2378702],[-89.9893276,29.2378428],[-89.9893589,29.2379083],[-89.9892835,29.2379357]]]}},{"type":"Feature","properties":{"property_id":"GI-0093","address_label":"Structure near 29.2381, -89.9896","occupancy_type":"Unclassified structure (OSM building=yes)","flood_zone_code":"VE","sfha":true,"risk_level":"High","recommended_action":"Research-tier classification: coastal high-hazard (wave action) or otherwise high flood-zone exposure. Treat as a prompt to review official FEMA flood maps and local hurricane evacuation guidance for this parish.","data_source":"OpenStreetMap building footprint + FEMA National Flood Hazard Layer (zone-based classification)","confidence_note":"Research-prototype classification derived from the public FEMA flood zone code for this location. It is a zone-based proxy, not a computed hydraulic or storm-surge model, and is not an official flood determination. Consult FEMA's Flood Map Service Center (msc.fema.gov) or your local floodplain administrator for official information.","building_height_m":5,"osm_way_id":1066811980},"geometry":{"type":"Polygon","coordinates":[[[-89.9895088,29.2380781],[-89.9895429,29.2380606],[-89.9895382,29.2380443],[-89.9895788,29.2380235],[-89.9896415,29.2381164],[-89.9896295,29.2381225],[-89.9896446,29.2381448],[-89.9896135,29.2381608],[-89.9896022,29.2381441],[-89.9895659,29.2381627],[-89.9895088,29.2380781]]]}},{"type":"Feature","properties":{"property_id":"GI-0094","address_label":"Structure near 29.2378, -89.9892","occupancy_type":"Unclassified structure (OSM building=yes)","flood_zone_code":"VE","sfha":true,"risk_level":"High","recommended_action":"Research-tier classification: coastal high-hazard (wave action) or otherwise high flood-zone exposure. Treat as a prompt to review official FEMA flood maps and local hurricane evacuation guidance for this parish.","data_source":"OpenStreetMap building footprint + FEMA National Flood Hazard Layer (zone-based classification)","confidence_note":"Research-prototype classification derived from the public FEMA flood zone code for this location. It is a zone-based proxy, not a computed hydraulic or storm-surge model, and is not an official flood determination. Consult FEMA's Flood Map Service Center (msc.fema.gov) or your local floodplain administrator for official information.","building_height_m":5,"osm_way_id":1066811981},"geometry":{"type":"Polygon","coordinates":[[[-89.9890551,29.2377755],[-89.9891981,29.2377086],[-89.9892454,29.2377855],[-89.9891023,29.2378524],[-89.9890551,29.2377755]]]}},{"type":"Feature","properties":{"property_id":"GI-0095","address_label":"Structure near 29.2383, -89.9896","occupancy_type":"Unclassified structure (OSM building=yes)","flood_zone_code":"VE","sfha":true,"risk_level":"High","recommended_action":"Research-tier classification: coastal high-hazard (wave action) or otherwise high flood-zone exposure. Treat as a prompt to review official FEMA flood maps and local hurricane evacuation guidance for this parish.","data_source":"OpenStreetMap building footprint + FEMA National Flood Hazard Layer (zone-based classification)","confidence_note":"Research-prototype classification derived from the public FEMA flood zone code for this location. It is a zone-based proxy, not a computed hydraulic or storm-surge model, and is not an official flood determination. Consult FEMA's Flood Map Service Center (msc.fema.gov) or your local floodplain administrator for official information.","building_height_m":5,"osm_way_id":1066811982},"geometry":{"type":"Polygon","coordinates":[[[-89.9897211,29.2384133],[-89.9896358,29.2384482],[-89.9895958,29.2383795],[-89.9895868,29.2383817],[-89.9895235,29.2382781],[-89.9895855,29.2382499],[-89.9896281,29.2382307],[-89.9896604,29.2382905],[-89.9896526,29.238295],[-89.9897211,29.2384133]]]}},{"type":"Feature","properties":{"property_id":"GI-0096","address_label":"Structure near 29.2382, -89.9893","occupancy_type":"Unclassified structure (OSM building=yes)","flood_zone_code":"VE","sfha":true,"risk_level":"High","recommended_action":"Research-tier classification: coastal high-hazard (wave action) or otherwise high flood-zone exposure. Treat as a prompt to review official FEMA flood maps and local hurricane evacuation guidance for this parish.","data_source":"OpenStreetMap building footprint + FEMA National Flood Hazard Layer (zone-based classification)","confidence_note":"Research-prototype classification derived from the public FEMA flood zone code for this location. It is a zone-based proxy, not a computed hydraulic or storm-surge model, and is not an official flood determination. Consult FEMA's Flood Map Service Center (msc.fema.gov) or your local floodplain administrator for official information.","building_height_m":5,"osm_way_id":1066811983},"geometry":{"type":"Polygon","coordinates":[[[-89.9892749,29.2383156],[-89.9892062,29.2381884],[-89.9892877,29.2381549],[-89.9893565,29.238282],[-89.9892749,29.2383156]]]}},{"type":"Feature","properties":{"property_id":"GI-0097","address_label":"Structure near 29.2364, -89.9897","occupancy_type":"Unclassified structure (OSM building=yes)","flood_zone_code":"VE","sfha":true,"risk_level":"High","recommended_action":"Research-tier classification: coastal high-hazard (wave action) or otherwise high flood-zone exposure. Treat as a prompt to review official FEMA flood maps and local hurricane evacuation guidance for this parish.","data_source":"OpenStreetMap building footprint + FEMA National Flood Hazard Layer (zone-based classification)","confidence_note":"Research-prototype classification derived from the public FEMA flood zone code for this location. It is a zone-based proxy, not a computed hydraulic or storm-surge model, and is not an official flood determination. Consult FEMA's Flood Map Service Center (msc.fema.gov) or your local floodplain administrator for official information.","building_height_m":5,"osm_way_id":1066811984},"geometry":{"type":"Polygon","coordinates":[[[-89.9895958,29.2364846],[-89.9895571,29.2364245],[-89.9896421,29.2363841],[-89.9896292,29.2363541],[-89.9896873,29.2363259],[-89.9897368,29.2363043],[-89.9897562,29.23634],[-89.9897142,29.2363616],[-89.9897013,29.2363334],[-89.9896905,29.2363362],[-89.9897131,29.2363785],[-89.9897314,29.23637],[-89.989768,29.2364358],[-89.9897034,29.2364649],[-89.9896884,29.2364414],[-89.9895958,29.2364846]]]}},{"type":"Feature","properties":{"property_id":"GI-0098","address_label":"Structure near 29.2366, -89.9898","occupancy_type":"Unclassified structure (OSM building=yes)","flood_zone_code":"VE","sfha":true,"risk_level":"High","recommended_action":"Research-tier classification: coastal high-hazard (wave action) or otherwise high flood-zone exposure. Treat as a prompt to review official FEMA flood maps and local hurricane evacuation guidance for this parish.","data_source":"OpenStreetMap building footprint + FEMA National Flood Hazard Layer (zone-based classification)","confidence_note":"Research-prototype classification derived from the public FEMA flood zone code for this location. It is a zone-based proxy, not a computed hydraulic or storm-surge model, and is not an official flood determination. Consult FEMA's Flood Map Service Center (msc.fema.gov) or your local floodplain administrator for official information.","building_height_m":5,"osm_way_id":1066811985},"geometry":{"type":"Polygon","coordinates":[[[-89.9896498,29.2366255],[-89.9898009,29.2365471],[-89.9898489,29.2366176],[-89.9897766,29.2366551],[-89.9897903,29.2366752],[-89.9897115,29.2367161],[-89.9896498,29.2366255]]]}},{"type":"Feature","properties":{"property_id":"GI-0099","address_label":"Structure near 29.2365, -89.9892","occupancy_type":"Unclassified structure (OSM building=yes)","flood_zone_code":"VE","sfha":true,"risk_level":"High","recommended_action":"Research-tier classification: coastal high-hazard (wave action) or otherwise high flood-zone exposure. Treat as a prompt to review official FEMA flood maps and local hurricane evacuation guidance for this parish.","data_source":"OpenStreetMap building footprint + FEMA National Flood Hazard Layer (zone-based classification)","confidence_note":"Research-prototype classification derived from the public FEMA flood zone code for this location. It is a zone-based proxy, not a computed hydraulic or storm-surge model, and is not an official flood determination. Consult FEMA's Flood Map Service Center (msc.fema.gov) or your local floodplain administrator for official information.","building_height_m":5,"osm_way_id":1066811986},"geometry":{"type":"Polygon","coordinates":[[[-89.9890925,29.2364869],[-89.9891174,29.2364749],[-89.989112,29.2364663],[-89.9891322,29.2364566],[-89.9891394,29.236468],[-89.9892216,29.2364285],[-89.9892629,29.2364938],[-89.9891356,29.2365551],[-89.9890925,29.2364869]]]}},{"type":"Feature","properties":{"property_id":"GI-0100","address_label":"Structure near 29.2374, -89.9892","occupancy_type":"Unclassified structure (OSM building=yes)","flood_zone_code":"VE","sfha":true,"risk_level":"High","recommended_action":"Research-tier classification: coastal high-hazard (wave action) or otherwise high flood-zone exposure. Treat as a prompt to review official FEMA flood maps and local hurricane evacuation guidance for this parish.","data_source":"OpenStreetMap building footprint + FEMA National Flood Hazard Layer (zone-based classification)","confidence_note":"Research-prototype classification derived from the public FEMA flood zone code for this location. It is a zone-based proxy, not a computed hydraulic or storm-surge model, and is not an official flood determination. Consult FEMA's Flood Map Service Center (msc.fema.gov) or your local floodplain administrator for official information.","building_height_m":5,"osm_way_id":1066811987},"geometry":{"type":"Polygon","coordinates":[[[-89.9891415,29.2373825],[-89.9891304,29.2373844],[-89.9890777,29.2372936],[-89.9891581,29.2372582],[-89.989213,29.237353],[-89.9892073,29.2373555],[-89.9892355,29.2374043],[-89.9891707,29.2374329],[-89.9891415,29.2373825]]]}},{"type":"Feature","properties":{"property_id":"GI-0101","address_label":"Structure near 29.2370, -89.9893","occupancy_type":"Unclassified structure (OSM building=yes)","flood_zone_code":"VE","sfha":true,"risk_level":"High","recommended_action":"Research-tier classification: coastal high-hazard (wave action) or otherwise high flood-zone exposure. Treat as a prompt to review official FEMA flood maps and local hurricane evacuation guidance for this parish.","data_source":"OpenStreetMap building footprint + FEMA National Flood Hazard Layer (zone-based classification)","confidence_note":"Research-prototype classification derived from the public FEMA flood zone code for this location. It is a zone-based proxy, not a computed hydraulic or storm-surge model, and is not an official flood determination. Consult FEMA's Flood Map Service Center (msc.fema.gov) or your local floodplain administrator for official information.","building_height_m":5,"osm_way_id":1066811988},"geometry":{"type":"Polygon","coordinates":[[[-89.9892116,29.2369532],[-89.9893302,29.2368978],[-89.9893391,29.2369123],[-89.9893608,29.2369021],[-89.9893944,29.2369568],[-89.9893708,29.2369627],[-89.9893813,29.2369797],[-89.9892622,29.2370355],[-89.9892116,29.2369532]]]}},{"type":"Feature","properties":{"property_id":"GI-0102","address_label":"Structure near 29.2370, -89.9893","occupancy_type":"Unclassified structure (OSM building=yes)","flood_zone_code":"VE","sfha":true,"risk_level":"High","recommended_action":"Research-tier classification: coastal high-hazard (wave action) or otherwise high flood-zone exposure. Treat as a prompt to review official FEMA flood maps and local hurricane evacuation guidance for this parish.","data_source":"OpenStreetMap building footprint + FEMA National Flood Hazard Layer (zone-based classification)","confidence_note":"Research-prototype classification derived from the public FEMA flood zone code for this location. It is a zone-based proxy, not a computed hydraulic or storm-surge model, and is not an official flood determination. Consult FEMA's Flood Map Service Center (msc.fema.gov) or your local floodplain administrator for official information.","building_height_m":5,"osm_way_id":1066811989},"geometry":{"type":"Polygon","coordinates":[[[-89.9892768,29.2370401],[-89.9893829,29.2369934],[-89.9894171,29.2370524],[-89.9893109,29.2370992],[-89.9892768,29.2370401]]]}},{"type":"Feature","properties":{"property_id":"GI-0103","address_label":"Structure near 29.2372, -89.9896","occupancy_type":"Unclassified structure (OSM building=yes)","flood_zone_code":"VE","sfha":true,"risk_level":"High","recommended_action":"Research-tier classification: coastal high-hazard (wave action) or otherwise high flood-zone exposure. Treat as a prompt to review official FEMA flood maps and local hurricane evacuation guidance for this parish.","data_source":"OpenStreetMap building footprint + FEMA National Flood Hazard Layer (zone-based classification)","confidence_note":"Research-prototype classification derived from the public FEMA flood zone code for this location. It is a zone-based proxy, not a computed hydraulic or storm-surge model, and is not an official flood determination. Consult FEMA's Flood Map Service Center (msc.fema.gov) or your local floodplain administrator for official information.","building_height_m":5,"osm_way_id":1066811990},"geometry":{"type":"Polygon","coordinates":[[[-89.9894679,29.2371147],[-89.9895575,29.2370733],[-89.9896085,29.2371575],[-89.9895814,29.23717],[-89.9895916,29.2371868],[-89.989529,29.2372156],[-89.9894679,29.2371147]]]}},{"type":"Feature","properties":{"property_id":"GI-0104","address_label":"Structure near 29.2373, -89.9895","occupancy_type":"Unclassified structure (OSM building=yes)","flood_zone_code":"VE","sfha":true,"risk_level":"High","recommended_action":"Research-tier classification: coastal high-hazard (wave action) or otherwise high flood-zone exposure. Treat as a prompt to review official FEMA flood maps and local hurricane evacuation guidance for this parish.","data_source":"OpenStreetMap building footprint + FEMA National Flood Hazard Layer (zone-based classification)","confidence_note":"Research-prototype classification derived from the public FEMA flood zone code for this location. It is a zone-based proxy, not a computed hydraulic or storm-surge model, and is not an official flood determination. Consult FEMA's Flood Map Service Center (msc.fema.gov) or your local floodplain administrator for official information.","building_height_m":5,"osm_way_id":1066811991},"geometry":{"type":"Polygon","coordinates":[[[-89.989383,29.2372542],[-89.9894735,29.2372108],[-89.9895325,29.2373046],[-89.989442,29.237348],[-89.989383,29.2372542]]]}},{"type":"Feature","properties":{"property_id":"GI-0105","address_label":"Structure near 29.2383, -89.9898","occupancy_type":"Unclassified structure (OSM building=yes)","flood_zone_code":"VE","sfha":true,"risk_level":"High","recommended_action":"Research-tier classification: coastal high-hazard (wave action) or otherwise high flood-zone exposure. Treat as a prompt to review official FEMA flood maps and local hurricane evacuation guidance for this parish.","data_source":"OpenStreetMap building footprint + FEMA National Flood Hazard Layer (zone-based classification)","confidence_note":"Research-prototype classification derived from the public FEMA flood zone code for this location. It is a zone-based proxy, not a computed hydraulic or storm-surge model, and is not an official flood determination. Consult FEMA's Flood Map Service Center (msc.fema.gov) or your local floodplain administrator for official information.","building_height_m":5,"osm_way_id":1066812013},"geometry":{"type":"Polygon","coordinates":[[[-89.9897527,29.2382513],[-89.9898512,29.2382066],[-89.9899149,29.2383132],[-89.9898163,29.238358],[-89.9897527,29.2382513]]]}},{"type":"Feature","properties":{"property_id":"GI-0106","address_label":"Structure near 29.2374, -89.9893","occupancy_type":"Unclassified structure (OSM building=yes)","flood_zone_code":"VE","sfha":true,"risk_level":"High","recommended_action":"Research-tier classification: coastal high-hazard (wave action) or otherwise high flood-zone exposure. Treat as a prompt to review official FEMA flood maps and local hurricane evacuation guidance for this parish.","data_source":"OpenStreetMap building footprint + FEMA National Flood Hazard Layer (zone-based classification)","confidence_note":"Research-prototype classification derived from the public FEMA flood zone code for this location. It is a zone-based proxy, not a computed hydraulic or storm-surge model, and is not an official flood determination. Consult FEMA's Flood Map Service Center (msc.fema.gov) or your local floodplain administrator for official information.","building_height_m":5,"osm_way_id":1066812039},"geometry":{"type":"Polygon","coordinates":[[[-89.9892585,29.2373526],[-89.9892831,29.2373429],[-89.9892873,29.2373511],[-89.9892971,29.2373472],[-89.9893115,29.2373751],[-89.9893054,29.2373804],[-89.9893221,29.2374125],[-89.9892951,29.2374232],[-89.9892585,29.2373526]]]}},{"type":"Feature","properties":{"property_id":"GI-0107","address_label":"Structure near 29.2377, -89.9894","occupancy_type":"Unclassified structure (OSM building=yes)","flood_zone_code":"VE","sfha":true,"risk_level":"High","recommended_action":"Research-tier classification: coastal high-hazard (wave action) or otherwise high flood-zone exposure. Treat as a prompt to review official FEMA flood maps and local hurricane evacuation guidance for this parish.","data_source":"OpenStreetMap building footprint + FEMA National Flood Hazard Layer (zone-based classification)","confidence_note":"Research-prototype classification derived from the public FEMA flood zone code for this location. It is a zone-based proxy, not a computed hydraulic or storm-surge model, and is not an official flood determination. Consult FEMA's Flood Map Service Center (msc.fema.gov) or your local floodplain administrator for official information.","building_height_m":5,"osm_way_id":1066812040},"geometry":{"type":"Polygon","coordinates":[[[-89.9892773,29.2376861],[-89.9893467,29.2376571],[-89.9893539,29.2376702],[-89.9893833,29.2376579],[-89.9894207,29.2377259],[-89.9893219,29.2377673],[-89.9892773,29.2376861]]]}},{"type":"Feature","properties":{"property_id":"GI-0108","address_label":"Structure near 29.2429, -89.9885","occupancy_type":"Unclassified structure (OSM building=yes)","flood_zone_code":"VE","sfha":true,"risk_level":"High","recommended_action":"Research-tier classification: coastal high-hazard (wave action) or otherwise high flood-zone exposure. Treat as a prompt to review official FEMA flood maps and local hurricane evacuation guidance for this parish.","data_source":"OpenStreetMap building footprint + FEMA National Flood Hazard Layer (zone-based classification)","confidence_note":"Research-prototype classification derived from the public FEMA flood zone code for this location. It is a zone-based proxy, not a computed hydraulic or storm-surge model, and is not an official flood determination. Consult FEMA's Flood Map Service Center (msc.fema.gov) or your local floodplain administrator for official information.","building_height_m":5,"osm_way_id":1066812218},"geometry":{"type":"Polygon","coordinates":[[[-89.9885735,29.2429154],[-89.988453,29.242968],[-89.9884099,29.2429003],[-89.9885305,29.2428327],[-89.9885735,29.2429154]]]}},{"type":"Feature","properties":{"property_id":"GI-0109","address_label":"Structure near 29.2426, -89.9792","occupancy_type":"Unclassified structure (OSM building=yes)","flood_zone_code":"VE","sfha":true,"risk_level":"High","recommended_action":"Research-tier classification: coastal high-hazard (wave action) or otherwise high flood-zone exposure. Treat as a prompt to review official FEMA flood maps and local hurricane evacuation guidance for this parish.","data_source":"OpenStreetMap building footprint + FEMA National Flood Hazard Layer (zone-based classification)","confidence_note":"Research-prototype classification derived from the public FEMA flood zone code for this location. It is a zone-based proxy, not a computed hydraulic or storm-surge model, and is not an official flood determination. Consult FEMA's Flood Map Service Center (msc.fema.gov) or your local floodplain administrator for official information.","building_height_m":5,"osm_way_id":1066812220},"geometry":{"type":"Polygon","coordinates":[[[-89.9791665,29.2425789],[-89.979226,29.242549],[-89.9792531,29.2425901],[-89.9791935,29.24262],[-89.9791665,29.2425789]]]}},{"type":"Feature","properties":{"property_id":"GI-0110","address_label":"Structure near 29.2414, -89.9827","occupancy_type":"Unclassified structure (OSM building=yes)","flood_zone_code":"VE","sfha":true,"risk_level":"High","recommended_action":"Research-tier classification: coastal high-hazard (wave action) or otherwise high flood-zone exposure. Treat as a prompt to review official FEMA flood maps and local hurricane evacuation guidance for this parish.","data_source":"OpenStreetMap building footprint + FEMA National Flood Hazard Layer (zone-based classification)","confidence_note":"Research-prototype classification derived from the public FEMA flood zone code for this location. It is a zone-based proxy, not a computed hydraulic or storm-surge model, and is not an official flood determination. Consult FEMA's Flood Map Service Center (msc.fema.gov) or your local floodplain administrator for official information.","building_height_m":5,"osm_way_id":1066812221},"geometry":{"type":"Polygon","coordinates":[[[-89.9826901,29.241465],[-89.9826613,29.2414118],[-89.9828006,29.2413543],[-89.9828294,29.2414075],[-89.9826901,29.241465]]]}},{"type":"Feature","properties":{"property_id":"GI-0111","address_label":"Structure near 29.2401, -89.9826","occupancy_type":"Unclassified structure (OSM building=yes)","flood_zone_code":"VE","sfha":true,"risk_level":"High","recommended_action":"Research-tier classification: coastal high-hazard (wave action) or otherwise high flood-zone exposure. Treat as a prompt to review official FEMA flood maps and local hurricane evacuation guidance for this parish.","data_source":"OpenStreetMap building footprint + FEMA National Flood Hazard Layer (zone-based classification)","confidence_note":"Research-prototype classification derived from the public FEMA flood zone code for this location. It is a zone-based proxy, not a computed hydraulic or storm-surge model, and is not an official flood determination. Consult FEMA's Flood Map Service Center (msc.fema.gov) or your local floodplain administrator for official information.","building_height_m":5,"osm_way_id":1066812222},"geometry":{"type":"Polygon","coordinates":[[[-89.9825445,29.2401747],[-89.9825334,29.2401545],[-89.982635,29.2401119],[-89.9826461,29.240132],[-89.9825445,29.2401747]]]}},{"type":"Feature","properties":{"property_id":"GI-0112","address_label":"Structure near 29.2404, -89.9813","occupancy_type":"Unclassified structure (OSM building=yes)","flood_zone_code":"VE","sfha":true,"risk_level":"High","recommended_action":"Research-tier classification: coastal high-hazard (wave action) or otherwise high flood-zone exposure. Treat as a prompt to review official FEMA flood maps and local hurricane evacuation guidance for this parish.","data_source":"OpenStreetMap building footprint + FEMA National Flood Hazard Layer (zone-based classification)","confidence_note":"Research-prototype classification derived from the public FEMA flood zone code for this location. It is a zone-based proxy, not a computed hydraulic or storm-surge model, and is not an official flood determination. Consult FEMA's Flood Map Service Center (msc.fema.gov) or your local floodplain administrator for official information.","building_height_m":5,"osm_way_id":1066812223},"geometry":{"type":"Polygon","coordinates":[[[-89.9813347,29.2404351],[-89.9813163,29.2404038],[-89.9812946,29.2404135],[-89.9812864,29.2403995],[-89.9812255,29.2404267],[-89.9811624,29.2403191],[-89.9812848,29.2402645],[-89.9813744,29.2404174],[-89.9813347,29.2404351]]]}},{"type":"Feature","properties":{"property_id":"GI-0113","address_label":"Structure near 29.2450, -89.9884","occupancy_type":"Unclassified structure (OSM building=yes)","flood_zone_code":"VE","sfha":true,"risk_level":"High","recommended_action":"Research-tier classification: coastal high-hazard (wave action) or otherwise high flood-zone exposure. Treat as a prompt to review official FEMA flood maps and local hurricane evacuation guidance for this parish.","data_source":"OpenStreetMap building footprint + FEMA National Flood Hazard Layer (zone-based classification)","confidence_note":"Research-prototype classification derived from the public FEMA flood zone code for this location. It is a zone-based proxy, not a computed hydraulic or storm-surge model, and is not an official flood determination. Consult FEMA's Flood Map Service Center (msc.fema.gov) or your local floodplain administrator for official information.","building_height_m":5,"osm_way_id":1066812224},"geometry":{"type":"Polygon","coordinates":[[[-89.9883395,29.2450561],[-89.9882523,29.2449116],[-89.9883951,29.244846],[-89.9884824,29.2449905],[-89.9883395,29.2450561]]]}},{"type":"Feature","properties":{"property_id":"GI-0114","address_label":"Structure near 29.2414, -89.9819","occupancy_type":"Unclassified structure (OSM building=yes)","flood_zone_code":"VE","sfha":true,"risk_level":"High","recommended_action":"Research-tier classification: coastal high-hazard (wave action) or otherwise high flood-zone exposure. Treat as a prompt to review official FEMA flood maps and local hurricane evacuation guidance for this parish.","data_source":"OpenStreetMap building footprint + FEMA National Flood Hazard Layer (zone-based classification)","confidence_note":"Research-prototype classification derived from the public FEMA flood zone code for this location. It is a zone-based proxy, not a computed hydraulic or storm-surge model, and is not an official flood determination. Consult FEMA's Flood Map Service Center (msc.fema.gov) or your local floodplain administrator for official information.","building_height_m":5,"osm_way_id":1066812225},"geometry":{"type":"Polygon","coordinates":[[[-89.9819099,29.2414248],[-89.9819034,29.241426],[-89.9818589,29.2413524],[-89.9818915,29.2413374],[-89.9818806,29.2413193],[-89.9819246,29.2412991],[-89.9819506,29.241342],[-89.981986,29.2413257],[-89.982014,29.241372],[-89.9819684,29.241393],[-89.9819885,29.2414263],[-89.9819651,29.2414371],[-89.9819599,29.2414285],[-89.9819225,29.2414457],[-89.9819099,29.2414248]]]}},{"type":"Feature","properties":{"property_id":"GI-0115","address_label":"Structure near 29.2398, -89.9852","occupancy_type":"Unclassified structure (OSM building=yes)","flood_zone_code":"VE","sfha":true,"risk_level":"High","recommended_action":"Research-tier classification: coastal high-hazard (wave action) or otherwise high flood-zone exposure. Treat as a prompt to review official FEMA flood maps and local hurricane evacuation guidance for this parish.","data_source":"OpenStreetMap building footprint + FEMA National Flood Hazard Layer (zone-based classification)","confidence_note":"Research-prototype classification derived from the public FEMA flood zone code for this location. It is a zone-based proxy, not a computed hydraulic or storm-surge model, and is not an official flood determination. Consult FEMA's Flood Map Service Center (msc.fema.gov) or your local floodplain administrator for official information.","building_height_m":5,"osm_way_id":1066812226},"geometry":{"type":"Polygon","coordinates":[[[-89.9850314,29.2398226],[-89.985181,29.2397585],[-89.9852242,29.2398352],[-89.9851964,29.239847],[-89.9852047,29.2398619],[-89.9851627,29.2398799],[-89.9851558,29.2398675],[-89.9850759,29.2399017],[-89.9850314,29.2398226]]]}},{"type":"Feature","properties":{"property_id":"GI-0116","address_label":"Structure near 29.2401, -89.9885","occupancy_type":"Unclassified structure (OSM building=yes)","flood_zone_code":"VE","sfha":true,"risk_level":"High","recommended_action":"Research-tier classification: coastal high-hazard (wave action) or otherwise high flood-zone exposure. Treat as a prompt to review official FEMA flood maps and local hurricane evacuation guidance for this parish.","data_source":"OpenStreetMap building footprint + FEMA National Flood Hazard Layer (zone-based classification)","confidence_note":"Research-prototype classification derived from the public FEMA flood zone code for this location. It is a zone-based proxy, not a computed hydraulic or storm-surge model, and is not an official flood determination. Consult FEMA's Flood Map Service Center (msc.fema.gov) or your local floodplain administrator for official information.","building_height_m":5,"osm_way_id":1066812227},"geometry":{"type":"Polygon","coordinates":[[[-89.9884035,29.2401405],[-89.9885038,29.2400991],[-89.9885288,29.2401453],[-89.9884284,29.2401866],[-89.9884035,29.2401405]]]}},{"type":"Feature","properties":{"property_id":"GI-0117","address_label":"Structure near 29.2402, -89.9826","occupancy_type":"Unclassified structure (OSM building=yes)","flood_zone_code":"VE","sfha":true,"risk_level":"High","recommended_action":"Research-tier classification: coastal high-hazard (wave action) or otherwise high flood-zone exposure. Treat as a prompt to review official FEMA flood maps and local hurricane evacuation guidance for this parish.","data_source":"OpenStreetMap building footprint + FEMA National Flood Hazard Layer (zone-based classification)","confidence_note":"Research-prototype classification derived from the public FEMA flood zone code for this location. It is a zone-based proxy, not a computed hydraulic or storm-surge model, and is not an official flood determination. Consult FEMA's Flood Map Service Center (msc.fema.gov) or your local floodplain administrator for official information.","building_height_m":5,"osm_way_id":1066812228},"geometry":{"type":"Polygon","coordinates":[[[-89.9825462,29.240216],[-89.9826454,29.2401723],[-89.9826742,29.240222],[-89.9825749,29.2402657],[-89.9825462,29.240216]]]}},{"type":"Feature","properties":{"property_id":"GI-0118","address_label":"Structure near 29.2437, -89.9807","occupancy_type":"Unclassified structure (OSM building=yes)","flood_zone_code":"VE","sfha":true,"risk_level":"High","recommended_action":"Research-tier classification: coastal high-hazard (wave action) or otherwise high flood-zone exposure. Treat as a prompt to review official FEMA flood maps and local hurricane evacuation guidance for this parish.","data_source":"OpenStreetMap building footprint + FEMA National Flood Hazard Layer (zone-based classification)","confidence_note":"Research-prototype classification derived from the public FEMA flood zone code for this location. It is a zone-based proxy, not a computed hydraulic or storm-surge model, and is not an official flood determination. Consult FEMA's Flood Map Service Center (msc.fema.gov) or your local floodplain administrator for official information.","building_height_m":5,"osm_way_id":1066812229},"geometry":{"type":"Polygon","coordinates":[[[-89.9807379,29.2438717],[-89.9807102,29.2438694],[-89.9806834,29.2438628],[-89.9806585,29.243852],[-89.9806363,29.2438373],[-89.9806175,29.2438194],[-89.9806029,29.2437987],[-89.9805928,29.2437761],[-89.9805877,29.2437522],[-89.9805877,29.2437279],[-89.9805928,29.243704],[-89.9806029,29.2436813],[-89.9806175,29.2436607],[-89.9806363,29.2436427],[-89.9806585,29.2436281],[-89.9806834,29.2436173],[-89.9807102,29.2436106],[-89.9807379,29.2436084],[-89.9807656,29.2436106],[-89.9807924,29.2436173],[-89.9808173,29.2436281],[-89.9808396,29.2436427],[-89.9808583,29.2436607],[-89.980873,29.2436813],[-89.980883,29.243704],[-89.9808881,29.2437279],[-89.9808881,29.2437522],[-89.980883,29.2437761],[-89.980873,29.2437987],[-89.9808583,29.2438194],[-89.9808396,29.2438373],[-89.9808173,29.243852],[-89.9807924,29.2438628],[-89.9807656,29.2438694],[-89.9807379,29.2438717]]]}},{"type":"Feature","properties":{"property_id":"GI-0119","address_label":"Structure near 29.2402, -89.9886","occupancy_type":"Unclassified structure (OSM building=yes)","flood_zone_code":"VE","sfha":true,"risk_level":"High","recommended_action":"Research-tier classification: coastal high-hazard (wave action) or otherwise high flood-zone exposure. Treat as a prompt to review official FEMA flood maps and local hurricane evacuation guidance for this parish.","data_source":"OpenStreetMap building footprint + FEMA National Flood Hazard Layer (zone-based classification)","confidence_note":"Research-prototype classification derived from the public FEMA flood zone code for this location. It is a zone-based proxy, not a computed hydraulic or storm-surge model, and is not an official flood determination. Consult FEMA's Flood Map Service Center (msc.fema.gov) or your local floodplain administrator for official information.","building_height_m":5,"osm_way_id":1066812231},"geometry":{"type":"Polygon","coordinates":[[[-89.9885791,29.2403047],[-89.9885346,29.2402272],[-89.9886754,29.2401655],[-89.9887199,29.2402431],[-89.9885791,29.2403047]]]}},{"type":"Feature","properties":{"property_id":"GI-0120","address_label":"Structure near 29.2413, -89.9847","occupancy_type":"Unclassified structure (OSM building=yes)","flood_zone_code":"VE","sfha":true,"risk_level":"High","recommended_action":"Research-tier classification: coastal high-hazard (wave action) or otherwise high flood-zone exposure. Treat as a prompt to review official FEMA flood maps and local hurricane evacuation guidance for this parish.","data_source":"OpenStreetMap building footprint + FEMA National Flood Hazard Layer (zone-based classification)","confidence_note":"Research-prototype classification derived from the public FEMA flood zone code for this location. It is a zone-based proxy, not a computed hydraulic or storm-surge model, and is not an official flood determination. Consult FEMA's Flood Map Service Center (msc.fema.gov) or your local floodplain administrator for official information.","building_height_m":5,"osm_way_id":1066812232},"geometry":{"type":"Polygon","coordinates":[[[-89.9846137,29.2413565],[-89.9845629,29.2412686],[-89.9847352,29.2411927],[-89.984786,29.2412807],[-89.9846137,29.2413565]]]}},{"type":"Feature","properties":{"property_id":"GI-0121","address_label":"Structure near 29.2417, -89.9849","occupancy_type":"Unclassified structure (OSM building=yes)","flood_zone_code":"VE","sfha":true,"risk_level":"High","recommended_action":"Research-tier classification: coastal high-hazard (wave action) or otherwise high flood-zone exposure. Treat as a prompt to review official FEMA flood maps and local hurricane evacuation guidance for this parish.","data_source":"OpenStreetMap building footprint + FEMA National Flood Hazard Layer (zone-based classification)","confidence_note":"Research-prototype classification derived from the public FEMA flood zone code for this location. It is a zone-based proxy, not a computed hydraulic or storm-surge model, and is not an official flood determination. Consult FEMA's Flood Map Service Center (msc.fema.gov) or your local floodplain administrator for official information.","building_height_m":5,"osm_way_id":1066812233},"geometry":{"type":"Polygon","coordinates":[[[-89.9849368,29.2417324],[-89.9849457,29.2417488],[-89.9849145,29.2417617],[-89.9849056,29.2417453],[-89.9848398,29.2417725],[-89.9847927,29.2416858],[-89.9849368,29.2416261],[-89.984984,29.2417128],[-89.9849368,29.2417324]]]}},{"type":"Feature","properties":{"property_id":"GI-0122","address_label":"Structure near 29.2419, -89.9850","occupancy_type":"Unclassified structure (OSM building=yes)","flood_zone_code":"VE","sfha":true,"risk_level":"High","recommended_action":"Research-tier classification: coastal high-hazard (wave action) or otherwise high flood-zone exposure. Treat as a prompt to review official FEMA flood maps and local hurricane evacuation guidance for this parish.","data_source":"OpenStreetMap building footprint + FEMA National Flood Hazard Layer (zone-based classification)","confidence_note":"Research-prototype classification derived from the public FEMA flood zone code for this location. It is a zone-based proxy, not a computed hydraulic or storm-surge model, and is not an official flood determination. Consult FEMA's Flood Map Service Center (msc.fema.gov) or your local floodplain administrator for official information.","building_height_m":5,"osm_way_id":1066812234},"geometry":{"type":"Polygon","coordinates":[[[-89.9849595,29.2419823],[-89.9849095,29.2418953],[-89.9850292,29.241843],[-89.9850792,29.24193],[-89.9849595,29.2419823]]]}},{"type":"Feature","properties":{"property_id":"GI-0123","address_label":"Structure near 29.2437, -89.9825","occupancy_type":"Unclassified structure (OSM building=yes)","flood_zone_code":"VE","sfha":true,"risk_level":"High","recommended_action":"Research-tier classification: coastal high-hazard (wave action) or otherwise high flood-zone exposure. Treat as a prompt to review official FEMA flood maps and local hurricane evacuation guidance for this parish.","data_source":"OpenStreetMap building footprint + FEMA National Flood Hazard Layer (zone-based classification)","confidence_note":"Research-prototype classification derived from the public FEMA flood zone code for this location. It is a zone-based proxy, not a computed hydraulic or storm-surge model, and is not an official flood determination. Consult FEMA's Flood Map Service Center (msc.fema.gov) or your local floodplain administrator for official information.","building_height_m":5,"osm_way_id":1066812235},"geometry":{"type":"Polygon","coordinates":[[[-89.9824175,29.2436826],[-89.9825161,29.2436368],[-89.9825712,29.2437273],[-89.9824726,29.2437731],[-89.9824175,29.2436826]]]}},{"type":"Feature","properties":{"property_id":"GI-0124","address_label":"Structure near 29.2436, -89.9824","occupancy_type":"Unclassified structure (OSM building=yes)","flood_zone_code":"VE","sfha":true,"risk_level":"High","recommended_action":"Research-tier classification: coastal high-hazard (wave action) or otherwise high flood-zone exposure. Treat as a prompt to review official FEMA flood maps and local hurricane evacuation guidance for this parish.","data_source":"OpenStreetMap building footprint + FEMA National Flood Hazard Layer (zone-based classification)","confidence_note":"Research-prototype classification derived from the public FEMA flood zone code for this location. It is a zone-based proxy, not a computed hydraulic or storm-surge model, and is not an official flood determination. Consult FEMA's Flood Map Service Center (msc.fema.gov) or your local floodplain administrator for official information.","building_height_m":5,"osm_way_id":1066812236},"geometry":{"type":"Polygon","coordinates":[[[-89.9823579,29.2435576],[-89.9824481,29.2435201],[-89.9825018,29.2436182],[-89.9824116,29.2436557],[-89.9823579,29.2435576]]]}},{"type":"Feature","properties":{"property_id":"GI-0125","address_label":"Structure near 29.2404, -89.9821","occupancy_type":"Unclassified structure (OSM building=yes)","flood_zone_code":"VE","sfha":true,"risk_level":"High","recommended_action":"Research-tier classification: coastal high-hazard (wave action) or otherwise high flood-zone exposure. Treat as a prompt to review official FEMA flood maps and local hurricane evacuation guidance for this parish.","data_source":"OpenStreetMap building footprint + FEMA National Flood Hazard Layer (zone-based classification)","confidence_note":"Research-prototype classification derived from the public FEMA flood zone code for this location. It is a zone-based proxy, not a computed hydraulic or storm-surge model, and is not an official flood determination. Consult FEMA's Flood Map Service Center (msc.fema.gov) or your local floodplain administrator for official information.","building_height_m":5,"osm_way_id":1066812237},"geometry":{"type":"Polygon","coordinates":[[[-89.98215,29.2404159],[-89.9820897,29.2404384],[-89.9820036,29.2403182],[-89.9820725,29.2402882],[-89.98215,29.2404159]]]}},{"type":"Feature","properties":{"property_id":"GI-0126","address_label":"Structure near 29.2448, -89.9794","occupancy_type":"Unclassified structure (OSM building=yes)","flood_zone_code":"VE","sfha":true,"risk_level":"High","recommended_action":"Research-tier classification: coastal high-hazard (wave action) or otherwise high flood-zone exposure. Treat as a prompt to review official FEMA flood maps and local hurricane evacuation guidance for this parish.","data_source":"OpenStreetMap building footprint + FEMA National Flood Hazard Layer (zone-based classification)","confidence_note":"Research-prototype classification derived from the public FEMA flood zone code for this location. It is a zone-based proxy, not a computed hydraulic or storm-surge model, and is not an official flood determination. Consult FEMA's Flood Map Service Center (msc.fema.gov) or your local floodplain administrator for official information.","building_height_m":5,"osm_way_id":1066812241},"geometry":{"type":"Polygon","coordinates":[[[-89.9793258,29.2447071],[-89.9794171,29.244686],[-89.979453,29.2448043],[-89.9793617,29.2448254],[-89.9793258,29.2447071]]]}},{"type":"Feature","properties":{"property_id":"GI-0127","address_label":"Structure near 29.2423, -89.9790","occupancy_type":"Unclassified structure (OSM building=yes)","flood_zone_code":"VE","sfha":true,"risk_level":"High","recommended_action":"Research-tier classification: coastal high-hazard (wave action) or otherwise high flood-zone exposure. Treat as a prompt to review official FEMA flood maps and local hurricane evacuation guidance for this parish.","data_source":"OpenStreetMap building footprint + FEMA National Flood Hazard Layer (zone-based classification)","confidence_note":"Research-prototype classification derived from the public FEMA flood zone code for this location. It is a zone-based proxy, not a computed hydraulic or storm-surge model, and is not an official flood determination. Consult FEMA's Flood Map Service Center (msc.fema.gov) or your local floodplain administrator for official information.","building_height_m":5,"osm_way_id":1066812242},"geometry":{"type":"Polygon","coordinates":[[[-89.9789556,29.2423543],[-89.9788953,29.2422266],[-89.9789814,29.2421815],[-89.9790417,29.2423167],[-89.9789556,29.2423543]]]}},{"type":"Feature","properties":{"property_id":"GI-0128","address_label":"Structure near 29.2422, -89.9791","occupancy_type":"Unclassified structure (OSM building=yes)","flood_zone_code":"VE","sfha":true,"risk_level":"High","recommended_action":"Research-tier classification: coastal high-hazard (wave action) or otherwise high flood-zone exposure. Treat as a prompt to review official FEMA flood maps and local hurricane evacuation guidance for this parish.","data_source":"OpenStreetMap building footprint + FEMA National Flood Hazard Layer (zone-based classification)","confidence_note":"Research-prototype classification derived from the public FEMA flood zone code for this location. It is a zone-based proxy, not a computed hydraulic or storm-surge model, and is not an official flood determination. Consult FEMA's Flood Map Service Center (msc.fema.gov) or your local floodplain administrator for official information.","building_height_m":5,"osm_way_id":1066812243},"geometry":{"type":"Polygon","coordinates":[[[-89.9791967,29.2422792],[-89.9790761,29.2423242],[-89.9790245,29.242189],[-89.9791278,29.2421665],[-89.9791967,29.2422792]]]}},{"type":"Feature","properties":{"property_id":"GI-0129","address_label":"Structure near 29.2397, -89.9833","occupancy_type":"Unclassified structure (OSM building=yes)","flood_zone_code":"VE","sfha":true,"risk_level":"High","recommended_action":"Research-tier classification: coastal high-hazard (wave action) or otherwise high flood-zone exposure. Treat as a prompt to review official FEMA flood maps and local hurricane evacuation guidance for this parish.","data_source":"OpenStreetMap building footprint + FEMA National Flood Hazard Layer (zone-based classification)","confidence_note":"Research-prototype classification derived from the public FEMA flood zone code for this location. It is a zone-based proxy, not a computed hydraulic or storm-surge model, and is not an official flood determination. Consult FEMA's Flood Map Service Center (msc.fema.gov) or your local floodplain administrator for official information.","building_height_m":5,"osm_way_id":1066812244},"geometry":{"type":"Polygon","coordinates":[[[-89.9832915,29.2397544],[-89.9832381,29.2396489],[-89.9833151,29.239634],[-89.9833623,29.2397271],[-89.9832915,29.2397544]]]}},{"type":"Feature","properties":{"property_id":"GI-0130","address_label":"Structure near 29.2400, -89.9853","occupancy_type":"Unclassified structure (OSM building=yes)","flood_zone_code":"VE","sfha":true,"risk_level":"High","recommended_action":"Research-tier classification: coastal high-hazard (wave action) or otherwise high flood-zone exposure. Treat as a prompt to review official FEMA flood maps and local hurricane evacuation guidance for this parish.","data_source":"OpenStreetMap building footprint + FEMA National Flood Hazard Layer (zone-based classification)","confidence_note":"Research-prototype classification derived from the public FEMA flood zone code for this location. It is a zone-based proxy, not a computed hydraulic or storm-surge model, and is not an official flood determination. Consult FEMA's Flood Map Service Center (msc.fema.gov) or your local floodplain administrator for official information.","building_height_m":5,"osm_way_id":1066812245},"geometry":{"type":"Polygon","coordinates":[[[-89.985161,29.2399869],[-89.9853091,29.2399223],[-89.9853642,29.2400185],[-89.9852161,29.2400831],[-89.985161,29.2399869]]]}},{"type":"Feature","properties":{"property_id":"GI-0131","address_label":"Structure near 29.2410, -89.9865","occupancy_type":"Unclassified structure (OSM building=yes)","flood_zone_code":"VE","sfha":true,"risk_level":"High","recommended_action":"Research-tier classification: coastal high-hazard (wave action) or otherwise high flood-zone exposure. Treat as a prompt to review official FEMA flood maps and local hurricane evacuation guidance for this parish.","data_source":"OpenStreetMap building footprint + FEMA National Flood Hazard Layer (zone-based classification)","confidence_note":"Research-prototype classification derived from the public FEMA flood zone code for this location. It is a zone-based proxy, not a computed hydraulic or storm-surge model, and is not an official flood determination. Consult FEMA's Flood Map Service Center (msc.fema.gov) or your local floodplain administrator for official information.","building_height_m":5,"osm_way_id":1066812246},"geometry":{"type":"Polygon","coordinates":[[[-89.9864766,29.2410521],[-89.9864221,29.2409531],[-89.986597,29.2408797],[-89.9866515,29.2409788],[-89.9864766,29.2410521]]]}},{"type":"Feature","properties":{"property_id":"GI-0132","address_label":"Structure near 29.2409, -89.9872","occupancy_type":"Unclassified structure (OSM building=yes)","flood_zone_code":"VE","sfha":true,"risk_level":"High","recommended_action":"Research-tier classification: coastal high-hazard (wave action) or otherwise high flood-zone exposure. Treat as a prompt to review official FEMA flood maps and local hurricane evacuation guidance for this parish.","data_source":"OpenStreetMap building footprint + FEMA National Flood Hazard Layer (zone-based classification)","confidence_note":"Research-prototype classification derived from the public FEMA flood zone code for this location. It is a zone-based proxy, not a computed hydraulic or storm-surge model, and is not an official flood determination. Consult FEMA's Flood Map Service Center (msc.fema.gov) or your local floodplain administrator for official information.","building_height_m":5,"osm_way_id":1066812247},"geometry":{"type":"Polygon","coordinates":[[[-89.9871956,29.2409418],[-89.9871612,29.2408817],[-89.9872473,29.2408442],[-89.9872559,29.2409118],[-89.9871956,29.2409418]]]}},{"type":"Feature","properties":{"property_id":"GI-0133","address_label":"Structure near 29.2404, -89.9868","occupancy_type":"Unclassified structure (OSM building=yes)","flood_zone_code":"VE","sfha":true,"risk_level":"High","recommended_action":"Research-tier classification: coastal high-hazard (wave action) or otherwise high flood-zone exposure. Treat as a prompt to review official FEMA flood maps and local hurricane evacuation guidance for this parish.","data_source":"OpenStreetMap building footprint + FEMA National Flood Hazard Layer (zone-based classification)","confidence_note":"Research-prototype classification derived from the public FEMA flood zone code for this location. It is a zone-based proxy, not a computed hydraulic or storm-surge model, and is not an official flood determination. Consult FEMA's Flood Map Service Center (msc.fema.gov) or your local floodplain administrator for official information.","building_height_m":5,"osm_way_id":1066812248},"geometry":{"type":"Polygon","coordinates":[[[-89.9867571,29.2404016],[-89.9868886,29.2403384],[-89.9869324,29.2404077],[-89.9868009,29.2404709],[-89.9867571,29.2404016]]]}},{"type":"Feature","properties":{"property_id":"GI-0134","address_label":"Structure near 29.2401, -89.9867","occupancy_type":"Unclassified structure (OSM building=yes)","flood_zone_code":"VE","sfha":true,"risk_level":"High","recommended_action":"Research-tier classification: coastal high-hazard (wave action) or otherwise high flood-zone exposure. Treat as a prompt to review official FEMA flood maps and local hurricane evacuation guidance for this parish.","data_source":"OpenStreetMap building footprint + FEMA National Flood Hazard Layer (zone-based classification)","confidence_note":"Research-prototype classification derived from the public FEMA flood zone code for this location. It is a zone-based proxy, not a computed hydraulic or storm-surge model, and is not an official flood determination. Consult FEMA's Flood Map Service Center (msc.fema.gov) or your local floodplain administrator for official information.","building_height_m":5,"osm_way_id":1066812251},"geometry":{"type":"Polygon","coordinates":[[[-89.9865831,29.2401206],[-89.9867533,29.2400476],[-89.9868054,29.2401401],[-89.9866351,29.2402131],[-89.9865831,29.2401206]]]}},{"type":"Feature","properties":{"property_id":"GI-0135","address_label":"Structure near 29.2421, -89.9887","occupancy_type":"Unclassified structure (OSM building=yes)","flood_zone_code":"VE","sfha":true,"risk_level":"High","recommended_action":"Research-tier classification: coastal high-hazard (wave action) or otherwise high flood-zone exposure. Treat as a prompt to review official FEMA flood maps and local hurricane evacuation guidance for this parish.","data_source":"OpenStreetMap building footprint + FEMA National Flood Hazard Layer (zone-based classification)","confidence_note":"Research-prototype classification derived from the public FEMA flood zone code for this location. It is a zone-based proxy, not a computed hydraulic or storm-surge model, and is not an official flood determination. Consult FEMA's Flood Map Service Center (msc.fema.gov) or your local floodplain administrator for official information.","building_height_m":5,"osm_way_id":1066812252},"geometry":{"type":"Polygon","coordinates":[[[-89.9887213,29.242174],[-89.9886621,29.2420785],[-89.9887704,29.2420273],[-89.9888297,29.2421228],[-89.9887213,29.242174]]]}},{"type":"Feature","properties":{"property_id":"GI-0136","address_label":"Structure near 29.2423, -89.9805","occupancy_type":"Unclassified structure (OSM building=yes)","flood_zone_code":"VE","sfha":true,"risk_level":"High","recommended_action":"Research-tier classification: coastal high-hazard (wave action) or otherwise high flood-zone exposure. Treat as a prompt to review official FEMA flood maps and local hurricane evacuation guidance for this parish.","data_source":"OpenStreetMap building footprint + FEMA National Flood Hazard Layer (zone-based classification)","confidence_note":"Research-prototype classification derived from the public FEMA flood zone code for this location. It is a zone-based proxy, not a computed hydraulic or storm-surge model, and is not an official flood determination. Consult FEMA's Flood Map Service Center (msc.fema.gov) or your local floodplain administrator for official information.","building_height_m":5,"osm_way_id":1066812254},"geometry":{"type":"Polygon","coordinates":[[[-89.9803917,29.2423737],[-89.9803426,29.2422788],[-89.9805481,29.2421977],[-89.9805972,29.2422926],[-89.9803917,29.2423737]]]}},{"type":"Feature","properties":{"property_id":"GI-0137","address_label":"Structure near 29.2406, -89.9810","occupancy_type":"Unclassified structure (OSM building=yes)","flood_zone_code":"VE","sfha":true,"risk_level":"High","recommended_action":"Research-tier classification: coastal high-hazard (wave action) or otherwise high flood-zone exposure. Treat as a prompt to review official FEMA flood maps and local hurricane evacuation guidance for this parish.","data_source":"OpenStreetMap building footprint + FEMA National Flood Hazard Layer (zone-based classification)","confidence_note":"Research-prototype classification derived from the public FEMA flood zone code for this location. It is a zone-based proxy, not a computed hydraulic or storm-surge model, and is not an official flood determination. Consult FEMA's Flood Map Service Center (msc.fema.gov) or your local floodplain administrator for official information.","building_height_m":5,"osm_way_id":1066812255},"geometry":{"type":"Polygon","coordinates":[[[-89.9809588,29.2406599],[-89.9808706,29.2405102],[-89.9809635,29.2404685],[-89.9810518,29.2406182],[-89.9809588,29.2406599]]]}},{"type":"Feature","properties":{"property_id":"GI-0138","address_label":"Structure near 29.2449, -89.9833","occupancy_type":"Unclassified structure (OSM building=yes)","flood_zone_code":"VE","sfha":true,"risk_level":"High","recommended_action":"Research-tier classification: coastal high-hazard (wave action) or otherwise high flood-zone exposure. Treat as a prompt to review official FEMA flood maps and local hurricane evacuation guidance for this parish.","data_source":"OpenStreetMap building footprint + FEMA National Flood Hazard Layer (zone-based classification)","confidence_note":"Research-prototype classification derived from the public FEMA flood zone code for this location. It is a zone-based proxy, not a computed hydraulic or storm-surge model, and is not an official flood determination. Consult FEMA's Flood Map Service Center (msc.fema.gov) or your local floodplain administrator for official information.","building_height_m":5,"osm_way_id":1066812277},"geometry":{"type":"Polygon","coordinates":[[[-89.9832115,29.2450064],[-89.9831729,29.2449372],[-89.9833166,29.2448762],[-89.9833552,29.2449454],[-89.9832115,29.2450064]]]}},{"type":"Feature","properties":{"property_id":"GI-0139","address_label":"Structure near 29.2448, -89.9831","occupancy_type":"Unclassified structure (OSM building=yes)","flood_zone_code":"VE","sfha":true,"risk_level":"High","recommended_action":"Research-tier classification: coastal high-hazard (wave action) or otherwise high flood-zone exposure. Treat as a prompt to review official FEMA flood maps and local hurricane evacuation guidance for this parish.","data_source":"OpenStreetMap building footprint + FEMA National Flood Hazard Layer (zone-based classification)","confidence_note":"Research-prototype classification derived from the public FEMA flood zone code for this location. It is a zone-based proxy, not a computed hydraulic or storm-surge model, and is not an official flood determination. Consult FEMA's Flood Map Service Center (msc.fema.gov) or your local floodplain administrator for official information.","building_height_m":5,"osm_way_id":1066812278},"geometry":{"type":"Polygon","coordinates":[[[-89.9830894,29.2448148],[-89.9830609,29.2447685],[-89.983183,29.2447113],[-89.9832115,29.2447576],[-89.9830894,29.2448148]]]}},{"type":"Feature","properties":{"property_id":"GI-0140","address_label":"Structure near 29.2448, -89.9831","occupancy_type":"Unclassified structure (OSM building=yes)","flood_zone_code":"VE","sfha":true,"risk_level":"High","recommended_action":"Research-tier classification: coastal high-hazard (wave action) or otherwise high flood-zone exposure. Treat as a prompt to review official FEMA flood maps and local hurricane evacuation guidance for this parish.","data_source":"OpenStreetMap building footprint + FEMA National Flood Hazard Layer (zone-based classification)","confidence_note":"Research-prototype classification derived from the public FEMA flood zone code for this location. It is a zone-based proxy, not a computed hydraulic or storm-surge model, and is not an official flood determination. Consult FEMA's Flood Map Service Center (msc.fema.gov) or your local floodplain administrator for official information.","building_height_m":5,"osm_way_id":1066812279},"geometry":{"type":"Polygon","coordinates":[[[-89.9830896,29.2449208],[-89.983058,29.2448661],[-89.9830823,29.2448554],[-89.9830693,29.2448329],[-89.9832246,29.2447646],[-89.9832692,29.2448418],[-89.9830896,29.2449208]]]}},{"type":"Feature","properties":{"property_id":"GI-0141","address_label":"Structure near 29.2404, -89.9819","occupancy_type":"Unclassified structure (OSM building=yes)","flood_zone_code":"VE","sfha":true,"risk_level":"High","recommended_action":"Research-tier classification: coastal high-hazard (wave action) or otherwise high flood-zone exposure. Treat as a prompt to review official FEMA flood maps and local hurricane evacuation guidance for this parish.","data_source":"OpenStreetMap building footprint + FEMA National Flood Hazard Layer (zone-based classification)","confidence_note":"Research-prototype classification derived from the public FEMA flood zone code for this location. It is a zone-based proxy, not a computed hydraulic or storm-surge model, and is not an official flood determination. Consult FEMA's Flood Map Service Center (msc.fema.gov) or your local floodplain administrator for official information.","building_height_m":5,"osm_way_id":1066812280},"geometry":{"type":"Polygon","coordinates":[[[-89.9819283,29.2404788],[-89.9818687,29.2403691],[-89.981932,29.2403429],[-89.9819916,29.2404527],[-89.9819283,29.2404788]]]}},{"type":"Feature","properties":{"property_id":"GI-0142","address_label":"Structure near 29.2403, -89.9822","occupancy_type":"Unclassified structure (OSM building=yes)","flood_zone_code":"VE","sfha":true,"risk_level":"High","recommended_action":"Research-tier classification: coastal high-hazard (wave action) or otherwise high flood-zone exposure. Treat as a prompt to review official FEMA flood maps and local hurricane evacuation guidance for this parish.","data_source":"OpenStreetMap building footprint + FEMA National Flood Hazard Layer (zone-based classification)","confidence_note":"Research-prototype classification derived from the public FEMA flood zone code for this location. It is a zone-based proxy, not a computed hydraulic or storm-surge model, and is not an official flood determination. Consult FEMA's Flood Map Service Center (msc.fema.gov) or your local floodplain administrator for official information.","building_height_m":5,"osm_way_id":1066812281},"geometry":{"type":"Polygon","coordinates":[[[-89.9821553,29.2403786],[-89.9820839,29.2402546],[-89.982166,29.2402186],[-89.9822375,29.2403425],[-89.9821553,29.2403786]]]}},{"type":"Feature","properties":{"property_id":"GI-0143","address_label":"Structure near 29.2394, -89.9820","occupancy_type":"Unclassified structure (OSM building=yes)","flood_zone_code":"VE","sfha":true,"risk_level":"High","recommended_action":"Research-tier classification: coastal high-hazard (wave action) or otherwise high flood-zone exposure. Treat as a prompt to review official FEMA flood maps and local hurricane evacuation guidance for this parish.","data_source":"OpenStreetMap building footprint + FEMA National Flood Hazard Layer (zone-based classification)","confidence_note":"Research-prototype classification derived from the public FEMA flood zone code for this location. It is a zone-based proxy, not a computed hydraulic or storm-surge model, and is not an official flood determination. Consult FEMA's Flood Map Service Center (msc.fema.gov) or your local floodplain administrator for official information.","building_height_m":5,"osm_way_id":1066812282},"geometry":{"type":"Polygon","coordinates":[[[-89.9820036,29.2394622],[-89.981964,29.2393992],[-89.9820295,29.2393678],[-89.9820083,29.239334],[-89.9820721,29.2393035],[-89.9821329,29.2394003],[-89.9820036,29.2394622]]]}},{"type":"Feature","properties":{"property_id":"GI-0144","address_label":"Structure near 29.2396, -89.9817","occupancy_type":"Unclassified structure (OSM building=yes)","flood_zone_code":"VE","sfha":true,"risk_level":"High","recommended_action":"Research-tier classification: coastal high-hazard (wave action) or otherwise high flood-zone exposure. Treat as a prompt to review official FEMA flood maps and local hurricane evacuation guidance for this parish.","data_source":"OpenStreetMap building footprint + FEMA National Flood Hazard Layer (zone-based classification)","confidence_note":"Research-prototype classification derived from the public FEMA flood zone code for this location. It is a zone-based proxy, not a computed hydraulic or storm-surge model, and is not an official flood determination. Consult FEMA's Flood Map Service Center (msc.fema.gov) or your local floodplain administrator for official information.","building_height_m":5,"osm_way_id":1066812283},"geometry":{"type":"Polygon","coordinates":[[[-89.9817265,29.2396609],[-89.981623,29.239518],[-89.9817298,29.239459],[-89.9818334,29.239602],[-89.9817265,29.2396609]]]}},{"type":"Feature","properties":{"property_id":"GI-0145","address_label":"Structure near 29.2396, -89.9815","occupancy_type":"Unclassified structure (OSM building=yes)","flood_zone_code":"VE","sfha":true,"risk_level":"High","recommended_action":"Research-tier classification: coastal high-hazard (wave action) or otherwise high flood-zone exposure. Treat as a prompt to review official FEMA flood maps and local hurricane evacuation guidance for this parish.","data_source":"OpenStreetMap building footprint + FEMA National Flood Hazard Layer (zone-based classification)","confidence_note":"Research-prototype classification derived from the public FEMA flood zone code for this location. It is a zone-based proxy, not a computed hydraulic or storm-surge model, and is not an official flood determination. Consult FEMA's Flood Map Service Center (msc.fema.gov) or your local floodplain administrator for official information.","building_height_m":5,"osm_way_id":1066812284},"geometry":{"type":"Polygon","coordinates":[[[-89.9814412,29.2397045],[-89.9814159,29.2397167],[-89.9813724,29.2396481],[-89.9814034,29.2396331],[-89.9813879,29.2396086],[-89.9814942,29.2395573],[-89.98151,29.2395823],[-89.9815418,29.2395669],[-89.981586,29.2396368],[-89.9815574,29.2396506],[-89.9816003,29.2397183],[-89.9814851,29.2397739],[-89.9814412,29.2397045]]]}},{"type":"Feature","properties":{"property_id":"GI-0146","address_label":"Structure near 29.2405, -89.9800","occupancy_type":"Unclassified structure (OSM building=yes)","flood_zone_code":"VE","sfha":true,"risk_level":"High","recommended_action":"Research-tier classification: coastal high-hazard (wave action) or otherwise high flood-zone exposure. Treat as a prompt to review official FEMA flood maps and local hurricane evacuation guidance for this parish.","data_source":"OpenStreetMap building footprint + FEMA National Flood Hazard Layer (zone-based classification)","confidence_note":"Research-prototype classification derived from the public FEMA flood zone code for this location. It is a zone-based proxy, not a computed hydraulic or storm-surge model, and is not an official flood determination. Consult FEMA's Flood Map Service Center (msc.fema.gov) or your local floodplain administrator for official information.","building_height_m":5,"osm_way_id":1066812285},"geometry":{"type":"Polygon","coordinates":[[[-89.9800107,29.2406069],[-89.9799663,29.2405308],[-89.9800011,29.2405153],[-89.9799845,29.2404868],[-89.9800489,29.2404582],[-89.98011,29.2405628],[-89.9800107,29.2406069]]]}},{"type":"Feature","properties":{"property_id":"GI-0147","address_label":"Structure near 29.2404, -89.9801","occupancy_type":"Unclassified structure (OSM building=yes)","flood_zone_code":"VE","sfha":true,"risk_level":"High","recommended_action":"Research-tier classification: coastal high-hazard (wave action) or otherwise high flood-zone exposure. Treat as a prompt to review official FEMA flood maps and local hurricane evacuation guidance for this parish.","data_source":"OpenStreetMap building footprint + FEMA National Flood Hazard Layer (zone-based classification)","confidence_note":"Research-prototype classification derived from the public FEMA flood zone code for this location. It is a zone-based proxy, not a computed hydraulic or storm-surge model, and is not an official flood determination. Consult FEMA's Flood Map Service Center (msc.fema.gov) or your local floodplain administrator for official information.","building_height_m":5,"osm_way_id":1066812286},"geometry":{"type":"Polygon","coordinates":[[[-89.9801503,29.2405205],[-89.9800651,29.2403842],[-89.9801471,29.2403452],[-89.9802323,29.2404815],[-89.9801503,29.2405205]]]}},{"type":"Feature","properties":{"property_id":"GI-0148","address_label":"Structure near 29.2404, -89.9803","occupancy_type":"Unclassified structure (OSM building=yes)","flood_zone_code":"VE","sfha":true,"risk_level":"High","recommended_action":"Research-tier classification: coastal high-hazard (wave action) or otherwise high flood-zone exposure. Treat as a prompt to review official FEMA flood maps and local hurricane evacuation guidance for this parish.","data_source":"OpenStreetMap building footprint + FEMA National Flood Hazard Layer (zone-based classification)","confidence_note":"Research-prototype classification derived from the public FEMA flood zone code for this location. It is a zone-based proxy, not a computed hydraulic or storm-surge model, and is not an official flood determination. Consult FEMA's Flood Map Service Center (msc.fema.gov) or your local floodplain administrator for official information.","building_height_m":5,"osm_way_id":1066812287},"geometry":{"type":"Polygon","coordinates":[[[-89.9803016,29.2404929],[-89.9801925,29.2402997],[-89.9802917,29.2402571],[-89.9804008,29.2404502],[-89.9803016,29.2404929]]]}},{"type":"Feature","properties":{"property_id":"GI-0149","address_label":"Structure near 29.2402, -89.9804","occupancy_type":"Unclassified structure (OSM building=yes)","flood_zone_code":"VE","sfha":true,"risk_level":"High","recommended_action":"Research-tier classification: coastal high-hazard (wave action) or otherwise high flood-zone exposure. Treat as a prompt to review official FEMA flood maps and local hurricane evacuation guidance for this parish.","data_source":"OpenStreetMap building footprint + FEMA National Flood Hazard Layer (zone-based classification)","confidence_note":"Research-prototype classification derived from the public FEMA flood zone code for this location. It is a zone-based proxy, not a computed hydraulic or storm-surge model, and is not an official flood determination. Consult FEMA's Flood Map Service Center (msc.fema.gov) or your local floodplain administrator for official information.","building_height_m":5,"osm_way_id":1066812288},"geometry":{"type":"Polygon","coordinates":[[[-89.9804292,29.240273],[-89.9803866,29.2402102],[-89.9803546,29.2402268],[-89.9803392,29.240204],[-89.9803634,29.2401915],[-89.9803458,29.2401655],[-89.9804499,29.2401117],[-89.9804769,29.2401515],[-89.9805382,29.2401198],[-89.9805869,29.2401915],[-89.9804292,29.240273]]]}},{"type":"Feature","properties":{"property_id":"GI-0150","address_label":"Structure near 29.2401, -89.9807","occupancy_type":"Unclassified structure (OSM building=yes)","flood_zone_code":"VE","sfha":true,"risk_level":"High","recommended_action":"Research-tier classification: coastal high-hazard (wave action) or otherwise high flood-zone exposure. Treat as a prompt to review official FEMA flood maps and local hurricane evacuation guidance for this parish.","data_source":"OpenStreetMap building footprint + FEMA National Flood Hazard Layer (zone-based classification)","confidence_note":"Research-prototype classification derived from the public FEMA flood zone code for this location. It is a zone-based proxy, not a computed hydraulic or storm-surge model, and is not an official flood determination. Consult FEMA's Flood Map Service Center (msc.fema.gov) or your local floodplain administrator for official information.","building_height_m":5,"osm_way_id":1066812289},"geometry":{"type":"Polygon","coordinates":[[[-89.9807166,29.2402184],[-89.9806514,29.2401192],[-89.9806885,29.2401007],[-89.980717,29.240144],[-89.9807317,29.2401366],[-89.980685,29.2400655],[-89.9807437,29.2400361],[-89.9808272,29.2401631],[-89.9807166,29.2402184]]]}},{"type":"Feature","properties":{"property_id":"GI-0151","address_label":"Structure near 29.2399, -89.9811","occupancy_type":"Unclassified structure (OSM building=yes)","flood_zone_code":"VE","sfha":true,"risk_level":"High","recommended_action":"Research-tier classification: coastal high-hazard (wave action) or otherwise high flood-zone exposure. Treat as a prompt to review official FEMA flood maps and local hurricane evacuation guidance for this parish.","data_source":"OpenStreetMap building footprint + FEMA National Flood Hazard Layer (zone-based classification)","confidence_note":"Research-prototype classification derived from the public FEMA flood zone code for this location. It is a zone-based proxy, not a computed hydraulic or storm-surge model, and is not an official flood determination. Consult FEMA's Flood Map Service Center (msc.fema.gov) or your local floodplain administrator for official information.","building_height_m":5,"osm_way_id":1066812290},"geometry":{"type":"Polygon","coordinates":[[[-89.9810646,29.2400806],[-89.9809744,29.2399655],[-89.9810416,29.2399253],[-89.9810263,29.2399057],[-89.9810973,29.2398633],[-89.9811186,29.2398819],[-89.9811818,29.2398441],[-89.9812501,29.2399312],[-89.9810897,29.240027],[-89.9811103,29.2400533],[-89.9810646,29.2400806]]]}},{"type":"Feature","properties":{"property_id":"GI-0152","address_label":"Structure near 29.2401, -89.9817","occupancy_type":"Unclassified structure (OSM building=yes)","flood_zone_code":"VE","sfha":true,"risk_level":"High","recommended_action":"Research-tier classification: coastal high-hazard (wave action) or otherwise high flood-zone exposure. Treat as a prompt to review official FEMA flood maps and local hurricane evacuation guidance for this parish.","data_source":"OpenStreetMap building footprint + FEMA National Flood Hazard Layer (zone-based classification)","confidence_note":"Research-prototype classification derived from the public FEMA flood zone code for this location. It is a zone-based proxy, not a computed hydraulic or storm-surge model, and is not an official flood determination. Consult FEMA's Flood Map Service Center (msc.fema.gov) or your local floodplain administrator for official information.","building_height_m":5,"osm_way_id":1066812291},"geometry":{"type":"Polygon","coordinates":[[[-89.9817263,29.2401796],[-89.9816727,29.2400941],[-89.9817446,29.2400598],[-89.9817982,29.2401453],[-89.9817263,29.2401796]]]}},{"type":"Feature","properties":{"property_id":"GI-0153","address_label":"Structure near 29.2407, -89.9815","occupancy_type":"Unclassified structure (OSM building=yes)","flood_zone_code":"VE","sfha":true,"risk_level":"High","recommended_action":"Research-tier classification: coastal high-hazard (wave action) or otherwise high flood-zone exposure. Treat as a prompt to review official FEMA flood maps and local hurricane evacuation guidance for this parish.","data_source":"OpenStreetMap building footprint + FEMA National Flood Hazard Layer (zone-based classification)","confidence_note":"Research-prototype classification derived from the public FEMA flood zone code for this location. It is a zone-based proxy, not a computed hydraulic or storm-surge model, and is not an official flood determination. Consult FEMA's Flood Map Service Center (msc.fema.gov) or your local floodplain administrator for official information.","building_height_m":5,"osm_way_id":1066812292},"geometry":{"type":"Polygon","coordinates":[[[-89.9814483,29.2407778],[-89.9814418,29.2407542],[-89.9814165,29.2407643],[-89.9813698,29.2406755],[-89.9814785,29.240632],[-89.9814965,29.2406663],[-89.9815378,29.2406498],[-89.9815779,29.2407259],[-89.9814483,29.2407778]]]}},{"type":"Feature","properties":{"property_id":"GI-0154","address_label":"Structure near 29.2403, -89.9814","occupancy_type":"Unclassified structure (OSM building=yes)","flood_zone_code":"VE","sfha":true,"risk_level":"High","recommended_action":"Research-tier classification: coastal high-hazard (wave action) or otherwise high flood-zone exposure. Treat as a prompt to review official FEMA flood maps and local hurricane evacuation guidance for this parish.","data_source":"OpenStreetMap building footprint + FEMA National Flood Hazard Layer (zone-based classification)","confidence_note":"Research-prototype classification derived from the public FEMA flood zone code for this location. It is a zone-based proxy, not a computed hydraulic or storm-surge model, and is not an official flood determination. Consult FEMA's Flood Map Service Center (msc.fema.gov) or your local floodplain administrator for official information.","building_height_m":5,"osm_way_id":1066812293},"geometry":{"type":"Polygon","coordinates":[[[-89.9815424,29.2403451],[-89.9813834,29.2404148],[-89.9813018,29.240273],[-89.9813307,29.2402603],[-89.981328,29.24025],[-89.9814035,29.2402169],[-89.9814092,29.2402269],[-89.9814612,29.2402041],[-89.9815424,29.2403451]]]}},{"type":"Feature","properties":{"property_id":"GI-0155","address_label":"Structure near 29.2407, -89.9807","occupancy_type":"Unclassified structure (OSM building=yes)","flood_zone_code":"VE","sfha":true,"risk_level":"High","recommended_action":"Research-tier classification: coastal high-hazard (wave action) or otherwise high flood-zone exposure. Treat as a prompt to review official FEMA flood maps and local hurricane evacuation guidance for this parish.","data_source":"OpenStreetMap building footprint + FEMA National Flood Hazard Layer (zone-based classification)","confidence_note":"Research-prototype classification derived from the public FEMA flood zone code for this location. It is a zone-based proxy, not a computed hydraulic or storm-surge model, and is not an official flood determination. Consult FEMA's Flood Map Service Center (msc.fema.gov) or your local floodplain administrator for official information.","building_height_m":5,"osm_way_id":1066812294},"geometry":{"type":"Polygon","coordinates":[[[-89.9806913,29.2407744],[-89.9806152,29.2406415],[-89.9806921,29.2406079],[-89.9807683,29.2407408],[-89.9806913,29.2407744]]]}},{"type":"Feature","properties":{"property_id":"GI-0156","address_label":"Structure near 29.2410, -89.9808","occupancy_type":"Unclassified structure (OSM building=yes)","flood_zone_code":"VE","sfha":true,"risk_level":"High","recommended_action":"Research-tier classification: coastal high-hazard (wave action) or otherwise high flood-zone exposure. Treat as a prompt to review official FEMA flood maps and local hurricane evacuation guidance for this parish.","data_source":"OpenStreetMap building footprint + FEMA National Flood Hazard Layer (zone-based classification)","confidence_note":"Research-prototype classification derived from the public FEMA flood zone code for this location. It is a zone-based proxy, not a computed hydraulic or storm-surge model, and is not an official flood determination. Consult FEMA's Flood Map Service Center (msc.fema.gov) or your local floodplain administrator for official information.","building_height_m":5,"osm_way_id":1066812295},"geometry":{"type":"Polygon","coordinates":[[[-89.9808593,29.2410743],[-89.9807475,29.2408874],[-89.9808193,29.2408547],[-89.9809311,29.2410416],[-89.9808593,29.2410743]]]}},{"type":"Feature","properties":{"property_id":"GI-0157","address_label":"Structure near 29.2409, -89.9811","occupancy_type":"Unclassified structure (OSM building=yes)","flood_zone_code":"VE","sfha":true,"risk_level":"High","recommended_action":"Research-tier classification: coastal high-hazard (wave action) or otherwise high flood-zone exposure. Treat as a prompt to review official FEMA flood maps and local hurricane evacuation guidance for this parish.","data_source":"OpenStreetMap building footprint + FEMA National Flood Hazard Layer (zone-based classification)","confidence_note":"Research-prototype classification derived from the public FEMA flood zone code for this location. It is a zone-based proxy, not a computed hydraulic or storm-surge model, and is not an official flood determination. Consult FEMA's Flood Map Service Center (msc.fema.gov) or your local floodplain administrator for official information.","building_height_m":5,"osm_way_id":1066812296},"geometry":{"type":"Polygon","coordinates":[[[-89.9810058,29.2409758],[-89.9809713,29.2409121],[-89.981027,29.2408901],[-89.9809899,29.2408114],[-89.9811252,29.2407477],[-89.9811981,29.2408762],[-89.9810668,29.2409318],[-89.9810496,29.2409364],[-89.9810602,29.2409549],[-89.9810058,29.2409758]]]}},{"type":"Feature","properties":{"property_id":"GI-0158","address_label":"Structure near 29.2413, -89.9813","occupancy_type":"Unclassified structure (OSM building=yes)","flood_zone_code":"VE","sfha":true,"risk_level":"High","recommended_action":"Research-tier classification: coastal high-hazard (wave action) or otherwise high flood-zone exposure. Treat as a prompt to review official FEMA flood maps and local hurricane evacuation guidance for this parish.","data_source":"OpenStreetMap building footprint + FEMA National Flood Hazard Layer (zone-based classification)","confidence_note":"Research-prototype classification derived from the public FEMA flood zone code for this location. It is a zone-based proxy, not a computed hydraulic or storm-surge model, and is not an official flood determination. Consult FEMA's Flood Map Service Center (msc.fema.gov) or your local floodplain administrator for official information.","building_height_m":5,"osm_way_id":1066812297},"geometry":{"type":"Polygon","coordinates":[[[-89.9813057,29.241347],[-89.9812761,29.2413595],[-89.981256,29.2413234],[-89.9812844,29.2413114],[-89.9812449,29.2412405],[-89.9813357,29.241202],[-89.9813526,29.2412324],[-89.9813833,29.2412193],[-89.9814216,29.241288],[-89.9813927,29.2413002],[-89.9814161,29.2413423],[-89.9813247,29.2413811],[-89.9813057,29.241347]]]}},{"type":"Feature","properties":{"property_id":"GI-0159","address_label":"Structure near 29.2415, -89.9814","occupancy_type":"Unclassified structure (OSM building=yes)","flood_zone_code":"VE","sfha":true,"risk_level":"High","recommended_action":"Research-tier classification: coastal high-hazard (wave action) or otherwise high flood-zone exposure. Treat as a prompt to review official FEMA flood maps and local hurricane evacuation guidance for this parish.","data_source":"OpenStreetMap building footprint + FEMA National Flood Hazard Layer (zone-based classification)","confidence_note":"Research-prototype classification derived from the public FEMA flood zone code for this location. It is a zone-based proxy, not a computed hydraulic or storm-surge model, and is not an official flood determination. Consult FEMA's Flood Map Service Center (msc.fema.gov) or your local floodplain administrator for official information.","building_height_m":5,"osm_way_id":1066812298},"geometry":{"type":"Polygon","coordinates":[[[-89.9813506,29.2415418],[-89.9814568,29.2414922],[-89.9814795,29.2415292],[-89.9813733,29.2415788],[-89.9813506,29.2415418]]]}},{"type":"Feature","properties":{"property_id":"GI-0160","address_label":"Structure near 29.2416, -89.9815","occupancy_type":"Unclassified structure (OSM building=yes)","flood_zone_code":"VE","sfha":true,"risk_level":"High","recommended_action":"Research-tier classification: coastal high-hazard (wave action) or otherwise high flood-zone exposure. Treat as a prompt to review official FEMA flood maps and local hurricane evacuation guidance for this parish.","data_source":"OpenStreetMap building footprint + FEMA National Flood Hazard Layer (zone-based classification)","confidence_note":"Research-prototype classification derived from the public FEMA flood zone code for this location. It is a zone-based proxy, not a computed hydraulic or storm-surge model, and is not an official flood determination. Consult FEMA's Flood Map Service Center (msc.fema.gov) or your local floodplain administrator for official information.","building_height_m":5,"osm_way_id":1066812299},"geometry":{"type":"Polygon","coordinates":[[[-89.9813813,29.241591],[-89.9815044,29.2415374],[-89.9815449,29.2416082],[-89.981529,29.2416151],[-89.9815479,29.2416481],[-89.9814406,29.2416948],[-89.9813813,29.241591]]]}},{"type":"Feature","properties":{"property_id":"GI-0161","address_label":"Structure near 29.2419, -89.9814","occupancy_type":"Unclassified structure (OSM building=yes)","flood_zone_code":"VE","sfha":true,"risk_level":"High","recommended_action":"Research-tier classification: coastal high-hazard (wave action) or otherwise high flood-zone exposure. Treat as a prompt to review official FEMA flood maps and local hurricane evacuation guidance for this parish.","data_source":"OpenStreetMap building footprint + FEMA National Flood Hazard Layer (zone-based classification)","confidence_note":"Research-prototype classification derived from the public FEMA flood zone code for this location. It is a zone-based proxy, not a computed hydraulic or storm-surge model, and is not an official flood determination. Consult FEMA's Flood Map Service Center (msc.fema.gov) or your local floodplain administrator for official information.","building_height_m":5,"osm_way_id":1066812300},"geometry":{"type":"Polygon","coordinates":[[[-89.9813297,29.241842],[-89.98141,29.241808],[-89.981456,29.2418907],[-89.9813756,29.2419246],[-89.9813297,29.241842]]]}},{"type":"Feature","properties":{"property_id":"GI-0162","address_label":"Structure near 29.2411, -89.9803","occupancy_type":"Unclassified structure (OSM building=yes)","flood_zone_code":"VE","sfha":true,"risk_level":"High","recommended_action":"Research-tier classification: coastal high-hazard (wave action) or otherwise high flood-zone exposure. Treat as a prompt to review official FEMA flood maps and local hurricane evacuation guidance for this parish.","data_source":"OpenStreetMap building footprint + FEMA National Flood Hazard Layer (zone-based classification)","confidence_note":"Research-prototype classification derived from the public FEMA flood zone code for this location. It is a zone-based proxy, not a computed hydraulic or storm-surge model, and is not an official flood determination. Consult FEMA's Flood Map Service Center (msc.fema.gov) or your local floodplain administrator for official information.","building_height_m":5,"osm_way_id":1066812301},"geometry":{"type":"Polygon","coordinates":[[[-89.9803781,29.2411675],[-89.980381,29.24118],[-89.9803588,29.2411892],[-89.9803536,29.2411797],[-89.9803381,29.2411861],[-89.9802895,29.2410963],[-89.980275,29.2411023],[-89.9802654,29.2410846],[-89.9803862,29.2410348],[-89.9804435,29.2411406],[-89.9803781,29.2411675]]]}},{"type":"Feature","properties":{"property_id":"GI-0163","address_label":"Structure near 29.2412, -89.9805","occupancy_type":"Unclassified structure (OSM building=yes)","flood_zone_code":"VE","sfha":true,"risk_level":"High","recommended_action":"Research-tier classification: coastal high-hazard (wave action) or otherwise high flood-zone exposure. Treat as a prompt to review official FEMA flood maps and local hurricane evacuation guidance for this parish.","data_source":"OpenStreetMap building footprint + FEMA National Flood Hazard Layer (zone-based classification)","confidence_note":"Research-prototype classification derived from the public FEMA flood zone code for this location. It is a zone-based proxy, not a computed hydraulic or storm-surge model, and is not an official flood determination. Consult FEMA's Flood Map Service Center (msc.fema.gov) or your local floodplain administrator for official information.","building_height_m":5,"osm_way_id":1066812302},"geometry":{"type":"Polygon","coordinates":[[[-89.9803842,29.2412401],[-89.980484,29.2411981],[-89.9804793,29.2411896],[-89.9805093,29.241177],[-89.9805365,29.2412262],[-89.9805041,29.2412399],[-89.980507,29.2412451],[-89.9804096,29.2412861],[-89.9803842,29.2412401]]]}},{"type":"Feature","properties":{"property_id":"GI-0164","address_label":"Structure near 29.2414, -89.9809","occupancy_type":"Unclassified structure (OSM building=yes)","flood_zone_code":"VE","sfha":true,"risk_level":"High","recommended_action":"Research-tier classification: coastal high-hazard (wave action) or otherwise high flood-zone exposure. Treat as a prompt to review official FEMA flood maps and local hurricane evacuation guidance for this parish.","data_source":"OpenStreetMap building footprint + FEMA National Flood Hazard Layer (zone-based classification)","confidence_note":"Research-prototype classification derived from the public FEMA flood zone code for this location. It is a zone-based proxy, not a computed hydraulic or storm-surge model, and is not an official flood determination. Consult FEMA's Flood Map Service Center (msc.fema.gov) or your local floodplain administrator for official information.","building_height_m":5,"osm_way_id":1066812303},"geometry":{"type":"Polygon","coordinates":[[[-89.9807963,29.241384],[-89.9808231,29.2413719],[-89.980817,29.2413494],[-89.9808608,29.2413296],[-89.9809618,29.2414996],[-89.9808855,29.2415342],[-89.9807963,29.241384]]]}},{"type":"Feature","properties":{"property_id":"GI-0165","address_label":"Structure near 29.2414, -89.9811","occupancy_type":"Unclassified structure (OSM building=yes)","flood_zone_code":"VE","sfha":true,"risk_level":"High","recommended_action":"Research-tier classification: coastal high-hazard (wave action) or otherwise high flood-zone exposure. Treat as a prompt to review official FEMA flood maps and local hurricane evacuation guidance for this parish.","data_source":"OpenStreetMap building footprint + FEMA National Flood Hazard Layer (zone-based classification)","confidence_note":"Research-prototype classification derived from the public FEMA flood zone code for this location. It is a zone-based proxy, not a computed hydraulic or storm-surge model, and is not an official flood determination. Consult FEMA's Flood Map Service Center (msc.fema.gov) or your local floodplain administrator for official information.","building_height_m":5,"osm_way_id":1066812304},"geometry":{"type":"Polygon","coordinates":[[[-89.9810547,29.24134],[-89.9811326,29.2413064],[-89.9812043,29.2414329],[-89.9811263,29.2414665],[-89.9810547,29.24134]]]}},{"type":"Feature","properties":{"property_id":"GI-0166","address_label":"Structure near 29.2421, -89.9804","occupancy_type":"Unclassified structure (OSM building=yes)","flood_zone_code":"VE","sfha":true,"risk_level":"High","recommended_action":"Research-tier classification: coastal high-hazard (wave action) or otherwise high flood-zone exposure. Treat as a prompt to review official FEMA flood maps and local hurricane evacuation guidance for this parish.","data_source":"OpenStreetMap building footprint + FEMA National Flood Hazard Layer (zone-based classification)","confidence_note":"Research-prototype classification derived from the public FEMA flood zone code for this location. It is a zone-based proxy, not a computed hydraulic or storm-surge model, and is not an official flood determination. Consult FEMA's Flood Map Service Center (msc.fema.gov) or your local floodplain administrator for official information.","building_height_m":5,"osm_way_id":1066812305},"geometry":{"type":"Polygon","coordinates":[[[-89.9803242,29.2421575],[-89.9804938,29.2420765],[-89.980518,29.2421151],[-89.9803484,29.242196],[-89.9803242,29.2421575]]]}},{"type":"Feature","properties":{"property_id":"GI-0167","address_label":"Structure near 29.2446, -89.9819","occupancy_type":"Unclassified structure (OSM building=yes)","flood_zone_code":"VE","sfha":true,"risk_level":"High","recommended_action":"Research-tier classification: coastal high-hazard (wave action) or otherwise high flood-zone exposure. Treat as a prompt to review official FEMA flood maps and local hurricane evacuation guidance for this parish.","data_source":"OpenStreetMap building footprint + FEMA National Flood Hazard Layer (zone-based classification)","confidence_note":"Research-prototype classification derived from the public FEMA flood zone code for this location. It is a zone-based proxy, not a computed hydraulic or storm-surge model, and is not an official flood determination. Consult FEMA's Flood Map Service Center (msc.fema.gov) or your local floodplain administrator for official information.","building_height_m":5,"osm_way_id":1066812306},"geometry":{"type":"Polygon","coordinates":[[[-89.9818889,29.2446112],[-89.9818735,29.2445882],[-89.9818376,29.2446065],[-89.9817937,29.2445408],[-89.981935,29.2444689],[-89.9819804,29.2445369],[-89.9819413,29.2445568],[-89.9819551,29.2445775],[-89.9818889,29.2446112]]]}},{"type":"Feature","properties":{"property_id":"GI-0168","address_label":"Structure near 29.2450, -89.9805","occupancy_type":"Unclassified structure (OSM building=yes)","flood_zone_code":"VE","sfha":true,"risk_level":"High","recommended_action":"Research-tier classification: coastal high-hazard (wave action) or otherwise high flood-zone exposure. Treat as a prompt to review official FEMA flood maps and local hurricane evacuation guidance for this parish.","data_source":"OpenStreetMap building footprint + FEMA National Flood Hazard Layer (zone-based classification)","confidence_note":"Research-prototype classification derived from the public FEMA flood zone code for this location. It is a zone-based proxy, not a computed hydraulic or storm-surge model, and is not an official flood determination. Consult FEMA's Flood Map Service Center (msc.fema.gov) or your local floodplain administrator for official information.","building_height_m":5,"osm_way_id":1066812307},"geometry":{"type":"Polygon","coordinates":[[[-89.9805257,29.2449894],[-89.9805055,29.2449607],[-89.9805366,29.244944],[-89.9805569,29.2449727],[-89.9805257,29.2449894]]]}},{"type":"Feature","properties":{"property_id":"GI-0169","address_label":"Structure near 29.2450, -89.9808","occupancy_type":"Unclassified structure (OSM building=yes)","flood_zone_code":"VE","sfha":true,"risk_level":"High","recommended_action":"Research-tier classification: coastal high-hazard (wave action) or otherwise high flood-zone exposure. Treat as a prompt to review official FEMA flood maps and local hurricane evacuation guidance for this parish.","data_source":"OpenStreetMap building footprint + FEMA National Flood Hazard Layer (zone-based classification)","confidence_note":"Research-prototype classification derived from the public FEMA flood zone code for this location. It is a zone-based proxy, not a computed hydraulic or storm-surge model, and is not an official flood determination. Consult FEMA's Flood Map Service Center (msc.fema.gov) or your local floodplain administrator for official information.","building_height_m":5,"osm_way_id":1066812310},"geometry":{"type":"Polygon","coordinates":[[[-89.9807232,29.2450331],[-89.9806989,29.2450439],[-89.980659,29.2449759],[-89.9806843,29.2449646],[-89.9806671,29.2449353],[-89.9807685,29.2448901],[-89.9807848,29.2449179],[-89.9808043,29.2449092],[-89.9808637,29.2450106],[-89.9807972,29.2450402],[-89.980817,29.2450741],[-89.9807617,29.2450987],[-89.9807232,29.2450331]]]}},{"type":"Feature","properties":{"property_id":"GI-0170","address_label":"Structure near 29.2434, -89.9808","occupancy_type":"Unclassified structure (OSM building=yes)","flood_zone_code":"VE","sfha":true,"risk_level":"High","recommended_action":"Research-tier classification: coastal high-hazard (wave action) or otherwise high flood-zone exposure. Treat as a prompt to review official FEMA flood maps and local hurricane evacuation guidance for this parish.","data_source":"OpenStreetMap building footprint + FEMA National Flood Hazard Layer (zone-based classification)","confidence_note":"Research-prototype classification derived from the public FEMA flood zone code for this location. It is a zone-based proxy, not a computed hydraulic or storm-surge model, and is not an official flood determination. Consult FEMA's Flood Map Service Center (msc.fema.gov) or your local floodplain administrator for official information.","building_height_m":5,"osm_way_id":1066812311},"geometry":{"type":"Polygon","coordinates":[[[-89.9808329,29.2434203],[-89.9808123,29.2433777],[-89.9808339,29.2433697],[-89.9808545,29.2434124],[-89.9808329,29.2434203]]]}},{"type":"Feature","properties":{"property_id":"GI-0171","address_label":"Structure near 29.2434, -89.9808","occupancy_type":"Unclassified structure (OSM building=yes)","flood_zone_code":"VE","sfha":true,"risk_level":"High","recommended_action":"Research-tier classification: coastal high-hazard (wave action) or otherwise high flood-zone exposure. Treat as a prompt to review official FEMA flood maps and local hurricane evacuation guidance for this parish.","data_source":"OpenStreetMap building footprint + FEMA National Flood Hazard Layer (zone-based classification)","confidence_note":"Research-prototype classification derived from the public FEMA flood zone code for this location. It is a zone-based proxy, not a computed hydraulic or storm-surge model, and is not an official flood determination. Consult FEMA's Flood Map Service Center (msc.fema.gov) or your local floodplain administrator for official information.","building_height_m":5,"osm_way_id":1066812312},"geometry":{"type":"Polygon","coordinates":[[[-89.9807628,29.2434761],[-89.9807345,29.2434259],[-89.9807694,29.243411],[-89.9807977,29.2434611],[-89.9807628,29.2434761]]]}},{"type":"Feature","properties":{"property_id":"GI-0172","address_label":"173 Birch Lane","occupancy_type":"Unclassified structure (OSM building=yes)","flood_zone_code":"VE","sfha":true,"risk_level":"High","recommended_action":"Research-tier classification: coastal high-hazard (wave action) or otherwise high flood-zone exposure. Treat as a prompt to review official FEMA flood maps and local hurricane evacuation guidance for this parish.","data_source":"OpenStreetMap building footprint + FEMA National Flood Hazard Layer (zone-based classification)","confidence_note":"Research-prototype classification derived from the public FEMA flood zone code for this location. It is a zone-based proxy, not a computed hydraulic or storm-surge model, and is not an official flood determination. Consult FEMA's Flood Map Service Center (msc.fema.gov) or your local floodplain administrator for official information.","building_height_m":5,"osm_way_id":1066812313},"geometry":{"type":"Polygon","coordinates":[[[-89.9804961,29.2435659],[-89.9804739,29.2435292],[-89.9805312,29.2435028],[-89.9805534,29.2435396],[-89.9804961,29.2435659]]]}},{"type":"Feature","properties":{"property_id":"GI-0173","address_label":"Structure near 29.2435, -89.9806","occupancy_type":"Unclassified structure (OSM building=yes)","flood_zone_code":"VE","sfha":true,"risk_level":"High","recommended_action":"Research-tier classification: coastal high-hazard (wave action) or otherwise high flood-zone exposure. Treat as a prompt to review official FEMA flood maps and local hurricane evacuation guidance for this parish.","data_source":"OpenStreetMap building footprint + FEMA National Flood Hazard Layer (zone-based classification)","confidence_note":"Research-prototype classification derived from the public FEMA flood zone code for this location. It is a zone-based proxy, not a computed hydraulic or storm-surge model, and is not an official flood determination. Consult FEMA's Flood Map Service Center (msc.fema.gov) or your local floodplain administrator for official information.","building_height_m":5,"osm_way_id":1066812314},"geometry":{"type":"Polygon","coordinates":[[[-89.9806075,29.2435044],[-89.9805842,29.2434586],[-89.9806217,29.2434441],[-89.980645,29.2434899],[-89.9806075,29.2435044]]]}},{"type":"Feature","properties":{"property_id":"GI-0174","address_label":"Structure near 29.2435, -89.9807","occupancy_type":"Unclassified structure (OSM building=yes)","flood_zone_code":"VE","sfha":true,"risk_level":"High","recommended_action":"Research-tier classification: coastal high-hazard (wave action) or otherwise high flood-zone exposure. Treat as a prompt to review official FEMA flood maps and local hurricane evacuation guidance for this parish.","data_source":"OpenStreetMap building footprint + FEMA National Flood Hazard Layer (zone-based classification)","confidence_note":"Research-prototype classification derived from the public FEMA flood zone code for this location. It is a zone-based proxy, not a computed hydraulic or storm-surge model, and is not an official flood determination. Consult FEMA's Flood Map Service Center (msc.fema.gov) or your local floodplain administrator for official information.","building_height_m":5,"osm_way_id":1066812315},"geometry":{"type":"Polygon","coordinates":[[[-89.9806627,29.2434691],[-89.9807136,29.2434487],[-89.980738,29.2434951],[-89.9806871,29.2435155],[-89.9806627,29.2434691]]]}},{"type":"Feature","properties":{"property_id":"GI-0175","address_label":"Structure near 29.2417, -89.9811","occupancy_type":"Unclassified structure (OSM building=yes)","flood_zone_code":"VE","sfha":true,"risk_level":"High","recommended_action":"Research-tier classification: coastal high-hazard (wave action) or otherwise high flood-zone exposure. Treat as a prompt to review official FEMA flood maps and local hurricane evacuation guidance for this parish.","data_source":"OpenStreetMap building footprint + FEMA National Flood Hazard Layer (zone-based classification)","confidence_note":"Research-prototype classification derived from the public FEMA flood zone code for this location. It is a zone-based proxy, not a computed hydraulic or storm-surge model, and is not an official flood determination. Consult FEMA's Flood Map Service Center (msc.fema.gov) or your local floodplain administrator for official information.","building_height_m":5,"osm_way_id":1066812316},"geometry":{"type":"Polygon","coordinates":[[[-89.9810834,29.2417449],[-89.9810335,29.2416525],[-89.9810936,29.2416278],[-89.9811435,29.2417202],[-89.9810834,29.2417449]]]}},{"type":"Feature","properties":{"property_id":"GI-0176","address_label":"Structure near 29.2418, -89.9809","occupancy_type":"Unclassified structure (OSM building=yes)","flood_zone_code":"VE","sfha":true,"risk_level":"High","recommended_action":"Research-tier classification: coastal high-hazard (wave action) or otherwise high flood-zone exposure. Treat as a prompt to review official FEMA flood maps and local hurricane evacuation guidance for this parish.","data_source":"OpenStreetMap building footprint + FEMA National Flood Hazard Layer (zone-based classification)","confidence_note":"Research-prototype classification derived from the public FEMA flood zone code for this location. It is a zone-based proxy, not a computed hydraulic or storm-surge model, and is not an official flood determination. Consult FEMA's Flood Map Service Center (msc.fema.gov) or your local floodplain administrator for official information.","building_height_m":5,"osm_way_id":1066812317},"geometry":{"type":"Polygon","coordinates":[[[-89.9808529,29.2418695],[-89.9808053,29.2417846],[-89.9809431,29.2417258],[-89.9809907,29.2418107],[-89.9808529,29.2418695]]]}},{"type":"Feature","properties":{"property_id":"GI-0177","address_label":"Structure near 29.2419, -89.9810","occupancy_type":"Unclassified structure (OSM building=yes)","flood_zone_code":"VE","sfha":true,"risk_level":"High","recommended_action":"Research-tier classification: coastal high-hazard (wave action) or otherwise high flood-zone exposure. Treat as a prompt to review official FEMA flood maps and local hurricane evacuation guidance for this parish.","data_source":"OpenStreetMap building footprint + FEMA National Flood Hazard Layer (zone-based classification)","confidence_note":"Research-prototype classification derived from the public FEMA flood zone code for this location. It is a zone-based proxy, not a computed hydraulic or storm-surge model, and is not an official flood determination. Consult FEMA's Flood Map Service Center (msc.fema.gov) or your local floodplain administrator for official information.","building_height_m":5,"osm_way_id":1066812318},"geometry":{"type":"Polygon","coordinates":[[[-89.9809164,29.2419894],[-89.9808737,29.2419083],[-89.9810029,29.2418566],[-89.9810456,29.2419377],[-89.9809164,29.2419894]]]}},{"type":"Feature","properties":{"property_id":"GI-0178","address_label":"Structure near 29.2421, -89.9809","occupancy_type":"Unclassified structure (OSM building=yes)","flood_zone_code":"VE","sfha":true,"risk_level":"High","recommended_action":"Research-tier classification: coastal high-hazard (wave action) or otherwise high flood-zone exposure. Treat as a prompt to review official FEMA flood maps and local hurricane evacuation guidance for this parish.","data_source":"OpenStreetMap building footprint + FEMA National Flood Hazard Layer (zone-based classification)","confidence_note":"Research-prototype classification derived from the public FEMA flood zone code for this location. It is a zone-based proxy, not a computed hydraulic or storm-surge model, and is not an official flood determination. Consult FEMA's Flood Map Service Center (msc.fema.gov) or your local floodplain administrator for official information.","building_height_m":5,"osm_way_id":1066812319},"geometry":{"type":"Polygon","coordinates":[[[-89.9808171,29.2420629],[-89.9809375,29.2420094],[-89.9809699,29.2420649],[-89.9808494,29.2421184],[-89.9808171,29.2420629]]]}},{"type":"Feature","properties":{"property_id":"GI-0179","address_label":"Structure near 29.2417, -89.9802","occupancy_type":"Unclassified structure (OSM building=yes)","flood_zone_code":"VE","sfha":true,"risk_level":"High","recommended_action":"Research-tier classification: coastal high-hazard (wave action) or otherwise high flood-zone exposure. Treat as a prompt to review official FEMA flood maps and local hurricane evacuation guidance for this parish.","data_source":"OpenStreetMap building footprint + FEMA National Flood Hazard Layer (zone-based classification)","confidence_note":"Research-prototype classification derived from the public FEMA flood zone code for this location. It is a zone-based proxy, not a computed hydraulic or storm-surge model, and is not an official flood determination. Consult FEMA's Flood Map Service Center (msc.fema.gov) or your local floodplain administrator for official information.","building_height_m":5,"osm_way_id":1066812320},"geometry":{"type":"Polygon","coordinates":[[[-89.9801619,29.2418798],[-89.9800793,29.2417277],[-89.9801961,29.2416794],[-89.9802149,29.2417141],[-89.9802847,29.2416852],[-89.9803485,29.2418027],[-89.9801619,29.2418798]]]}},{"type":"Feature","properties":{"property_id":"GI-0180","address_label":"Structure near 29.2424, -89.9813","occupancy_type":"Unclassified structure (OSM building=yes)","flood_zone_code":"VE","sfha":true,"risk_level":"High","recommended_action":"Research-tier classification: coastal high-hazard (wave action) or otherwise high flood-zone exposure. Treat as a prompt to review official FEMA flood maps and local hurricane evacuation guidance for this parish.","data_source":"OpenStreetMap building footprint + FEMA National Flood Hazard Layer (zone-based classification)","confidence_note":"Research-prototype classification derived from the public FEMA flood zone code for this location. It is a zone-based proxy, not a computed hydraulic or storm-surge model, and is not an official flood determination. Consult FEMA's Flood Map Service Center (msc.fema.gov) or your local floodplain administrator for official information.","building_height_m":5,"osm_way_id":1066812321},"geometry":{"type":"Polygon","coordinates":[[[-89.9812046,29.2423848],[-89.9812643,29.2423591],[-89.9812845,29.2423948],[-89.9813411,29.2423703],[-89.9813698,29.242421],[-89.9813122,29.2424458],[-89.9813695,29.242547],[-89.9813108,29.2425723],[-89.9812046,29.2423848]]]}},{"type":"Feature","properties":{"property_id":"GI-0181","address_label":"Structure near 29.2425, -89.9806","occupancy_type":"Unclassified structure (OSM building=yes)","flood_zone_code":"VE","sfha":true,"risk_level":"High","recommended_action":"Research-tier classification: coastal high-hazard (wave action) or otherwise high flood-zone exposure. Treat as a prompt to review official FEMA flood maps and local hurricane evacuation guidance for this parish.","data_source":"OpenStreetMap building footprint + FEMA National Flood Hazard Layer (zone-based classification)","confidence_note":"Research-prototype classification derived from the public FEMA flood zone code for this location. It is a zone-based proxy, not a computed hydraulic or storm-surge model, and is not an official flood determination. Consult FEMA's Flood Map Service Center (msc.fema.gov) or your local floodplain administrator for official information.","building_height_m":5,"osm_way_id":1066812322},"geometry":{"type":"Polygon","coordinates":[[[-89.9805744,29.2425468],[-89.9806913,29.2424956],[-89.9807224,29.2425496],[-89.9806055,29.2426008],[-89.9805744,29.2425468]]]}},{"type":"Feature","properties":{"property_id":"GI-0182","address_label":"Structure near 29.2422, -89.9811","occupancy_type":"Unclassified structure (OSM building=yes)","flood_zone_code":"VE","sfha":true,"risk_level":"High","recommended_action":"Research-tier classification: coastal high-hazard (wave action) or otherwise high flood-zone exposure. Treat as a prompt to review official FEMA flood maps and local hurricane evacuation guidance for this parish.","data_source":"OpenStreetMap building footprint + FEMA National Flood Hazard Layer (zone-based classification)","confidence_note":"Research-prototype classification derived from the public FEMA flood zone code for this location. It is a zone-based proxy, not a computed hydraulic or storm-surge model, and is not an official flood determination. Consult FEMA's Flood Map Service Center (msc.fema.gov) or your local floodplain administrator for official information.","building_height_m":5,"osm_way_id":1066812323},"geometry":{"type":"Polygon","coordinates":[[[-89.9811458,29.2422824],[-89.9811182,29.2422939],[-89.9810447,29.2421599],[-89.9811285,29.2421248],[-89.9812277,29.2423056],[-89.9811715,29.242329],[-89.9811458,29.2422824]]]}},{"type":"Feature","properties":{"property_id":"GI-0183","address_label":"Structure near 29.2428, -89.9808","occupancy_type":"Unclassified structure (OSM building=yes)","flood_zone_code":"VE","sfha":true,"risk_level":"High","recommended_action":"Research-tier classification: coastal high-hazard (wave action) or otherwise high flood-zone exposure. Treat as a prompt to review official FEMA flood maps and local hurricane evacuation guidance for this parish.","data_source":"OpenStreetMap building footprint + FEMA National Flood Hazard Layer (zone-based classification)","confidence_note":"Research-prototype classification derived from the public FEMA flood zone code for this location. It is a zone-based proxy, not a computed hydraulic or storm-surge model, and is not an official flood determination. Consult FEMA's Flood Map Service Center (msc.fema.gov) or your local floodplain administrator for official information.","building_height_m":5,"osm_way_id":1066812324},"geometry":{"type":"Polygon","coordinates":[[[-89.9806774,29.24274],[-89.9807991,29.242679],[-89.980872,29.2427897],[-89.9807502,29.2428507],[-89.9806774,29.24274]]]}},{"type":"Feature","properties":{"property_id":"GI-0184","address_label":"Structure near 29.2434, -89.9810","occupancy_type":"Unclassified structure (OSM building=yes)","flood_zone_code":"VE","sfha":true,"risk_level":"High","recommended_action":"Research-tier classification: coastal high-hazard (wave action) or otherwise high flood-zone exposure. Treat as a prompt to review official FEMA flood maps and local hurricane evacuation guidance for this parish.","data_source":"OpenStreetMap building footprint + FEMA National Flood Hazard Layer (zone-based classification)","confidence_note":"Research-prototype classification derived from the public FEMA flood zone code for this location. It is a zone-based proxy, not a computed hydraulic or storm-surge model, and is not an official flood determination. Consult FEMA's Flood Map Service Center (msc.fema.gov) or your local floodplain administrator for official information.","building_height_m":5,"osm_way_id":1066812334},"geometry":{"type":"Polygon","coordinates":[[[-89.9809927,29.2433231],[-89.9809671,29.243334],[-89.9809568,29.2433154],[-89.9810154,29.2432906],[-89.9810951,29.2434343],[-89.9810621,29.2434482],[-89.9809927,29.2433231]]]}},{"type":"Feature","properties":{"property_id":"GI-0185","address_label":"Structure near 29.2388, -89.9851","occupancy_type":"Unclassified structure (OSM building=yes)","flood_zone_code":"VE","sfha":true,"risk_level":"High","recommended_action":"Research-tier classification: coastal high-hazard (wave action) or otherwise high flood-zone exposure. Treat as a prompt to review official FEMA flood maps and local hurricane evacuation guidance for this parish.","data_source":"OpenStreetMap building footprint + FEMA National Flood Hazard Layer (zone-based classification)","confidence_note":"Research-prototype classification derived from the public FEMA flood zone code for this location. It is a zone-based proxy, not a computed hydraulic or storm-surge model, and is not an official flood determination. Consult FEMA's Flood Map Service Center (msc.fema.gov) or your local floodplain administrator for official information.","building_height_m":5,"osm_way_id":1066812337},"geometry":{"type":"Polygon","coordinates":[[[-89.984926,29.2387631],[-89.9850698,29.2386997],[-89.9851058,29.2387618],[-89.9850762,29.2387748],[-89.9850868,29.2387933],[-89.9850738,29.2388047],[-89.9851094,29.2388662],[-89.9850109,29.2389097],[-89.984926,29.2387631]]]}},{"type":"Feature","properties":{"property_id":"GI-0186","address_label":"Structure near 29.2385, -89.9851","occupancy_type":"Unclassified structure (OSM building=yes)","flood_zone_code":"VE","sfha":true,"risk_level":"High","recommended_action":"Research-tier classification: coastal high-hazard (wave action) or otherwise high flood-zone exposure. Treat as a prompt to review official FEMA flood maps and local hurricane evacuation guidance for this parish.","data_source":"OpenStreetMap building footprint + FEMA National Flood Hazard Layer (zone-based classification)","confidence_note":"Research-prototype classification derived from the public FEMA flood zone code for this location. It is a zone-based proxy, not a computed hydraulic or storm-surge model, and is not an official flood determination. Consult FEMA's Flood Map Service Center (msc.fema.gov) or your local floodplain administrator for official information.","building_height_m":5,"osm_way_id":1066812338},"geometry":{"type":"Polygon","coordinates":[[[-89.9849259,29.2385556],[-89.9850912,29.2384861],[-89.9851037,29.2385087],[-89.9851233,29.2385005],[-89.9851358,29.2385231],[-89.9851195,29.23853],[-89.9851304,29.2385655],[-89.9849689,29.2386334],[-89.9849259,29.2385556]]]}},{"type":"Feature","properties":{"property_id":"GI-0187","address_label":"Structure near 29.2385, -89.9835","occupancy_type":"Unclassified structure (OSM building=yes)","flood_zone_code":"VE","sfha":true,"risk_level":"High","recommended_action":"Research-tier classification: coastal high-hazard (wave action) or otherwise high flood-zone exposure. Treat as a prompt to review official FEMA flood maps and local hurricane evacuation guidance for this parish.","data_source":"OpenStreetMap building footprint + FEMA National Flood Hazard Layer (zone-based classification)","confidence_note":"Research-prototype classification derived from the public FEMA flood zone code for this location. It is a zone-based proxy, not a computed hydraulic or storm-surge model, and is not an official flood determination. Consult FEMA's Flood Map Service Center (msc.fema.gov) or your local floodplain administrator for official information.","building_height_m":5,"osm_way_id":1066812339},"geometry":{"type":"Polygon","coordinates":[[[-89.9834097,29.2384858],[-89.9835263,29.2384194],[-89.9835981,29.2385155],[-89.9834816,29.2385819],[-89.9834097,29.2384858]]]}},{"type":"Feature","properties":{"property_id":"GI-0188","address_label":"Structure near 29.2386, -89.9843","occupancy_type":"Unclassified structure (OSM building=yes)","flood_zone_code":"VE","sfha":true,"risk_level":"High","recommended_action":"Research-tier classification: coastal high-hazard (wave action) or otherwise high flood-zone exposure. Treat as a prompt to review official FEMA flood maps and local hurricane evacuation guidance for this parish.","data_source":"OpenStreetMap building footprint + FEMA National Flood Hazard Layer (zone-based classification)","confidence_note":"Research-prototype classification derived from the public FEMA flood zone code for this location. It is a zone-based proxy, not a computed hydraulic or storm-surge model, and is not an official flood determination. Consult FEMA's Flood Map Service Center (msc.fema.gov) or your local floodplain administrator for official information.","building_height_m":5,"osm_way_id":1066812340},"geometry":{"type":"Polygon","coordinates":[[[-89.9842964,29.2386281],[-89.9842871,29.2386321],[-89.9842245,29.2385219],[-89.9842749,29.2385001],[-89.9842646,29.2384819],[-89.9842871,29.2384722],[-89.9843636,29.2386069],[-89.9843525,29.2386037],[-89.9843782,29.2386489],[-89.984322,29.2386731],[-89.9842964,29.2386281]]]}},{"type":"Feature","properties":{"property_id":"GI-0189","address_label":"Structure near 29.2386, -89.9845","occupancy_type":"Unclassified structure (OSM building=yes)","flood_zone_code":"VE","sfha":true,"risk_level":"High","recommended_action":"Research-tier classification: coastal high-hazard (wave action) or otherwise high flood-zone exposure. Treat as a prompt to review official FEMA flood maps and local hurricane evacuation guidance for this parish.","data_source":"OpenStreetMap building footprint + FEMA National Flood Hazard Layer (zone-based classification)","confidence_note":"Research-prototype classification derived from the public FEMA flood zone code for this location. It is a zone-based proxy, not a computed hydraulic or storm-surge model, and is not an official flood determination. Consult FEMA's Flood Map Service Center (msc.fema.gov) or your local floodplain administrator for official information.","building_height_m":5,"osm_way_id":1066812341},"geometry":{"type":"Polygon","coordinates":[[[-89.9844095,29.2385791],[-89.9845071,29.2385409],[-89.984538,29.238601],[-89.9845774,29.2385856],[-89.9846055,29.2386402],[-89.9844686,29.2386939],[-89.9844095,29.2385791]]]}},{"type":"Feature","properties":{"property_id":"GI-0190","address_label":"Structure near 29.2392, -89.9848","occupancy_type":"Unclassified structure (OSM building=yes)","flood_zone_code":"VE","sfha":true,"risk_level":"High","recommended_action":"Research-tier classification: coastal high-hazard (wave action) or otherwise high flood-zone exposure. Treat as a prompt to review official FEMA flood maps and local hurricane evacuation guidance for this parish.","data_source":"OpenStreetMap building footprint + FEMA National Flood Hazard Layer (zone-based classification)","confidence_note":"Research-prototype classification derived from the public FEMA flood zone code for this location. It is a zone-based proxy, not a computed hydraulic or storm-surge model, and is not an official flood determination. Consult FEMA's Flood Map Service Center (msc.fema.gov) or your local floodplain administrator for official information.","building_height_m":5,"osm_way_id":1066812342},"geometry":{"type":"Polygon","coordinates":[[[-89.9847745,29.2393081],[-89.9847469,29.2393195],[-89.9847189,29.2392637],[-89.9847548,29.239248],[-89.9847486,29.2392349],[-89.9848888,29.2391764],[-89.9849088,29.2392044],[-89.9849568,29.2391834],[-89.9849768,29.2392166],[-89.9847745,29.2393081]]]}},{"type":"Feature","properties":{"property_id":"GI-0191","address_label":"Structure near 29.2388, -89.9845","occupancy_type":"Unclassified structure (OSM building=yes)","flood_zone_code":"VE","sfha":true,"risk_level":"High","recommended_action":"Research-tier classification: coastal high-hazard (wave action) or otherwise high flood-zone exposure. Treat as a prompt to review official FEMA flood maps and local hurricane evacuation guidance for this parish.","data_source":"OpenStreetMap building footprint + FEMA National Flood Hazard Layer (zone-based classification)","confidence_note":"Research-prototype classification derived from the public FEMA flood zone code for this location. It is a zone-based proxy, not a computed hydraulic or storm-surge model, and is not an official flood determination. Consult FEMA's Flood Map Service Center (msc.fema.gov) or your local floodplain administrator for official information.","building_height_m":5,"osm_way_id":1066812343},"geometry":{"type":"Polygon","coordinates":[[[-89.9845063,29.2388119],[-89.9844888,29.2387837],[-89.9844727,29.2387912],[-89.9844482,29.2387516],[-89.9845675,29.2386953],[-89.9845732,29.2387046],[-89.9845931,29.2386952],[-89.9846261,29.2387484],[-89.9846052,29.2387583],[-89.9846085,29.2387637],[-89.9845063,29.2388119]]]}},{"type":"Feature","properties":{"property_id":"GI-0192","address_label":"Structure near 29.2389, -89.9846","occupancy_type":"Unclassified structure (OSM building=yes)","flood_zone_code":"VE","sfha":true,"risk_level":"High","recommended_action":"Research-tier classification: coastal high-hazard (wave action) or otherwise high flood-zone exposure. Treat as a prompt to review official FEMA flood maps and local hurricane evacuation guidance for this parish.","data_source":"OpenStreetMap building footprint + FEMA National Flood Hazard Layer (zone-based classification)","confidence_note":"Research-prototype classification derived from the public FEMA flood zone code for this location. It is a zone-based proxy, not a computed hydraulic or storm-surge model, and is not an official flood determination. Consult FEMA's Flood Map Service Center (msc.fema.gov) or your local floodplain administrator for official information.","building_height_m":5,"osm_way_id":1066812344},"geometry":{"type":"Polygon","coordinates":[[[-89.9845978,29.238965],[-89.9845786,29.2389323],[-89.9845604,29.2389404],[-89.98454,29.2389055],[-89.9846563,29.2388537],[-89.9846586,29.2388607],[-89.984685,29.2388489],[-89.9847166,29.2389028],[-89.9846942,29.2389127],[-89.9846957,29.2389214],[-89.9845978,29.238965]]]}},{"type":"Feature","properties":{"property_id":"GI-0193","address_label":"Structure near 29.2395, -89.9842","occupancy_type":"Unclassified structure (OSM building=yes)","flood_zone_code":"VE","sfha":true,"risk_level":"High","recommended_action":"Research-tier classification: coastal high-hazard (wave action) or otherwise high flood-zone exposure. Treat as a prompt to review official FEMA flood maps and local hurricane evacuation guidance for this parish.","data_source":"OpenStreetMap building footprint + FEMA National Flood Hazard Layer (zone-based classification)","confidence_note":"Research-prototype classification derived from the public FEMA flood zone code for this location. It is a zone-based proxy, not a computed hydraulic or storm-surge model, and is not an official flood determination. Consult FEMA's Flood Map Service Center (msc.fema.gov) or your local floodplain administrator for official information.","building_height_m":5,"osm_way_id":1066812345},"geometry":{"type":"Polygon","coordinates":[[[-89.9841842,29.2395829],[-89.9841352,29.2394865],[-89.9842734,29.2394329],[-89.9843224,29.2395293],[-89.9841842,29.2395829]]]}},{"type":"Feature","properties":{"property_id":"GI-0194","address_label":"Structure near 29.2394, -89.9841","occupancy_type":"Unclassified structure (OSM building=yes)","flood_zone_code":"VE","sfha":true,"risk_level":"High","recommended_action":"Research-tier classification: coastal high-hazard (wave action) or otherwise high flood-zone exposure. Treat as a prompt to review official FEMA flood maps and local hurricane evacuation guidance for this parish.","data_source":"OpenStreetMap building footprint + FEMA National Flood Hazard Layer (zone-based classification)","confidence_note":"Research-prototype classification derived from the public FEMA flood zone code for this location. It is a zone-based proxy, not a computed hydraulic or storm-surge model, and is not an official flood determination. Consult FEMA's Flood Map Service Center (msc.fema.gov) or your local floodplain administrator for official information.","building_height_m":5,"osm_way_id":1066812346},"geometry":{"type":"Polygon","coordinates":[[[-89.9840158,29.2394424],[-89.9841673,29.239381],[-89.9841944,29.239432],[-89.984043,29.2394934],[-89.9840158,29.2394424]]]}},{"type":"Feature","properties":{"property_id":"GI-0195","address_label":"Structure near 29.2392, -89.9842","occupancy_type":"Unclassified structure (OSM building=yes)","flood_zone_code":"VE","sfha":true,"risk_level":"High","recommended_action":"Research-tier classification: coastal high-hazard (wave action) or otherwise high flood-zone exposure. Treat as a prompt to review official FEMA flood maps and local hurricane evacuation guidance for this parish.","data_source":"OpenStreetMap building footprint + FEMA National Flood Hazard Layer (zone-based classification)","confidence_note":"Research-prototype classification derived from the public FEMA flood zone code for this location. It is a zone-based proxy, not a computed hydraulic or storm-surge model, and is not an official flood determination. Consult FEMA's Flood Map Service Center (msc.fema.gov) or your local floodplain administrator for official information.","building_height_m":5,"osm_way_id":1066812347},"geometry":{"type":"Polygon","coordinates":[[[-89.9841031,29.2392168],[-89.984242,29.2391561],[-89.9842854,29.2392315],[-89.9841465,29.2392923],[-89.9841031,29.2392168]]]}},{"type":"Feature","properties":{"property_id":"GI-0196","address_label":"Structure near 29.2393, -89.9841","occupancy_type":"Unclassified structure (OSM building=yes)","flood_zone_code":"VE","sfha":true,"risk_level":"High","recommended_action":"Research-tier classification: coastal high-hazard (wave action) or otherwise high flood-zone exposure. Treat as a prompt to review official FEMA flood maps and local hurricane evacuation guidance for this parish.","data_source":"OpenStreetMap building footprint + FEMA National Flood Hazard Layer (zone-based classification)","confidence_note":"Research-prototype classification derived from the public FEMA flood zone code for this location. It is a zone-based proxy, not a computed hydraulic or storm-surge model, and is not an official flood determination. Consult FEMA's Flood Map Service Center (msc.fema.gov) or your local floodplain administrator for official information.","building_height_m":5,"osm_way_id":1066812348},"geometry":{"type":"Polygon","coordinates":[[[-89.9840213,29.2392737],[-89.9841002,29.239239],[-89.9841289,29.2392885],[-89.98405,29.2393232],[-89.9840213,29.2392737]]]}},{"type":"Feature","properties":{"property_id":"GI-0197","address_label":"Structure near 29.2392, -89.9840","occupancy_type":"Unclassified structure (OSM building=yes)","flood_zone_code":"VE","sfha":true,"risk_level":"High","recommended_action":"Research-tier classification: coastal high-hazard (wave action) or otherwise high flood-zone exposure. Treat as a prompt to review official FEMA flood maps and local hurricane evacuation guidance for this parish.","data_source":"OpenStreetMap building footprint + FEMA National Flood Hazard Layer (zone-based classification)","confidence_note":"Research-prototype classification derived from the public FEMA flood zone code for this location. It is a zone-based proxy, not a computed hydraulic or storm-surge model, and is not an official flood determination. Consult FEMA's Flood Map Service Center (msc.fema.gov) or your local floodplain administrator for official information.","building_height_m":5,"osm_way_id":1066812349},"geometry":{"type":"Polygon","coordinates":[[[-89.983894,29.2391943],[-89.9838781,29.2392015],[-89.9838571,29.239166],[-89.9838972,29.2391479],[-89.9838876,29.2391317],[-89.9839475,29.2391047],[-89.9839552,29.2391178],[-89.98402,29.2390886],[-89.984041,29.239124],[-89.9840282,29.2391298],[-89.9840454,29.2391589],[-89.984018,29.2391713],[-89.9840375,29.2392043],[-89.9839289,29.2392532],[-89.983894,29.2391943]]]}},{"type":"Feature","properties":{"property_id":"GI-0198","address_label":"Structure near 29.2387, -89.9840","occupancy_type":"Unclassified structure (OSM building=yes)","flood_zone_code":"VE","sfha":true,"risk_level":"High","recommended_action":"Research-tier classification: coastal high-hazard (wave action) or otherwise high flood-zone exposure. Treat as a prompt to review official FEMA flood maps and local hurricane evacuation guidance for this parish.","data_source":"OpenStreetMap building footprint + FEMA National Flood Hazard Layer (zone-based classification)","confidence_note":"Research-prototype classification derived from the public FEMA flood zone code for this location. It is a zone-based proxy, not a computed hydraulic or storm-surge model, and is not an official flood determination. Consult FEMA's Flood Map Service Center (msc.fema.gov) or your local floodplain administrator for official information.","building_height_m":5,"osm_way_id":1066812350},"geometry":{"type":"Polygon","coordinates":[[[-89.983929,29.2387012],[-89.983995,29.2386699],[-89.9840714,29.2387926],[-89.9840054,29.2388239],[-89.983929,29.2387012]]]}},{"type":"Feature","properties":{"property_id":"GI-0199","address_label":"Structure near 29.2388, -89.9839","occupancy_type":"Unclassified structure (OSM building=yes)","flood_zone_code":"VE","sfha":true,"risk_level":"High","recommended_action":"Research-tier classification: coastal high-hazard (wave action) or otherwise high flood-zone exposure. Treat as a prompt to review official FEMA flood maps and local hurricane evacuation guidance for this parish.","data_source":"OpenStreetMap building footprint + FEMA National Flood Hazard Layer (zone-based classification)","confidence_note":"Research-prototype classification derived from the public FEMA flood zone code for this location. It is a zone-based proxy, not a computed hydraulic or storm-surge model, and is not an official flood determination. Consult FEMA's Flood Map Service Center (msc.fema.gov) or your local floodplain administrator for official information.","building_height_m":5,"osm_way_id":1066812351},"geometry":{"type":"Polygon","coordinates":[[[-89.9838475,29.2388475],[-89.9837959,29.2387635],[-89.983861,29.238733],[-89.9839126,29.2388171],[-89.9838475,29.2388475]]]}},{"type":"Feature","properties":{"property_id":"GI-0200","address_label":"Structure near 29.2390, -89.9838","occupancy_type":"Unclassified structure (OSM building=yes)","flood_zone_code":"VE","sfha":true,"risk_level":"High","recommended_action":"Research-tier classification: coastal high-hazard (wave action) or otherwise high flood-zone exposure. Treat as a prompt to review official FEMA flood maps and local hurricane evacuation guidance for this parish.","data_source":"OpenStreetMap building footprint + FEMA National Flood Hazard Layer (zone-based classification)","confidence_note":"Research-prototype classification derived from the public FEMA flood zone code for this location. It is a zone-based proxy, not a computed hydraulic or storm-surge model, and is not an official flood determination. Consult FEMA's Flood Map Service Center (msc.fema.gov) or your local floodplain administrator for official information.","building_height_m":5,"osm_way_id":1066812352},"geometry":{"type":"Polygon","coordinates":[[[-89.9837724,29.2390859],[-89.98368,29.2389234],[-89.9837759,29.2388818],[-89.9838684,29.2390443],[-89.9837724,29.2390859]]]}},{"type":"Feature","properties":{"property_id":"GI-0201","address_label":"Structure near 29.2392, -89.9836","occupancy_type":"Unclassified structure (OSM building=yes)","flood_zone_code":"VE","sfha":true,"risk_level":"High","recommended_action":"Research-tier classification: coastal high-hazard (wave action) or otherwise high flood-zone exposure. Treat as a prompt to review official FEMA flood maps and local hurricane evacuation guidance for this parish.","data_source":"OpenStreetMap building footprint + FEMA National Flood Hazard Layer (zone-based classification)","confidence_note":"Research-prototype classification derived from the public FEMA flood zone code for this location. It is a zone-based proxy, not a computed hydraulic or storm-surge model, and is not an official flood determination. Consult FEMA's Flood Map Service Center (msc.fema.gov) or your local floodplain administrator for official information.","building_height_m":5,"osm_way_id":1066812353},"geometry":{"type":"Polygon","coordinates":[[[-89.9835772,29.2393036],[-89.9834971,29.2392016],[-89.9835817,29.239151],[-89.9836619,29.2392529],[-89.9835772,29.2393036]]]}},{"type":"Feature","properties":{"property_id":"GI-0202","address_label":"Structure near 29.2394, -89.9835","occupancy_type":"Unclassified structure (OSM building=yes)","flood_zone_code":"VE","sfha":true,"risk_level":"High","recommended_action":"Research-tier classification: coastal high-hazard (wave action) or otherwise high flood-zone exposure. Treat as a prompt to review official FEMA flood maps and local hurricane evacuation guidance for this parish.","data_source":"OpenStreetMap building footprint + FEMA National Flood Hazard Layer (zone-based classification)","confidence_note":"Research-prototype classification derived from the public FEMA flood zone code for this location. It is a zone-based proxy, not a computed hydraulic or storm-surge model, and is not an official flood determination. Consult FEMA's Flood Map Service Center (msc.fema.gov) or your local floodplain administrator for official information.","building_height_m":5,"osm_way_id":1066812354},"geometry":{"type":"Polygon","coordinates":[[[-89.983506,29.2395024],[-89.9834256,29.2393976],[-89.9835128,29.2393466],[-89.9835932,29.2394514],[-89.983506,29.2395024]]]}},{"type":"Feature","properties":{"property_id":"GI-0203","address_label":"Structure near 29.2396, -89.9836","occupancy_type":"Unclassified structure (OSM building=yes)","flood_zone_code":"VE","sfha":true,"risk_level":"High","recommended_action":"Research-tier classification: coastal high-hazard (wave action) or otherwise high flood-zone exposure. Treat as a prompt to review official FEMA flood maps and local hurricane evacuation guidance for this parish.","data_source":"OpenStreetMap building footprint + FEMA National Flood Hazard Layer (zone-based classification)","confidence_note":"Research-prototype classification derived from the public FEMA flood zone code for this location. It is a zone-based proxy, not a computed hydraulic or storm-surge model, and is not an official flood determination. Consult FEMA's Flood Map Service Center (msc.fema.gov) or your local floodplain administrator for official information.","building_height_m":5,"osm_way_id":1066812355},"geometry":{"type":"Polygon","coordinates":[[[-89.9835232,29.2395717],[-89.9836267,29.2395085],[-89.9836835,29.2395794],[-89.98358,29.2396425],[-89.9835232,29.2395717]]]}},{"type":"Feature","properties":{"property_id":"GI-0204","address_label":"Structure near 29.2405, -89.9830","occupancy_type":"Unclassified structure (OSM building=yes)","flood_zone_code":"VE","sfha":true,"risk_level":"High","recommended_action":"Research-tier classification: coastal high-hazard (wave action) or otherwise high flood-zone exposure. Treat as a prompt to review official FEMA flood maps and local hurricane evacuation guidance for this parish.","data_source":"OpenStreetMap building footprint + FEMA National Flood Hazard Layer (zone-based classification)","confidence_note":"Research-prototype classification derived from the public FEMA flood zone code for this location. It is a zone-based proxy, not a computed hydraulic or storm-surge model, and is not an official flood determination. Consult FEMA's Flood Map Service Center (msc.fema.gov) or your local floodplain administrator for official information.","building_height_m":5,"osm_way_id":1066812356},"geometry":{"type":"Polygon","coordinates":[[[-89.9829013,29.2404344],[-89.9830104,29.2403886],[-89.9830415,29.2404451],[-89.9830128,29.2404571],[-89.9830595,29.2405419],[-89.9829791,29.2405757],[-89.9829013,29.2404344]]]}},{"type":"Feature","properties":{"property_id":"GI-0205","address_label":"Structure near 29.2445, -89.9831","occupancy_type":"Unclassified structure (OSM building=yes)","flood_zone_code":"VE","sfha":true,"risk_level":"High","recommended_action":"Research-tier classification: coastal high-hazard (wave action) or otherwise high flood-zone exposure. Treat as a prompt to review official FEMA flood maps and local hurricane evacuation guidance for this parish.","data_source":"OpenStreetMap building footprint + FEMA National Flood Hazard Layer (zone-based classification)","confidence_note":"Research-prototype classification derived from the public FEMA flood zone code for this location. It is a zone-based proxy, not a computed hydraulic or storm-surge model, and is not an official flood determination. Consult FEMA's Flood Map Service Center (msc.fema.gov) or your local floodplain administrator for official information.","building_height_m":5,"osm_way_id":1066812357},"geometry":{"type":"Polygon","coordinates":[[[-89.9830222,29.2446231],[-89.9829465,29.2444917],[-89.983065,29.2444397],[-89.9830955,29.2444927],[-89.9831588,29.244465],[-89.983204,29.2445434],[-89.9830222,29.2446231]]]}},{"type":"Feature","properties":{"property_id":"GI-0206","address_label":"Structure near 29.2406, -89.9829","occupancy_type":"Unclassified structure (OSM building=yes)","flood_zone_code":"VE","sfha":true,"risk_level":"High","recommended_action":"Research-tier classification: coastal high-hazard (wave action) or otherwise high flood-zone exposure. Treat as a prompt to review official FEMA flood maps and local hurricane evacuation guidance for this parish.","data_source":"OpenStreetMap building footprint + FEMA National Flood Hazard Layer (zone-based classification)","confidence_note":"Research-prototype classification derived from the public FEMA flood zone code for this location. It is a zone-based proxy, not a computed hydraulic or storm-surge model, and is not an official flood determination. Consult FEMA's Flood Map Service Center (msc.fema.gov) or your local floodplain administrator for official information.","building_height_m":5,"osm_way_id":1066812358},"geometry":{"type":"Polygon","coordinates":[[[-89.9828103,29.2405581],[-89.9828261,29.2405513],[-89.9827677,29.2404466],[-89.9828485,29.2404123],[-89.9829537,29.240601],[-89.9829424,29.2406058],[-89.9829925,29.2406955],[-89.9829586,29.2407099],[-89.9829678,29.2407264],[-89.9829163,29.2407482],[-89.9828103,29.2405581]]]}},{"type":"Feature","properties":{"property_id":"GI-0207","address_label":"Structure near 29.2397, -89.9831","occupancy_type":"Unclassified structure (OSM building=yes)","flood_zone_code":"VE","sfha":true,"risk_level":"High","recommended_action":"Research-tier classification: coastal high-hazard (wave action) or otherwise high flood-zone exposure. Treat as a prompt to review official FEMA flood maps and local hurricane evacuation guidance for this parish.","data_source":"OpenStreetMap building footprint + FEMA National Flood Hazard Layer (zone-based classification)","confidence_note":"Research-prototype classification derived from the public FEMA flood zone code for this location. It is a zone-based proxy, not a computed hydraulic or storm-surge model, and is not an official flood determination. Consult FEMA's Flood Map Service Center (msc.fema.gov) or your local floodplain administrator for official information.","building_height_m":5,"osm_way_id":1066812359},"geometry":{"type":"Polygon","coordinates":[[[-89.983101,29.239745],[-89.9830184,29.2396439],[-89.9831009,29.2395926],[-89.9831835,29.2396936],[-89.983101,29.239745]]]}},{"type":"Feature","properties":{"property_id":"GI-0208","address_label":"Structure near 29.2397, -89.9829","occupancy_type":"Unclassified structure (OSM building=yes)","flood_zone_code":"VE","sfha":true,"risk_level":"High","recommended_action":"Research-tier classification: coastal high-hazard (wave action) or otherwise high flood-zone exposure. Treat as a prompt to review official FEMA flood maps and local hurricane evacuation guidance for this parish.","data_source":"OpenStreetMap building footprint + FEMA National Flood Hazard Layer (zone-based classification)","confidence_note":"Research-prototype classification derived from the public FEMA flood zone code for this location. It is a zone-based proxy, not a computed hydraulic or storm-surge model, and is not an official flood determination. Consult FEMA's Flood Map Service Center (msc.fema.gov) or your local floodplain administrator for official information.","building_height_m":5,"osm_way_id":1066812360},"geometry":{"type":"Polygon","coordinates":[[[-89.9828708,29.2397312],[-89.9827889,29.2396295],[-89.9828681,29.239581],[-89.98295,29.2396826],[-89.9828708,29.2397312]]]}},{"type":"Feature","properties":{"property_id":"GI-0209","address_label":"Structure near 29.2399, -89.9829","occupancy_type":"Unclassified structure (OSM building=yes)","flood_zone_code":"VE","sfha":true,"risk_level":"High","recommended_action":"Research-tier classification: coastal high-hazard (wave action) or otherwise high flood-zone exposure. Treat as a prompt to review official FEMA flood maps and local hurricane evacuation guidance for this parish.","data_source":"OpenStreetMap building footprint + FEMA National Flood Hazard Layer (zone-based classification)","confidence_note":"Research-prototype classification derived from the public FEMA flood zone code for this location. It is a zone-based proxy, not a computed hydraulic or storm-surge model, and is not an official flood determination. Consult FEMA's Flood Map Service Center (msc.fema.gov) or your local floodplain administrator for official information.","building_height_m":5,"osm_way_id":1066812361},"geometry":{"type":"Polygon","coordinates":[[[-89.9829106,29.2399382],[-89.982857,29.2398427],[-89.9829071,29.2398213],[-89.9829607,29.2399168],[-89.9829106,29.2399382]]]}},{"type":"Feature","properties":{"property_id":"GI-0210","address_label":"Structure near 29.2399, -89.9832","occupancy_type":"Unclassified structure (OSM building=yes)","flood_zone_code":"VE","sfha":true,"risk_level":"High","recommended_action":"Research-tier classification: coastal high-hazard (wave action) or otherwise high flood-zone exposure. Treat as a prompt to review official FEMA flood maps and local hurricane evacuation guidance for this parish.","data_source":"OpenStreetMap building footprint + FEMA National Flood Hazard Layer (zone-based classification)","confidence_note":"Research-prototype classification derived from the public FEMA flood zone code for this location. It is a zone-based proxy, not a computed hydraulic or storm-surge model, and is not an official flood determination. Consult FEMA's Flood Map Service Center (msc.fema.gov) or your local floodplain administrator for official information.","building_height_m":5,"osm_way_id":1066812362},"geometry":{"type":"Polygon","coordinates":[[[-89.9831464,29.2400118],[-89.9830904,29.2399153],[-89.9833099,29.2398183],[-89.9833659,29.2399147],[-89.9831464,29.2400118]]]}},{"type":"Feature","properties":{"property_id":"GI-0211","address_label":"Structure near 29.2400, -89.9824","occupancy_type":"Unclassified structure (OSM building=yes)","flood_zone_code":"VE","sfha":true,"risk_level":"High","recommended_action":"Research-tier classification: coastal high-hazard (wave action) or otherwise high flood-zone exposure. Treat as a prompt to review official FEMA flood maps and local hurricane evacuation guidance for this parish.","data_source":"OpenStreetMap building footprint + FEMA National Flood Hazard Layer (zone-based classification)","confidence_note":"Research-prototype classification derived from the public FEMA flood zone code for this location. It is a zone-based proxy, not a computed hydraulic or storm-surge model, and is not an official flood determination. Consult FEMA's Flood Map Service Center (msc.fema.gov) or your local floodplain administrator for official information.","building_height_m":5,"osm_way_id":1066812363},"geometry":{"type":"Polygon","coordinates":[[[-89.9823429,29.2400215],[-89.9824675,29.2399651],[-89.9825326,29.2400745],[-89.982408,29.2401309],[-89.9823429,29.2400215]]]}},{"type":"Feature","properties":{"property_id":"GI-0212","address_label":"Structure near 29.2398, -89.9825","occupancy_type":"Unclassified structure (OSM building=yes)","flood_zone_code":"VE","sfha":true,"risk_level":"High","recommended_action":"Research-tier classification: coastal high-hazard (wave action) or otherwise high flood-zone exposure. Treat as a prompt to review official FEMA flood maps and local hurricane evacuation guidance for this parish.","data_source":"OpenStreetMap building footprint + FEMA National Flood Hazard Layer (zone-based classification)","confidence_note":"Research-prototype classification derived from the public FEMA flood zone code for this location. It is a zone-based proxy, not a computed hydraulic or storm-surge model, and is not an official flood determination. Consult FEMA's Flood Map Service Center (msc.fema.gov) or your local floodplain administrator for official information.","building_height_m":5,"osm_way_id":1066812364},"geometry":{"type":"Polygon","coordinates":[[[-89.9825215,29.2398541],[-89.9824254,29.2398966],[-89.9823504,29.2397675],[-89.9824076,29.2397422],[-89.9824036,29.2397246],[-89.9824648,29.2396975],[-89.9824725,29.2397108],[-89.9825216,29.2396891],[-89.982597,29.2398191],[-89.9825628,29.2398342],[-89.9825699,29.2398464],[-89.9825302,29.2398639],[-89.9825215,29.2398541]]]}},{"type":"Feature","properties":{"property_id":"GI-0213","address_label":"Structure near 29.2399, -89.9823","occupancy_type":"Unclassified structure (OSM building=yes)","flood_zone_code":"VE","sfha":true,"risk_level":"High","recommended_action":"Research-tier classification: coastal high-hazard (wave action) or otherwise high flood-zone exposure. Treat as a prompt to review official FEMA flood maps and local hurricane evacuation guidance for this parish.","data_source":"OpenStreetMap building footprint + FEMA National Flood Hazard Layer (zone-based classification)","confidence_note":"Research-prototype classification derived from the public FEMA flood zone code for this location. It is a zone-based proxy, not a computed hydraulic or storm-surge model, and is not an official flood determination. Consult FEMA's Flood Map Service Center (msc.fema.gov) or your local floodplain administrator for official information.","building_height_m":5,"osm_way_id":1066812365},"geometry":{"type":"Polygon","coordinates":[[[-89.9823156,29.23996],[-89.9823094,29.239949],[-89.9822952,29.239955],[-89.9822279,29.2398359],[-89.9823385,29.2397884],[-89.9823987,29.239895],[-89.98238,29.2399031],[-89.9823933,29.2399266],[-89.9823156,29.23996]]]}},{"type":"Feature","properties":{"property_id":"GI-0214","address_label":"Structure near 29.2422, -89.9838","occupancy_type":"Unclassified structure (OSM building=yes)","flood_zone_code":"VE","sfha":true,"risk_level":"High","recommended_action":"Research-tier classification: coastal high-hazard (wave action) or otherwise high flood-zone exposure. Treat as a prompt to review official FEMA flood maps and local hurricane evacuation guidance for this parish.","data_source":"OpenStreetMap building footprint + FEMA National Flood Hazard Layer (zone-based classification)","confidence_note":"Research-prototype classification derived from the public FEMA flood zone code for this location. It is a zone-based proxy, not a computed hydraulic or storm-surge model, and is not an official flood determination. Consult FEMA's Flood Map Service Center (msc.fema.gov) or your local floodplain administrator for official information.","building_height_m":5,"osm_way_id":1066812366},"geometry":{"type":"Polygon","coordinates":[[[-89.9837235,29.2422742],[-89.9837011,29.2422387],[-89.9839114,29.2421377],[-89.9839338,29.2421732],[-89.9837235,29.2422742]]]}},{"type":"Feature","properties":{"property_id":"GI-0215","address_label":"Structure near 29.2418, -89.9836","occupancy_type":"Unclassified structure (OSM building=yes)","flood_zone_code":"VE","sfha":true,"risk_level":"High","recommended_action":"Research-tier classification: coastal high-hazard (wave action) or otherwise high flood-zone exposure. Treat as a prompt to review official FEMA flood maps and local hurricane evacuation guidance for this parish.","data_source":"OpenStreetMap building footprint + FEMA National Flood Hazard Layer (zone-based classification)","confidence_note":"Research-prototype classification derived from the public FEMA flood zone code for this location. It is a zone-based proxy, not a computed hydraulic or storm-surge model, and is not an official flood determination. Consult FEMA's Flood Map Service Center (msc.fema.gov) or your local floodplain administrator for official information.","building_height_m":5,"osm_way_id":1066812367},"geometry":{"type":"Polygon","coordinates":[[[-89.9835288,29.2419001],[-89.9835025,29.2418593],[-89.9837148,29.2417552],[-89.9837411,29.2417961],[-89.9835288,29.2419001]]]}},{"type":"Feature","properties":{"property_id":"GI-0216","address_label":"Structure near 29.2420, -89.9856","occupancy_type":"Unclassified structure (OSM building=yes)","flood_zone_code":"VE","sfha":true,"risk_level":"High","recommended_action":"Research-tier classification: coastal high-hazard (wave action) or otherwise high flood-zone exposure. Treat as a prompt to review official FEMA flood maps and local hurricane evacuation guidance for this parish.","data_source":"OpenStreetMap building footprint + FEMA National Flood Hazard Layer (zone-based classification)","confidence_note":"Research-prototype classification derived from the public FEMA flood zone code for this location. It is a zone-based proxy, not a computed hydraulic or storm-surge model, and is not an official flood determination. Consult FEMA's Flood Map Service Center (msc.fema.gov) or your local floodplain administrator for official information.","building_height_m":5,"osm_way_id":1066812368},"geometry":{"type":"Polygon","coordinates":[[[-89.9855764,29.242109],[-89.9855244,29.242018],[-89.9856577,29.24196],[-89.9856577,29.241958],[-89.9857106,29.2420505],[-89.9855764,29.242109]]]}},{"type":"Feature","properties":{"property_id":"GI-0217","address_label":"Structure near 29.2412, -89.9860","occupancy_type":"Unclassified structure (OSM building=yes)","flood_zone_code":"VE","sfha":true,"risk_level":"High","recommended_action":"Research-tier classification: coastal high-hazard (wave action) or otherwise high flood-zone exposure. Treat as a prompt to review official FEMA flood maps and local hurricane evacuation guidance for this parish.","data_source":"OpenStreetMap building footprint + FEMA National Flood Hazard Layer (zone-based classification)","confidence_note":"Research-prototype classification derived from the public FEMA flood zone code for this location. It is a zone-based proxy, not a computed hydraulic or storm-surge model, and is not an official flood determination. Consult FEMA's Flood Map Service Center (msc.fema.gov) or your local floodplain administrator for official information.","building_height_m":5,"osm_way_id":1066812369},"geometry":{"type":"Polygon","coordinates":[[[-89.9860317,29.2412613],[-89.9860059,29.2412179],[-89.9859942,29.2412211],[-89.985979,29.2411955],[-89.9859894,29.2411908],[-89.9859625,29.2411456],[-89.9861159,29.2410763],[-89.9861418,29.2411199],[-89.986092,29.2411424],[-89.9860695,29.2411045],[-89.9860482,29.2411141],[-89.9861136,29.2412243],[-89.9860317,29.2412613]]]}},{"type":"Feature","properties":{"property_id":"GI-0218","address_label":"Structure near 29.2413, -89.9862","occupancy_type":"Unclassified structure (OSM building=yes)","flood_zone_code":"VE","sfha":true,"risk_level":"High","recommended_action":"Research-tier classification: coastal high-hazard (wave action) or otherwise high flood-zone exposure. Treat as a prompt to review official FEMA flood maps and local hurricane evacuation guidance for this parish.","data_source":"OpenStreetMap building footprint + FEMA National Flood Hazard Layer (zone-based classification)","confidence_note":"Research-prototype classification derived from the public FEMA flood zone code for this location. It is a zone-based proxy, not a computed hydraulic or storm-surge model, and is not an official flood determination. Consult FEMA's Flood Map Service Center (msc.fema.gov) or your local floodplain administrator for official information.","building_height_m":5,"osm_way_id":1066812370},"geometry":{"type":"Polygon","coordinates":[[[-89.9862106,29.2412988],[-89.98618,29.2412449],[-89.9862396,29.2412191],[-89.9862703,29.241273],[-89.9862106,29.2412988]]]}},{"type":"Feature","properties":{"property_id":"GI-0219","address_label":"Structure near 29.2414, -89.9854","occupancy_type":"Unclassified structure (OSM building=yes)","flood_zone_code":"VE","sfha":true,"risk_level":"High","recommended_action":"Research-tier classification: coastal high-hazard (wave action) or otherwise high flood-zone exposure. Treat as a prompt to review official FEMA flood maps and local hurricane evacuation guidance for this parish.","data_source":"OpenStreetMap building footprint + FEMA National Flood Hazard Layer (zone-based classification)","confidence_note":"Research-prototype classification derived from the public FEMA flood zone code for this location. It is a zone-based proxy, not a computed hydraulic or storm-surge model, and is not an official flood determination. Consult FEMA's Flood Map Service Center (msc.fema.gov) or your local floodplain administrator for official information.","building_height_m":5,"osm_way_id":1066812371},"geometry":{"type":"Polygon","coordinates":[[[-89.9853226,29.2414438],[-89.9853003,29.2414051],[-89.9853113,29.2414003],[-89.9852884,29.2413605],[-89.9854321,29.2412975],[-89.9854773,29.241376],[-89.9853226,29.2414438]]]}},{"type":"Feature","properties":{"property_id":"GI-0220","address_label":"Structure near 29.2411, -89.9851","occupancy_type":"Unclassified structure (OSM building=yes)","flood_zone_code":"VE","sfha":true,"risk_level":"High","recommended_action":"Research-tier classification: coastal high-hazard (wave action) or otherwise high flood-zone exposure. Treat as a prompt to review official FEMA flood maps and local hurricane evacuation guidance for this parish.","data_source":"OpenStreetMap building footprint + FEMA National Flood Hazard Layer (zone-based classification)","confidence_note":"Research-prototype classification derived from the public FEMA flood zone code for this location. It is a zone-based proxy, not a computed hydraulic or storm-surge model, and is not an official flood determination. Consult FEMA's Flood Map Service Center (msc.fema.gov) or your local floodplain administrator for official information.","building_height_m":5,"osm_way_id":1066812372},"geometry":{"type":"Polygon","coordinates":[[[-89.985072,29.2412],[-89.9850336,29.2411352],[-89.9850473,29.241129],[-89.9850463,29.2411239],[-89.9851888,29.2410595],[-89.985207,29.2410903],[-89.9852304,29.2410797],[-89.9852532,29.2411181],[-89.985072,29.2412]]]}},{"type":"Feature","properties":{"property_id":"GI-0221","address_label":"Structure near 29.2402, -89.9859","occupancy_type":"Unclassified structure (OSM building=yes)","flood_zone_code":"VE","sfha":true,"risk_level":"High","recommended_action":"Research-tier classification: coastal high-hazard (wave action) or otherwise high flood-zone exposure. Treat as a prompt to review official FEMA flood maps and local hurricane evacuation guidance for this parish.","data_source":"OpenStreetMap building footprint + FEMA National Flood Hazard Layer (zone-based classification)","confidence_note":"Research-prototype classification derived from the public FEMA flood zone code for this location. It is a zone-based proxy, not a computed hydraulic or storm-surge model, and is not an official flood determination. Consult FEMA's Flood Map Service Center (msc.fema.gov) or your local floodplain administrator for official information.","building_height_m":5,"osm_way_id":1066812373},"geometry":{"type":"Polygon","coordinates":[[[-89.9858263,29.240274],[-89.9857981,29.2402302],[-89.9859967,29.2401331],[-89.9860249,29.2401769],[-89.9858263,29.240274]]]}},{"type":"Feature","properties":{"property_id":"GI-0222","address_label":"Structure near 29.2402, -89.9853","occupancy_type":"Unclassified structure (OSM building=yes)","flood_zone_code":"VE","sfha":true,"risk_level":"High","recommended_action":"Research-tier classification: coastal high-hazard (wave action) or otherwise high flood-zone exposure. Treat as a prompt to review official FEMA flood maps and local hurricane evacuation guidance for this parish.","data_source":"OpenStreetMap building footprint + FEMA National Flood Hazard Layer (zone-based classification)","confidence_note":"Research-prototype classification derived from the public FEMA flood zone code for this location. It is a zone-based proxy, not a computed hydraulic or storm-surge model, and is not an official flood determination. Consult FEMA's Flood Map Service Center (msc.fema.gov) or your local floodplain administrator for official information.","building_height_m":5,"osm_way_id":1066812374},"geometry":{"type":"Polygon","coordinates":[[[-89.9852692,29.2402014],[-89.9852665,29.2401968],[-89.9852419,29.2402081],[-89.9852022,29.2401422],[-89.985341,29.2400785],[-89.9853835,29.240149],[-89.9852692,29.2402014]]]}},{"type":"Feature","properties":{"property_id":"GI-0223","address_label":"Structure near 29.2403, -89.9854","occupancy_type":"Unclassified structure (OSM building=yes)","flood_zone_code":"VE","sfha":true,"risk_level":"High","recommended_action":"Research-tier classification: coastal high-hazard (wave action) or otherwise high flood-zone exposure. Treat as a prompt to review official FEMA flood maps and local hurricane evacuation guidance for this parish.","data_source":"OpenStreetMap building footprint + FEMA National Flood Hazard Layer (zone-based classification)","confidence_note":"Research-prototype classification derived from the public FEMA flood zone code for this location. It is a zone-based proxy, not a computed hydraulic or storm-surge model, and is not an official flood determination. Consult FEMA's Flood Map Service Center (msc.fema.gov) or your local floodplain administrator for official information.","building_height_m":5,"osm_way_id":1066812375},"geometry":{"type":"Polygon","coordinates":[[[-89.9853209,29.240323],[-89.9854375,29.2402719],[-89.9854754,29.2403377],[-89.9853587,29.2403888],[-89.9853209,29.240323]]]}},{"type":"Feature","properties":{"property_id":"GI-0224","address_label":"Structure near 29.2406, -89.9856","occupancy_type":"Unclassified structure (OSM building=yes)","flood_zone_code":"VE","sfha":true,"risk_level":"High","recommended_action":"Research-tier classification: coastal high-hazard (wave action) or otherwise high flood-zone exposure. Treat as a prompt to review official FEMA flood maps and local hurricane evacuation guidance for this parish.","data_source":"OpenStreetMap building footprint + FEMA National Flood Hazard Layer (zone-based classification)","confidence_note":"Research-prototype classification derived from the public FEMA flood zone code for this location. It is a zone-based proxy, not a computed hydraulic or storm-surge model, and is not an official flood determination. Consult FEMA's Flood Map Service Center (msc.fema.gov) or your local floodplain administrator for official information.","building_height_m":5,"osm_way_id":1066812376},"geometry":{"type":"Polygon","coordinates":[[[-89.9855194,29.2407043],[-89.98545,29.2405847],[-89.9855816,29.2405266],[-89.985651,29.2406462],[-89.9855194,29.2407043]]]}},{"type":"Feature","properties":{"property_id":"GI-0225","address_label":"Structure near 29.2407, -89.9848","occupancy_type":"Unclassified structure (OSM building=yes)","flood_zone_code":"VE","sfha":true,"risk_level":"High","recommended_action":"Research-tier classification: coastal high-hazard (wave action) or otherwise high flood-zone exposure. Treat as a prompt to review official FEMA flood maps and local hurricane evacuation guidance for this parish.","data_source":"OpenStreetMap building footprint + FEMA National Flood Hazard Layer (zone-based classification)","confidence_note":"Research-prototype classification derived from the public FEMA flood zone code for this location. It is a zone-based proxy, not a computed hydraulic or storm-surge model, and is not an official flood determination. Consult FEMA's Flood Map Service Center (msc.fema.gov) or your local floodplain administrator for official information.","building_height_m":5,"osm_way_id":1066812377},"geometry":{"type":"Polygon","coordinates":[[[-89.9848824,29.2408354],[-89.984802,29.2406918],[-89.9847329,29.2407213],[-89.9846996,29.2406618],[-89.9848867,29.240582],[-89.9850004,29.240785],[-89.9848824,29.2408354]]]}},{"type":"Feature","properties":{"property_id":"GI-0226","address_label":"Structure near 29.2402, -89.9846","occupancy_type":"Unclassified structure (OSM building=yes)","flood_zone_code":"VE","sfha":true,"risk_level":"High","recommended_action":"Research-tier classification: coastal high-hazard (wave action) or otherwise high flood-zone exposure. Treat as a prompt to review official FEMA flood maps and local hurricane evacuation guidance for this parish.","data_source":"OpenStreetMap building footprint + FEMA National Flood Hazard Layer (zone-based classification)","confidence_note":"Research-prototype classification derived from the public FEMA flood zone code for this location. It is a zone-based proxy, not a computed hydraulic or storm-surge model, and is not an official flood determination. Consult FEMA's Flood Map Service Center (msc.fema.gov) or your local floodplain administrator for official information.","building_height_m":5,"osm_way_id":1066812378},"geometry":{"type":"Polygon","coordinates":[[[-89.9844986,29.2402343],[-89.9844905,29.2402377],[-89.9844645,29.2401911],[-89.9845008,29.2401757],[-89.9844848,29.240147],[-89.9845932,29.240101],[-89.9845972,29.2401081],[-89.9846209,29.240098],[-89.9846529,29.2401554],[-89.9846292,29.2401654],[-89.9846455,29.2401947],[-89.9845088,29.2402526],[-89.9844986,29.2402343]]]}},{"type":"Feature","properties":{"property_id":"GI-0227","address_label":"Structure near 29.2425, -89.9788","occupancy_type":"Unclassified structure (OSM building=yes)","flood_zone_code":"VE","sfha":true,"risk_level":"High","recommended_action":"Research-tier classification: coastal high-hazard (wave action) or otherwise high flood-zone exposure. Treat as a prompt to review official FEMA flood maps and local hurricane evacuation guidance for this parish.","data_source":"OpenStreetMap building footprint + FEMA National Flood Hazard Layer (zone-based classification)","confidence_note":"Research-prototype classification derived from the public FEMA flood zone code for this location. It is a zone-based proxy, not a computed hydraulic or storm-surge model, and is not an official flood determination. Consult FEMA's Flood Map Service Center (msc.fema.gov) or your local floodplain administrator for official information.","building_height_m":5,"osm_way_id":1066812379},"geometry":{"type":"Polygon","coordinates":[[[-89.9788205,29.2425754],[-89.9787259,29.242414],[-89.9788246,29.2423699],[-89.9789192,29.2425313],[-89.9788205,29.2425754]]]}},{"type":"Feature","properties":{"property_id":"GI-0228","address_label":"Structure near 29.2418, -89.9789","occupancy_type":"Unclassified structure (OSM building=yes)","flood_zone_code":"VE","sfha":true,"risk_level":"High","recommended_action":"Research-tier classification: coastal high-hazard (wave action) or otherwise high flood-zone exposure. Treat as a prompt to review official FEMA flood maps and local hurricane evacuation guidance for this parish.","data_source":"OpenStreetMap building footprint + FEMA National Flood Hazard Layer (zone-based classification)","confidence_note":"Research-prototype classification derived from the public FEMA flood zone code for this location. It is a zone-based proxy, not a computed hydraulic or storm-surge model, and is not an official flood determination. Consult FEMA's Flood Map Service Center (msc.fema.gov) or your local floodplain administrator for official information.","building_height_m":5,"osm_way_id":1066812380},"geometry":{"type":"Polygon","coordinates":[[[-89.9788045,29.2417962],[-89.9788723,29.2417574],[-89.9788578,29.241738],[-89.9789452,29.2416881],[-89.9790201,29.241788],[-89.978939,29.2418343],[-89.978926,29.2418171],[-89.9788519,29.2418594],[-89.9788045,29.2417962]]]}},{"type":"Feature","properties":{"property_id":"GI-0229","address_label":"Structure near 29.2402, -89.9840","occupancy_type":"Unclassified structure (OSM building=yes)","flood_zone_code":"VE","sfha":true,"risk_level":"High","recommended_action":"Research-tier classification: coastal high-hazard (wave action) or otherwise high flood-zone exposure. Treat as a prompt to review official FEMA flood maps and local hurricane evacuation guidance for this parish.","data_source":"OpenStreetMap building footprint + FEMA National Flood Hazard Layer (zone-based classification)","confidence_note":"Research-prototype classification derived from the public FEMA flood zone code for this location. It is a zone-based proxy, not a computed hydraulic or storm-surge model, and is not an official flood determination. Consult FEMA's Flood Map Service Center (msc.fema.gov) or your local floodplain administrator for official information.","building_height_m":5,"osm_way_id":1066812381},"geometry":{"type":"Polygon","coordinates":[[[-89.9839899,29.2403172],[-89.9839317,29.2402171],[-89.9840996,29.2401427],[-89.9841578,29.2402428],[-89.9839899,29.2403172]]]}},{"type":"Feature","properties":{"property_id":"GI-0230","address_label":"Structure near 29.2400, -89.9845","occupancy_type":"Unclassified structure (OSM building=yes)","flood_zone_code":"VE","sfha":true,"risk_level":"High","recommended_action":"Research-tier classification: coastal high-hazard (wave action) or otherwise high flood-zone exposure. Treat as a prompt to review official FEMA flood maps and local hurricane evacuation guidance for this parish.","data_source":"OpenStreetMap building footprint + FEMA National Flood Hazard Layer (zone-based classification)","confidence_note":"Research-prototype classification derived from the public FEMA flood zone code for this location. It is a zone-based proxy, not a computed hydraulic or storm-surge model, and is not an official flood determination. Consult FEMA's Flood Map Service Center (msc.fema.gov) or your local floodplain administrator for official information.","building_height_m":5,"osm_way_id":1066812382},"geometry":{"type":"Polygon","coordinates":[[[-89.9844382,29.2400648],[-89.9844059,29.2400784],[-89.9843845,29.2400398],[-89.9845252,29.2399804],[-89.9845283,29.2399861],[-89.9845538,29.2399754],[-89.9845616,29.2399894],[-89.9845698,29.2399859],[-89.9845792,29.2400029],[-89.9845702,29.2400091],[-89.9845835,29.240033],[-89.9845614,29.2400423],[-89.9845642,29.2400511],[-89.9844559,29.2400968],[-89.9844382,29.2400648]]]}},{"type":"Feature","properties":{"property_id":"GI-0231","address_label":"Structure near 29.2400, -89.9843","occupancy_type":"Unclassified structure (OSM building=yes)","flood_zone_code":"VE","sfha":true,"risk_level":"High","recommended_action":"Research-tier classification: coastal high-hazard (wave action) or otherwise high flood-zone exposure. Treat as a prompt to review official FEMA flood maps and local hurricane evacuation guidance for this parish.","data_source":"OpenStreetMap building footprint + FEMA National Flood Hazard Layer (zone-based classification)","confidence_note":"Research-prototype classification derived from the public FEMA flood zone code for this location. It is a zone-based proxy, not a computed hydraulic or storm-surge model, and is not an official flood determination. Consult FEMA's Flood Map Service Center (msc.fema.gov) or your local floodplain administrator for official information.","building_height_m":5,"osm_way_id":1066812383},"geometry":{"type":"Polygon","coordinates":[[[-89.9843052,29.2399785],[-89.9843702,29.2399504],[-89.9843897,29.2399846],[-89.9843246,29.2400127],[-89.9843052,29.2399785]]]}},{"type":"Feature","properties":{"property_id":"GI-0232","address_label":"Structure near 29.2398, -89.9842","occupancy_type":"Unclassified structure (OSM building=yes)","flood_zone_code":"VE","sfha":true,"risk_level":"High","recommended_action":"Research-tier classification: coastal high-hazard (wave action) or otherwise high flood-zone exposure. Treat as a prompt to review official FEMA flood maps and local hurricane evacuation guidance for this parish.","data_source":"OpenStreetMap building footprint + FEMA National Flood Hazard Layer (zone-based classification)","confidence_note":"Research-prototype classification derived from the public FEMA flood zone code for this location. It is a zone-based proxy, not a computed hydraulic or storm-surge model, and is not an official flood determination. Consult FEMA's Flood Map Service Center (msc.fema.gov) or your local floodplain administrator for official information.","building_height_m":5,"osm_way_id":1066812384},"geometry":{"type":"Polygon","coordinates":[[[-89.984233,29.239915],[-89.9841919,29.2398431],[-89.9842202,29.2398307],[-89.9842166,29.2398244],[-89.9841871,29.2398372],[-89.9841709,29.2398088],[-89.9842655,29.2397676],[-89.9843265,29.2398744],[-89.984233,29.239915]]]}},{"type":"Feature","properties":{"property_id":"GI-0233","address_label":"Structure near 29.2396, -89.9851","occupancy_type":"Unclassified structure (OSM building=yes)","flood_zone_code":"VE","sfha":true,"risk_level":"High","recommended_action":"Research-tier classification: coastal high-hazard (wave action) or otherwise high flood-zone exposure. Treat as a prompt to review official FEMA flood maps and local hurricane evacuation guidance for this parish.","data_source":"OpenStreetMap building footprint + FEMA National Flood Hazard Layer (zone-based classification)","confidence_note":"Research-prototype classification derived from the public FEMA flood zone code for this location. It is a zone-based proxy, not a computed hydraulic or storm-surge model, and is not an official flood determination. Consult FEMA's Flood Map Service Center (msc.fema.gov) or your local floodplain administrator for official information.","building_height_m":5,"osm_way_id":1066812385},"geometry":{"type":"Polygon","coordinates":[[[-89.9851128,29.2396572],[-89.9850866,29.2396111],[-89.9850921,29.2396087],[-89.9850747,29.239578],[-89.985134,29.2395524],[-89.9851776,29.2396291],[-89.9851128,29.2396572]]]}},{"type":"Feature","properties":{"property_id":"GI-0234","address_label":"Structure near 29.2395, -89.9850","occupancy_type":"Unclassified structure (OSM building=yes)","flood_zone_code":"VE","sfha":true,"risk_level":"High","recommended_action":"Research-tier classification: coastal high-hazard (wave action) or otherwise high flood-zone exposure. Treat as a prompt to review official FEMA flood maps and local hurricane evacuation guidance for this parish.","data_source":"OpenStreetMap building footprint + FEMA National Flood Hazard Layer (zone-based classification)","confidence_note":"Research-prototype classification derived from the public FEMA flood zone code for this location. It is a zone-based proxy, not a computed hydraulic or storm-surge model, and is not an official flood determination. Consult FEMA's Flood Map Service Center (msc.fema.gov) or your local floodplain administrator for official information.","building_height_m":5,"osm_way_id":1066812386},"geometry":{"type":"Polygon","coordinates":[[[-89.984954,29.2394623],[-89.985073,29.2394089],[-89.9851285,29.239503],[-89.9850094,29.2395564],[-89.984954,29.2394623]]]}},{"type":"Feature","properties":{"property_id":"GI-0235","address_label":"Structure near 29.2385, -89.9890","occupancy_type":"Unclassified structure (OSM building=yes)","flood_zone_code":"VE","sfha":true,"risk_level":"High","recommended_action":"Research-tier classification: coastal high-hazard (wave action) or otherwise high flood-zone exposure. Treat as a prompt to review official FEMA flood maps and local hurricane evacuation guidance for this parish.","data_source":"OpenStreetMap building footprint + FEMA National Flood Hazard Layer (zone-based classification)","confidence_note":"Research-prototype classification derived from the public FEMA flood zone code for this location. It is a zone-based proxy, not a computed hydraulic or storm-surge model, and is not an official flood determination. Consult FEMA's Flood Map Service Center (msc.fema.gov) or your local floodplain administrator for official information.","building_height_m":5,"osm_way_id":1066812387},"geometry":{"type":"Polygon","coordinates":[[[-89.9888456,29.2385511],[-89.9890883,29.2384439],[-89.9891391,29.2385313],[-89.9888964,29.2386386],[-89.9888456,29.2385511]]]}},{"type":"Feature","properties":{"property_id":"GI-0236","address_label":"Structure near 29.2388, -89.9885","occupancy_type":"Unclassified structure (OSM building=yes)","flood_zone_code":"VE","sfha":true,"risk_level":"High","recommended_action":"Research-tier classification: coastal high-hazard (wave action) or otherwise high flood-zone exposure. Treat as a prompt to review official FEMA flood maps and local hurricane evacuation guidance for this parish.","data_source":"OpenStreetMap building footprint + FEMA National Flood Hazard Layer (zone-based classification)","confidence_note":"Research-prototype classification derived from the public FEMA flood zone code for this location. It is a zone-based proxy, not a computed hydraulic or storm-surge model, and is not an official flood determination. Consult FEMA's Flood Map Service Center (msc.fema.gov) or your local floodplain administrator for official information.","building_height_m":5,"osm_way_id":1066812388},"geometry":{"type":"Polygon","coordinates":[[[-89.9883982,29.2387296],[-89.9885431,29.2386647],[-89.9886295,29.2388115],[-89.9884846,29.2388764],[-89.9883982,29.2387296]]]}},{"type":"Feature","properties":{"property_id":"GI-0237","address_label":"Structure near 29.2387, -89.9878","occupancy_type":"Unclassified structure (OSM building=yes)","flood_zone_code":"VE","sfha":true,"risk_level":"High","recommended_action":"Research-tier classification: coastal high-hazard (wave action) or otherwise high flood-zone exposure. Treat as a prompt to review official FEMA flood maps and local hurricane evacuation guidance for this parish.","data_source":"OpenStreetMap building footprint + FEMA National Flood Hazard Layer (zone-based classification)","confidence_note":"Research-prototype classification derived from the public FEMA flood zone code for this location. It is a zone-based proxy, not a computed hydraulic or storm-surge model, and is not an official flood determination. Consult FEMA's Flood Map Service Center (msc.fema.gov) or your local floodplain administrator for official information.","building_height_m":5,"osm_way_id":1066812389},"geometry":{"type":"Polygon","coordinates":[[[-89.9876368,29.2387393],[-89.9878532,29.2386481],[-89.9878778,29.2386925],[-89.9876614,29.2387837],[-89.9876368,29.2387393]]]}},{"type":"Feature","properties":{"property_id":"GI-0238","address_label":"Structure near 29.2428, -89.9814","occupancy_type":"Unclassified structure (OSM building=yes)","flood_zone_code":"VE","sfha":true,"risk_level":"High","recommended_action":"Research-tier classification: coastal high-hazard (wave action) or otherwise high flood-zone exposure. Treat as a prompt to review official FEMA flood maps and local hurricane evacuation guidance for this parish.","data_source":"OpenStreetMap building footprint + FEMA National Flood Hazard Layer (zone-based classification)","confidence_note":"Research-prototype classification derived from the public FEMA flood zone code for this location. It is a zone-based proxy, not a computed hydraulic or storm-surge model, and is not an official flood determination. Consult FEMA's Flood Map Service Center (msc.fema.gov) or your local floodplain administrator for official information.","building_height_m":5,"osm_way_id":1066812390},"geometry":{"type":"Polygon","coordinates":[[[-89.9813464,29.2428672],[-89.981285,29.2427625],[-89.9814877,29.2426721],[-89.981549,29.2427768],[-89.9813464,29.2428672]]]}},{"type":"Feature","properties":{"property_id":"GI-0239","address_label":"Structure near 29.2426, -89.9813","occupancy_type":"Unclassified structure (OSM building=yes)","flood_zone_code":"VE","sfha":true,"risk_level":"High","recommended_action":"Research-tier classification: coastal high-hazard (wave action) or otherwise high flood-zone exposure. Treat as a prompt to review official FEMA flood maps and local hurricane evacuation guidance for this parish.","data_source":"OpenStreetMap building footprint + FEMA National Flood Hazard Layer (zone-based classification)","confidence_note":"Research-prototype classification derived from the public FEMA flood zone code for this location. It is a zone-based proxy, not a computed hydraulic or storm-surge model, and is not an official flood determination. Consult FEMA's Flood Map Service Center (msc.fema.gov) or your local floodplain administrator for official information.","building_height_m":5,"osm_way_id":1066812391},"geometry":{"type":"Polygon","coordinates":[[[-89.9813027,29.2427287],[-89.9812415,29.2426252],[-89.9813806,29.2425625],[-89.9814418,29.242666],[-89.9813027,29.2427287]]]}},{"type":"Feature","properties":{"property_id":"GI-0240","address_label":"Structure near 29.2405, -89.9817","occupancy_type":"Unclassified structure (OSM building=yes)","flood_zone_code":"VE","sfha":true,"risk_level":"High","recommended_action":"Research-tier classification: coastal high-hazard (wave action) or otherwise high flood-zone exposure. Treat as a prompt to review official FEMA flood maps and local hurricane evacuation guidance for this parish.","data_source":"OpenStreetMap building footprint + FEMA National Flood Hazard Layer (zone-based classification)","confidence_note":"Research-prototype classification derived from the public FEMA flood zone code for this location. It is a zone-based proxy, not a computed hydraulic or storm-surge model, and is not an official flood determination. Consult FEMA's Flood Map Service Center (msc.fema.gov) or your local floodplain administrator for official information.","building_height_m":5,"osm_way_id":1066812392},"geometry":{"type":"Polygon","coordinates":[[[-89.9817036,29.2406205],[-89.9815984,29.2404359],[-89.9816946,29.2403941],[-89.9817271,29.2404511],[-89.9816787,29.2404721],[-89.9817514,29.2405997],[-89.9817036,29.2406205]]]}},{"type":"Feature","properties":{"property_id":"GI-0241","address_label":"Structure near 29.2388, -89.9866","occupancy_type":"Unclassified structure (OSM building=yes)","flood_zone_code":"VE","sfha":true,"risk_level":"High","recommended_action":"Research-tier classification: coastal high-hazard (wave action) or otherwise high flood-zone exposure. Treat as a prompt to review official FEMA flood maps and local hurricane evacuation guidance for this parish.","data_source":"OpenStreetMap building footprint + FEMA National Flood Hazard Layer (zone-based classification)","confidence_note":"Research-prototype classification derived from the public FEMA flood zone code for this location. It is a zone-based proxy, not a computed hydraulic or storm-surge model, and is not an official flood determination. Consult FEMA's Flood Map Service Center (msc.fema.gov) or your local floodplain administrator for official information.","building_height_m":5,"osm_way_id":1066812393},"geometry":{"type":"Polygon","coordinates":[[[-89.986602,29.2388233],[-89.9865554,29.2388446],[-89.9865059,29.2387618],[-89.9866825,29.2386813],[-89.9867325,29.2387647],[-89.98668,29.2387886],[-89.9867026,29.2388265],[-89.9866251,29.2388618],[-89.986602,29.2388233]]]}},{"type":"Feature","properties":{"property_id":"GI-0242","address_label":"Structure near 29.2386, -89.9872","occupancy_type":"Unclassified structure (OSM building=yes)","flood_zone_code":"VE","sfha":true,"risk_level":"High","recommended_action":"Research-tier classification: coastal high-hazard (wave action) or otherwise high flood-zone exposure. Treat as a prompt to review official FEMA flood maps and local hurricane evacuation guidance for this parish.","data_source":"OpenStreetMap building footprint + FEMA National Flood Hazard Layer (zone-based classification)","confidence_note":"Research-prototype classification derived from the public FEMA flood zone code for this location. It is a zone-based proxy, not a computed hydraulic or storm-surge model, and is not an official flood determination. Consult FEMA's Flood Map Service Center (msc.fema.gov) or your local floodplain administrator for official information.","building_height_m":5,"osm_way_id":1066812394},"geometry":{"type":"Polygon","coordinates":[[[-89.9870448,29.2386301],[-89.9872202,29.2385524],[-89.9872842,29.2386625],[-89.9871088,29.2387402],[-89.9870448,29.2386301]]]}},{"type":"Feature","properties":{"property_id":"GI-0243","address_label":"Structure near 29.2392, -89.9855","occupancy_type":"Unclassified structure (OSM building=yes)","flood_zone_code":"VE","sfha":true,"risk_level":"High","recommended_action":"Research-tier classification: coastal high-hazard (wave action) or otherwise high flood-zone exposure. Treat as a prompt to review official FEMA flood maps and local hurricane evacuation guidance for this parish.","data_source":"OpenStreetMap building footprint + FEMA National Flood Hazard Layer (zone-based classification)","confidence_note":"Research-prototype classification derived from the public FEMA flood zone code for this location. It is a zone-based proxy, not a computed hydraulic or storm-surge model, and is not an official flood determination. Consult FEMA's Flood Map Service Center (msc.fema.gov) or your local floodplain administrator for official information.","building_height_m":5,"osm_way_id":1066812395},"geometry":{"type":"Polygon","coordinates":[[[-89.9855222,29.2393021],[-89.9855028,29.2393098],[-89.9854748,29.2392561],[-89.9854913,29.2392496],[-89.9854888,29.239241],[-89.9855725,29.2392078],[-89.9855555,29.2391752],[-89.9856163,29.2391511],[-89.9856678,29.23925],[-89.9855234,29.2393073],[-89.9855222,29.2393021]]]}},{"type":"Feature","properties":{"property_id":"GI-0244","address_label":"Structure near 29.2390, -89.9855","occupancy_type":"Unclassified structure (OSM building=yes)","flood_zone_code":"VE","sfha":true,"risk_level":"High","recommended_action":"Research-tier classification: coastal high-hazard (wave action) or otherwise high flood-zone exposure. Treat as a prompt to review official FEMA flood maps and local hurricane evacuation guidance for this parish.","data_source":"OpenStreetMap building footprint + FEMA National Flood Hazard Layer (zone-based classification)","confidence_note":"Research-prototype classification derived from the public FEMA flood zone code for this location. It is a zone-based proxy, not a computed hydraulic or storm-surge model, and is not an official flood determination. Consult FEMA's Flood Map Service Center (msc.fema.gov) or your local floodplain administrator for official information.","building_height_m":5,"osm_way_id":1066812396},"geometry":{"type":"Polygon","coordinates":[[[-89.9855267,29.238982],[-89.9854427,29.2390203],[-89.9854108,29.2389697],[-89.985407,29.2389637],[-89.9854663,29.2389349],[-89.9854538,29.238915],[-89.9854773,29.2389037],[-89.9855267,29.238982]]]}},{"type":"Feature","properties":{"property_id":"GI-0245","address_label":"Structure near 29.2389, -89.9854","occupancy_type":"Unclassified structure (OSM building=yes)","flood_zone_code":"VE","sfha":true,"risk_level":"High","recommended_action":"Research-tier classification: coastal high-hazard (wave action) or otherwise high flood-zone exposure. Treat as a prompt to review official FEMA flood maps and local hurricane evacuation guidance for this parish.","data_source":"OpenStreetMap building footprint + FEMA National Flood Hazard Layer (zone-based classification)","confidence_note":"Research-prototype classification derived from the public FEMA flood zone code for this location. It is a zone-based proxy, not a computed hydraulic or storm-surge model, and is not an official flood determination. Consult FEMA's Flood Map Service Center (msc.fema.gov) or your local floodplain administrator for official information.","building_height_m":5,"osm_way_id":1066812397},"geometry":{"type":"Polygon","coordinates":[[[-89.9852597,29.2388436],[-89.9854119,29.238778],[-89.9854665,29.2388745],[-89.9853143,29.2389401],[-89.9852597,29.2388436]]]}},{"type":"Feature","properties":{"property_id":"GI-0246","address_label":"Structure near 29.2385, -89.9864","occupancy_type":"Unclassified structure (OSM building=yes)","flood_zone_code":"VE","sfha":true,"risk_level":"High","recommended_action":"Research-tier classification: coastal high-hazard (wave action) or otherwise high flood-zone exposure. Treat as a prompt to review official FEMA flood maps and local hurricane evacuation guidance for this parish.","data_source":"OpenStreetMap building footprint + FEMA National Flood Hazard Layer (zone-based classification)","confidence_note":"Research-prototype classification derived from the public FEMA flood zone code for this location. It is a zone-based proxy, not a computed hydraulic or storm-surge model, and is not an official flood determination. Consult FEMA's Flood Map Service Center (msc.fema.gov) or your local floodplain administrator for official information.","building_height_m":5,"osm_way_id":1066812398},"geometry":{"type":"Polygon","coordinates":[[[-89.9864423,29.2385872],[-89.9863954,29.2385051],[-89.9864324,29.238489],[-89.9864792,29.2385712],[-89.9864423,29.2385872]]]}},{"type":"Feature","properties":{"property_id":"GI-0247","address_label":"Structure near 29.2385, -89.9866","occupancy_type":"Unclassified structure (OSM building=yes)","flood_zone_code":"VE","sfha":true,"risk_level":"High","recommended_action":"Research-tier classification: coastal high-hazard (wave action) or otherwise high flood-zone exposure. Treat as a prompt to review official FEMA flood maps and local hurricane evacuation guidance for this parish.","data_source":"OpenStreetMap building footprint + FEMA National Flood Hazard Layer (zone-based classification)","confidence_note":"Research-prototype classification derived from the public FEMA flood zone code for this location. It is a zone-based proxy, not a computed hydraulic or storm-surge model, and is not an official flood determination. Consult FEMA's Flood Map Service Center (msc.fema.gov) or your local floodplain administrator for official information.","building_height_m":5,"osm_way_id":1066812399},"geometry":{"type":"Polygon","coordinates":[[[-89.9865013,29.2385722],[-89.9864599,29.238499],[-89.9865762,29.238446],[-89.9866123,29.2385192],[-89.9866162,29.2385305],[-89.986571,29.2385497],[-89.9865684,29.2385418],[-89.9865013,29.2385722]]]}},{"type":"Feature","properties":{"property_id":"GI-0248","address_label":"Structure near 29.2387, -89.9858","occupancy_type":"Unclassified structure (OSM building=yes)","flood_zone_code":"VE","sfha":true,"risk_level":"High","recommended_action":"Research-tier classification: coastal high-hazard (wave action) or otherwise high flood-zone exposure. Treat as a prompt to review official FEMA flood maps and local hurricane evacuation guidance for this parish.","data_source":"OpenStreetMap building footprint + FEMA National Flood Hazard Layer (zone-based classification)","confidence_note":"Research-prototype classification derived from the public FEMA flood zone code for this location. It is a zone-based proxy, not a computed hydraulic or storm-surge model, and is not an official flood determination. Consult FEMA's Flood Map Service Center (msc.fema.gov) or your local floodplain administrator for official information.","building_height_m":5,"osm_way_id":1066812400},"geometry":{"type":"Polygon","coordinates":[[[-89.9859717,29.2387137],[-89.9859884,29.2387426],[-89.9859583,29.2387559],[-89.9859428,29.2387292],[-89.9857407,29.2388183],[-89.9857023,29.2387522],[-89.9856155,29.2387272],[-89.985644,29.2386514],[-89.9856113,29.2385948],[-89.9859655,29.2384386],[-89.9860937,29.2386599],[-89.9859717,29.2387137]]]}},{"type":"Feature","properties":{"property_id":"GI-0249","address_label":"Structure near 29.2397, -89.9857","occupancy_type":"Unclassified structure (OSM building=yes)","flood_zone_code":"VE","sfha":true,"risk_level":"High","recommended_action":"Research-tier classification: coastal high-hazard (wave action) or otherwise high flood-zone exposure. Treat as a prompt to review official FEMA flood maps and local hurricane evacuation guidance for this parish.","data_source":"OpenStreetMap building footprint + FEMA National Flood Hazard Layer (zone-based classification)","confidence_note":"Research-prototype classification derived from the public FEMA flood zone code for this location. It is a zone-based proxy, not a computed hydraulic or storm-surge model, and is not an official flood determination. Consult FEMA's Flood Map Service Center (msc.fema.gov) or your local floodplain administrator for official information.","building_height_m":5,"osm_way_id":1066812401},"geometry":{"type":"Polygon","coordinates":[[[-89.9856159,29.239653],[-89.9857233,29.2396031],[-89.9857689,29.2396778],[-89.9857348,29.2396936],[-89.9857446,29.2397098],[-89.9856714,29.2397438],[-89.9856159,29.239653]]]}},{"type":"Feature","properties":{"property_id":"GI-0250","address_label":"Structure near 29.2399, -89.9858","occupancy_type":"Unclassified structure (OSM building=yes)","flood_zone_code":"VE","sfha":true,"risk_level":"High","recommended_action":"Research-tier classification: coastal high-hazard (wave action) or otherwise high flood-zone exposure. Treat as a prompt to review official FEMA flood maps and local hurricane evacuation guidance for this parish.","data_source":"OpenStreetMap building footprint + FEMA National Flood Hazard Layer (zone-based classification)","confidence_note":"Research-prototype classification derived from the public FEMA flood zone code for this location. It is a zone-based proxy, not a computed hydraulic or storm-surge model, and is not an official flood determination. Consult FEMA's Flood Map Service Center (msc.fema.gov) or your local floodplain administrator for official information.","building_height_m":5,"osm_way_id":1066812402},"geometry":{"type":"Polygon","coordinates":[[[-89.9857797,29.2399848],[-89.9857248,29.239886],[-89.9858716,29.2398239],[-89.9859265,29.2399227],[-89.9857797,29.2399848]]]}},{"type":"Feature","properties":{"property_id":"GI-0251","address_label":"Structure near 29.2401, -89.9859","occupancy_type":"Unclassified structure (OSM building=yes)","flood_zone_code":"VE","sfha":true,"risk_level":"High","recommended_action":"Research-tier classification: coastal high-hazard (wave action) or otherwise high flood-zone exposure. Treat as a prompt to review official FEMA flood maps and local hurricane evacuation guidance for this parish.","data_source":"OpenStreetMap building footprint + FEMA National Flood Hazard Layer (zone-based classification)","confidence_note":"Research-prototype classification derived from the public FEMA flood zone code for this location. It is a zone-based proxy, not a computed hydraulic or storm-surge model, and is not an official flood determination. Consult FEMA's Flood Map Service Center (msc.fema.gov) or your local floodplain administrator for official information.","building_height_m":5,"osm_way_id":1066812403},"geometry":{"type":"Polygon","coordinates":[[[-89.9858115,29.240066],[-89.9859718,29.2399862],[-89.986009,29.2400432],[-89.9858487,29.240123],[-89.9858115,29.240066]]]}},{"type":"Feature","properties":{"property_id":"GI-0252","address_label":"Structure near 29.2390, -89.9862","occupancy_type":"Unclassified structure (OSM building=yes)","flood_zone_code":"VE","sfha":true,"risk_level":"High","recommended_action":"Research-tier classification: coastal high-hazard (wave action) or otherwise high flood-zone exposure. Treat as a prompt to review official FEMA flood maps and local hurricane evacuation guidance for this parish.","data_source":"OpenStreetMap building footprint + FEMA National Flood Hazard Layer (zone-based classification)","confidence_note":"Research-prototype classification derived from the public FEMA flood zone code for this location. It is a zone-based proxy, not a computed hydraulic or storm-surge model, and is not an official flood determination. Consult FEMA's Flood Map Service Center (msc.fema.gov) or your local floodplain administrator for official information.","building_height_m":5,"osm_way_id":1066812404},"geometry":{"type":"Polygon","coordinates":[[[-89.986099,29.2389928],[-89.9862413,29.2389501],[-89.9862674,29.2390164],[-89.9861251,29.2390591],[-89.986099,29.2389928]]]}},{"type":"Feature","properties":{"property_id":"GI-0253","address_label":"Structure near 29.2391, -89.9860","occupancy_type":"Unclassified structure (OSM building=yes)","flood_zone_code":"VE","sfha":true,"risk_level":"High","recommended_action":"Research-tier classification: coastal high-hazard (wave action) or otherwise high flood-zone exposure. Treat as a prompt to review official FEMA flood maps and local hurricane evacuation guidance for this parish.","data_source":"OpenStreetMap building footprint + FEMA National Flood Hazard Layer (zone-based classification)","confidence_note":"Research-prototype classification derived from the public FEMA flood zone code for this location. It is a zone-based proxy, not a computed hydraulic or storm-surge model, and is not an official flood determination. Consult FEMA's Flood Map Service Center (msc.fema.gov) or your local floodplain administrator for official information.","building_height_m":5,"osm_way_id":1066812405},"geometry":{"type":"Polygon","coordinates":[[[-89.9859142,29.2390732],[-89.986033,29.239024],[-89.9860714,29.2390946],[-89.9859527,29.2391438],[-89.9859142,29.2390732]]]}},{"type":"Feature","properties":{"property_id":"GI-0254","address_label":"Structure near 29.2391, -89.9866","occupancy_type":"Unclassified structure (OSM building=yes)","flood_zone_code":"VE","sfha":true,"risk_level":"High","recommended_action":"Research-tier classification: coastal high-hazard (wave action) or otherwise high flood-zone exposure. Treat as a prompt to review official FEMA flood maps and local hurricane evacuation guidance for this parish.","data_source":"OpenStreetMap building footprint + FEMA National Flood Hazard Layer (zone-based classification)","confidence_note":"Research-prototype classification derived from the public FEMA flood zone code for this location. It is a zone-based proxy, not a computed hydraulic or storm-surge model, and is not an official flood determination. Consult FEMA's Flood Map Service Center (msc.fema.gov) or your local floodplain administrator for official information.","building_height_m":5,"osm_way_id":1066812406},"geometry":{"type":"Polygon","coordinates":[[[-89.9866077,29.2391656],[-89.986588,29.2391326],[-89.9866635,29.2390982],[-89.9866833,29.2391313],[-89.9866077,29.2391656]]]}},{"type":"Feature","properties":{"property_id":"GI-0255","address_label":"Structure near 29.2390, -89.9868","occupancy_type":"Unclassified structure (OSM building=yes)","flood_zone_code":"VE","sfha":true,"risk_level":"High","recommended_action":"Research-tier classification: coastal high-hazard (wave action) or otherwise high flood-zone exposure. Treat as a prompt to review official FEMA flood maps and local hurricane evacuation guidance for this parish.","data_source":"OpenStreetMap building footprint + FEMA National Flood Hazard Layer (zone-based classification)","confidence_note":"Research-prototype classification derived from the public FEMA flood zone code for this location. It is a zone-based proxy, not a computed hydraulic or storm-surge model, and is not an official flood determination. Consult FEMA's Flood Map Service Center (msc.fema.gov) or your local floodplain administrator for official information.","building_height_m":5,"osm_way_id":1066812407},"geometry":{"type":"Polygon","coordinates":[[[-89.9866568,29.2390128],[-89.9867939,29.2389523],[-89.9868507,29.2390502],[-89.9867135,29.2391107],[-89.9866568,29.2390128]]]}},{"type":"Feature","properties":{"property_id":"GI-0256","address_label":"Structure near 29.2392, -89.9866","occupancy_type":"Unclassified structure (OSM building=yes)","flood_zone_code":"VE","sfha":true,"risk_level":"High","recommended_action":"Research-tier classification: coastal high-hazard (wave action) or otherwise high flood-zone exposure. Treat as a prompt to review official FEMA flood maps and local hurricane evacuation guidance for this parish.","data_source":"OpenStreetMap building footprint + FEMA National Flood Hazard Layer (zone-based classification)","confidence_note":"Research-prototype classification derived from the public FEMA flood zone code for this location. It is a zone-based proxy, not a computed hydraulic or storm-surge model, and is not an official flood determination. Consult FEMA's Flood Map Service Center (msc.fema.gov) or your local floodplain administrator for official information.","building_height_m":5,"osm_way_id":1066812408},"geometry":{"type":"Polygon","coordinates":[[[-89.986563,29.2392009],[-89.9865996,29.2391869],[-89.9866459,29.2392789],[-89.9866094,29.2392929],[-89.986563,29.2392009]]]}},{"type":"Feature","properties":{"property_id":"GI-0257","address_label":"Structure near 29.2394, -89.9863","occupancy_type":"Unclassified structure (OSM building=yes)","flood_zone_code":"VE","sfha":true,"risk_level":"High","recommended_action":"Research-tier classification: coastal high-hazard (wave action) or otherwise high flood-zone exposure. Treat as a prompt to review official FEMA flood maps and local hurricane evacuation guidance for this parish.","data_source":"OpenStreetMap building footprint + FEMA National Flood Hazard Layer (zone-based classification)","confidence_note":"Research-prototype classification derived from the public FEMA flood zone code for this location. It is a zone-based proxy, not a computed hydraulic or storm-surge model, and is not an official flood determination. Consult FEMA's Flood Map Service Center (msc.fema.gov) or your local floodplain administrator for official information.","building_height_m":5,"osm_way_id":1066812409},"geometry":{"type":"Polygon","coordinates":[[[-89.9862076,29.2393741],[-89.9863178,29.2393246],[-89.9863725,29.2394171],[-89.9862622,29.2394666],[-89.9862076,29.2393741]]]}},{"type":"Feature","properties":{"property_id":"GI-0258","address_label":"Structure near 29.2398, -89.9865","occupancy_type":"Unclassified structure (OSM building=yes)","flood_zone_code":"VE","sfha":true,"risk_level":"High","recommended_action":"Research-tier classification: coastal high-hazard (wave action) or otherwise high flood-zone exposure. Treat as a prompt to review official FEMA flood maps and local hurricane evacuation guidance for this parish.","data_source":"OpenStreetMap building footprint + FEMA National Flood Hazard Layer (zone-based classification)","confidence_note":"Research-prototype classification derived from the public FEMA flood zone code for this location. It is a zone-based proxy, not a computed hydraulic or storm-surge model, and is not an official flood determination. Consult FEMA's Flood Map Service Center (msc.fema.gov) or your local floodplain administrator for official information.","building_height_m":5,"osm_way_id":1066812410},"geometry":{"type":"Polygon","coordinates":[[[-89.986558,29.2397996],[-89.9864426,29.2398482],[-89.9863988,29.2397753],[-89.9865976,29.2396811],[-89.9866429,29.2397638],[-89.986558,29.2397996]]]}},{"type":"Feature","properties":{"property_id":"GI-0259","address_label":"Structure near 29.2391, -89.9869","occupancy_type":"Unclassified structure (OSM building=yes)","flood_zone_code":"VE","sfha":true,"risk_level":"High","recommended_action":"Research-tier classification: coastal high-hazard (wave action) or otherwise high flood-zone exposure. Treat as a prompt to review official FEMA flood maps and local hurricane evacuation guidance for this parish.","data_source":"OpenStreetMap building footprint + FEMA National Flood Hazard Layer (zone-based classification)","confidence_note":"Research-prototype classification derived from the public FEMA flood zone code for this location. It is a zone-based proxy, not a computed hydraulic or storm-surge model, and is not an official flood determination. Consult FEMA's Flood Map Service Center (msc.fema.gov) or your local floodplain administrator for official information.","building_height_m":5,"osm_way_id":1066812411},"geometry":{"type":"Polygon","coordinates":[[[-89.9868264,29.2392024],[-89.986783,29.2391267],[-89.9869191,29.2390673],[-89.9869625,29.239143],[-89.9868264,29.2392024]]]}},{"type":"Feature","properties":{"property_id":"GI-0260","address_label":"Structure near 29.2394, -89.9869","occupancy_type":"Unclassified structure (OSM building=yes)","flood_zone_code":"VE","sfha":true,"risk_level":"High","recommended_action":"Research-tier classification: coastal high-hazard (wave action) or otherwise high flood-zone exposure. Treat as a prompt to review official FEMA flood maps and local hurricane evacuation guidance for this parish.","data_source":"OpenStreetMap building footprint + FEMA National Flood Hazard Layer (zone-based classification)","confidence_note":"Research-prototype classification derived from the public FEMA flood zone code for this location. It is a zone-based proxy, not a computed hydraulic or storm-surge model, and is not an official flood determination. Consult FEMA's Flood Map Service Center (msc.fema.gov) or your local floodplain administrator for official information.","building_height_m":5,"osm_way_id":1066812412},"geometry":{"type":"Polygon","coordinates":[[[-89.9868293,29.2394986],[-89.9867849,29.2394199],[-89.9869613,29.2393441],[-89.9870058,29.2394228],[-89.9868293,29.2394986]]]}},{"type":"Feature","properties":{"property_id":"GI-0261","address_label":"Structure near 29.2389, -89.9873","occupancy_type":"Unclassified structure (OSM building=yes)","flood_zone_code":"VE","sfha":true,"risk_level":"High","recommended_action":"Research-tier classification: coastal high-hazard (wave action) or otherwise high flood-zone exposure. Treat as a prompt to review official FEMA flood maps and local hurricane evacuation guidance for this parish.","data_source":"OpenStreetMap building footprint + FEMA National Flood Hazard Layer (zone-based classification)","confidence_note":"Research-prototype classification derived from the public FEMA flood zone code for this location. It is a zone-based proxy, not a computed hydraulic or storm-surge model, and is not an official flood determination. Consult FEMA's Flood Map Service Center (msc.fema.gov) or your local floodplain administrator for official information.","building_height_m":5,"osm_way_id":1066812413},"geometry":{"type":"Polygon","coordinates":[[[-89.9872111,29.2389592],[-89.9872645,29.2389349],[-89.9872319,29.2388804],[-89.9873648,29.2388197],[-89.9874079,29.2388916],[-89.9873388,29.2389231],[-89.9873624,29.2389624],[-89.987245,29.239016],[-89.9872111,29.2389592]]]}},{"type":"Feature","properties":{"property_id":"GI-0262","address_label":"Structure near 29.2389, -89.9879","occupancy_type":"Unclassified structure (OSM building=yes)","flood_zone_code":"VE","sfha":true,"risk_level":"High","recommended_action":"Research-tier classification: coastal high-hazard (wave action) or otherwise high flood-zone exposure. Treat as a prompt to review official FEMA flood maps and local hurricane evacuation guidance for this parish.","data_source":"OpenStreetMap building footprint + FEMA National Flood Hazard Layer (zone-based classification)","confidence_note":"Research-prototype classification derived from the public FEMA flood zone code for this location. It is a zone-based proxy, not a computed hydraulic or storm-surge model, and is not an official flood determination. Consult FEMA's Flood Map Service Center (msc.fema.gov) or your local floodplain administrator for official information.","building_height_m":5,"osm_way_id":1066812414},"geometry":{"type":"Polygon","coordinates":[[[-89.987798,29.2389745],[-89.9877762,29.2389353],[-89.9879914,29.2388443],[-89.9880131,29.2388835],[-89.987798,29.2389745]]]}},{"type":"Feature","properties":{"property_id":"GI-0263","address_label":"Structure near 29.2392, -89.9875","occupancy_type":"Unclassified structure (OSM building=yes)","flood_zone_code":"VE","sfha":true,"risk_level":"High","recommended_action":"Research-tier classification: coastal high-hazard (wave action) or otherwise high flood-zone exposure. Treat as a prompt to review official FEMA flood maps and local hurricane evacuation guidance for this parish.","data_source":"OpenStreetMap building footprint + FEMA National Flood Hazard Layer (zone-based classification)","confidence_note":"Research-prototype classification derived from the public FEMA flood zone code for this location. It is a zone-based proxy, not a computed hydraulic or storm-surge model, and is not an official flood determination. Consult FEMA's Flood Map Service Center (msc.fema.gov) or your local floodplain administrator for official information.","building_height_m":5,"osm_way_id":1066812415},"geometry":{"type":"Polygon","coordinates":[[[-89.9874094,29.239252],[-89.9873902,29.2392162],[-89.9875262,29.2391606],[-89.9875454,29.2391965],[-89.9874094,29.239252]]]}},{"type":"Feature","properties":{"property_id":"GI-0264","address_label":"Structure near 29.2393, -89.9876","occupancy_type":"Unclassified structure (OSM building=yes)","flood_zone_code":"VE","sfha":true,"risk_level":"High","recommended_action":"Research-tier classification: coastal high-hazard (wave action) or otherwise high flood-zone exposure. Treat as a prompt to review official FEMA flood maps and local hurricane evacuation guidance for this parish.","data_source":"OpenStreetMap building footprint + FEMA National Flood Hazard Layer (zone-based classification)","confidence_note":"Research-prototype classification derived from the public FEMA flood zone code for this location. It is a zone-based proxy, not a computed hydraulic or storm-surge model, and is not an official flood determination. Consult FEMA's Flood Map Service Center (msc.fema.gov) or your local floodplain administrator for official information.","building_height_m":5,"osm_way_id":1066812416},"geometry":{"type":"Polygon","coordinates":[[[-89.9875938,29.2393157],[-89.9876061,29.2393101],[-89.987595,29.2392915],[-89.9875075,29.2393311],[-89.9874865,29.2392958],[-89.9876262,29.2392326],[-89.9876754,29.2393153],[-89.987611,29.2393445],[-89.9875938,29.2393157]]]}},{"type":"Feature","properties":{"property_id":"GI-0265","address_label":"Structure near 29.2395, -89.9876","occupancy_type":"Unclassified structure (OSM building=yes)","flood_zone_code":"VE","sfha":true,"risk_level":"High","recommended_action":"Research-tier classification: coastal high-hazard (wave action) or otherwise high flood-zone exposure. Treat as a prompt to review official FEMA flood maps and local hurricane evacuation guidance for this parish.","data_source":"OpenStreetMap building footprint + FEMA National Flood Hazard Layer (zone-based classification)","confidence_note":"Research-prototype classification derived from the public FEMA flood zone code for this location. It is a zone-based proxy, not a computed hydraulic or storm-surge model, and is not an official flood determination. Consult FEMA's Flood Map Service Center (msc.fema.gov) or your local floodplain administrator for official information.","building_height_m":5,"osm_way_id":1066812417},"geometry":{"type":"Polygon","coordinates":[[[-89.9876204,29.2396283],[-89.9875133,29.2394438],[-89.9875767,29.2394157],[-89.9876025,29.2394601],[-89.9876632,29.2394775],[-89.9876738,29.239509],[-89.9876627,29.2395259],[-89.9876796,29.239555],[-89.9876663,29.239564],[-89.9876867,29.239599],[-89.9876204,29.2396283]]]}},{"type":"Feature","properties":{"property_id":"GI-0266","address_label":"Structure near 29.2391, -89.9881","occupancy_type":"Unclassified structure (OSM building=yes)","flood_zone_code":"VE","sfha":true,"risk_level":"High","recommended_action":"Research-tier classification: coastal high-hazard (wave action) or otherwise high flood-zone exposure. Treat as a prompt to review official FEMA flood maps and local hurricane evacuation guidance for this parish.","data_source":"OpenStreetMap building footprint + FEMA National Flood Hazard Layer (zone-based classification)","confidence_note":"Research-prototype classification derived from the public FEMA flood zone code for this location. It is a zone-based proxy, not a computed hydraulic or storm-surge model, and is not an official flood determination. Consult FEMA's Flood Map Service Center (msc.fema.gov) or your local floodplain administrator for official information.","building_height_m":5,"osm_way_id":1066812418},"geometry":{"type":"Polygon","coordinates":[[[-89.9879873,29.2390643],[-89.9880994,29.2390132],[-89.9881178,29.2390439],[-89.9880057,29.239095],[-89.9879873,29.2390643]]]}},{"type":"Feature","properties":{"property_id":"GI-0267","address_label":"Structure near 29.2423, -89.9884","occupancy_type":"Unclassified structure (OSM building=yes)","flood_zone_code":"VE","sfha":true,"risk_level":"High","recommended_action":"Research-tier classification: coastal high-hazard (wave action) or otherwise high flood-zone exposure. Treat as a prompt to review official FEMA flood maps and local hurricane evacuation guidance for this parish.","data_source":"OpenStreetMap building footprint + FEMA National Flood Hazard Layer (zone-based classification)","confidence_note":"Research-prototype classification derived from the public FEMA flood zone code for this location. It is a zone-based proxy, not a computed hydraulic or storm-surge model, and is not an official flood determination. Consult FEMA's Flood Map Service Center (msc.fema.gov) or your local floodplain administrator for official information.","building_height_m":5,"osm_way_id":1066812419},"geometry":{"type":"Polygon","coordinates":[[[-89.988319,29.2423003],[-89.9883311,29.2422949],[-89.9883139,29.2422659],[-89.9883857,29.2422336],[-89.9883901,29.242249],[-89.9884467,29.2422235],[-89.9884723,29.2422668],[-89.9883356,29.2423284],[-89.988319,29.2423003]]]}},{"type":"Feature","properties":{"property_id":"GI-0268","address_label":"Structure near 29.2424, -89.9885","occupancy_type":"Unclassified structure (OSM building=yes)","flood_zone_code":"VE","sfha":true,"risk_level":"High","recommended_action":"Research-tier classification: coastal high-hazard (wave action) or otherwise high flood-zone exposure. Treat as a prompt to review official FEMA flood maps and local hurricane evacuation guidance for this parish.","data_source":"OpenStreetMap building footprint + FEMA National Flood Hazard Layer (zone-based classification)","confidence_note":"Research-prototype classification derived from the public FEMA flood zone code for this location. It is a zone-based proxy, not a computed hydraulic or storm-surge model, and is not an official flood determination. Consult FEMA's Flood Map Service Center (msc.fema.gov) or your local floodplain administrator for official information.","building_height_m":5,"osm_way_id":1066812420},"geometry":{"type":"Polygon","coordinates":[[[-89.9883633,29.242385],[-89.988448,29.2423494],[-89.9884511,29.242355],[-89.9884706,29.2423468],[-89.9884853,29.2423734],[-89.9884639,29.2423824],[-89.9885045,29.2424558],[-89.9884217,29.2424906],[-89.9883633,29.242385]]]}},{"type":"Feature","properties":{"property_id":"GI-0269","address_label":"Structure near 29.2425, -89.9882","occupancy_type":"Unclassified structure (OSM building=yes)","flood_zone_code":"VE","sfha":true,"risk_level":"High","recommended_action":"Research-tier classification: coastal high-hazard (wave action) or otherwise high flood-zone exposure. Treat as a prompt to review official FEMA flood maps and local hurricane evacuation guidance for this parish.","data_source":"OpenStreetMap building footprint + FEMA National Flood Hazard Layer (zone-based classification)","confidence_note":"Research-prototype classification derived from the public FEMA flood zone code for this location. It is a zone-based proxy, not a computed hydraulic or storm-surge model, and is not an official flood determination. Consult FEMA's Flood Map Service Center (msc.fema.gov) or your local floodplain administrator for official information.","building_height_m":5,"osm_way_id":1066812421},"geometry":{"type":"Polygon","coordinates":[[[-89.988164,29.242532],[-89.9881775,29.242526],[-89.988161,29.2424977],[-89.9882518,29.2424574],[-89.9882557,29.2424642],[-89.9882841,29.2424517],[-89.9883155,29.2425057],[-89.9882854,29.242519],[-89.9882886,29.2425244],[-89.9881861,29.2425698],[-89.988164,29.242532]]]}},{"type":"Feature","properties":{"property_id":"GI-0270","address_label":"Structure near 29.2426, -89.9886","occupancy_type":"Unclassified structure (OSM building=yes)","flood_zone_code":"VE","sfha":true,"risk_level":"High","recommended_action":"Research-tier classification: coastal high-hazard (wave action) or otherwise high flood-zone exposure. Treat as a prompt to review official FEMA flood maps and local hurricane evacuation guidance for this parish.","data_source":"OpenStreetMap building footprint + FEMA National Flood Hazard Layer (zone-based classification)","confidence_note":"Research-prototype classification derived from the public FEMA flood zone code for this location. It is a zone-based proxy, not a computed hydraulic or storm-surge model, and is not an official flood determination. Consult FEMA's Flood Map Service Center (msc.fema.gov) or your local floodplain administrator for official information.","building_height_m":5,"osm_way_id":1066812422},"geometry":{"type":"Polygon","coordinates":[[[-89.9885912,29.2426115],[-89.9885874,29.242605],[-89.9885111,29.242639],[-89.9884771,29.2425808],[-89.988597,29.2425274],[-89.9886023,29.2425365],[-89.9886236,29.2425269],[-89.9886562,29.2425826],[-89.9885912,29.2426115]]]}},{"type":"Feature","properties":{"property_id":"GI-0271","address_label":"Structure near 29.2427, -89.9886","occupancy_type":"Unclassified structure (OSM building=yes)","flood_zone_code":"VE","sfha":true,"risk_level":"High","recommended_action":"Research-tier classification: coastal high-hazard (wave action) or otherwise high flood-zone exposure. Treat as a prompt to review official FEMA flood maps and local hurricane evacuation guidance for this parish.","data_source":"OpenStreetMap building footprint + FEMA National Flood Hazard Layer (zone-based classification)","confidence_note":"Research-prototype classification derived from the public FEMA flood zone code for this location. It is a zone-based proxy, not a computed hydraulic or storm-surge model, and is not an official flood determination. Consult FEMA's Flood Map Service Center (msc.fema.gov) or your local floodplain administrator for official information.","building_height_m":5,"osm_way_id":1066812423},"geometry":{"type":"Polygon","coordinates":[[[-89.9884708,29.2427576],[-89.9884475,29.2427189],[-89.9886565,29.2426234],[-89.9886798,29.2426622],[-89.9884708,29.2427576]]]}},{"type":"Feature","properties":{"property_id":"GI-0272","address_label":"Structure near 29.2431, -89.9886","occupancy_type":"Unclassified structure (OSM building=yes)","flood_zone_code":"VE","sfha":true,"risk_level":"High","recommended_action":"Research-tier classification: coastal high-hazard (wave action) or otherwise high flood-zone exposure. Treat as a prompt to review official FEMA flood maps and local hurricane evacuation guidance for this parish.","data_source":"OpenStreetMap building footprint + FEMA National Flood Hazard Layer (zone-based classification)","confidence_note":"Research-prototype classification derived from the public FEMA flood zone code for this location. It is a zone-based proxy, not a computed hydraulic or storm-surge model, and is not an official flood determination. Consult FEMA's Flood Map Service Center (msc.fema.gov) or your local floodplain administrator for official information.","building_height_m":5,"osm_way_id":1066812424},"geometry":{"type":"Polygon","coordinates":[[[-89.9884785,29.2431529],[-89.9884564,29.2431153],[-89.9886396,29.2430333],[-89.9886616,29.2430709],[-89.9884785,29.2431529]]]}},{"type":"Feature","properties":{"property_id":"GI-0273","address_label":"Structure near 29.2433, -89.9890","occupancy_type":"Unclassified structure (OSM building=yes)","flood_zone_code":"VE","sfha":true,"risk_level":"High","recommended_action":"Research-tier classification: coastal high-hazard (wave action) or otherwise high flood-zone exposure. Treat as a prompt to review official FEMA flood maps and local hurricane evacuation guidance for this parish.","data_source":"OpenStreetMap building footprint + FEMA National Flood Hazard Layer (zone-based classification)","confidence_note":"Research-prototype classification derived from the public FEMA flood zone code for this location. It is a zone-based proxy, not a computed hydraulic or storm-surge model, and is not an official flood determination. Consult FEMA's Flood Map Service Center (msc.fema.gov) or your local floodplain administrator for official information.","building_height_m":5,"osm_way_id":1066812425},"geometry":{"type":"Polygon","coordinates":[[[-89.988816,29.2432506],[-89.9890288,29.2431594],[-89.9890934,29.2432742],[-89.9888806,29.2433654],[-89.988816,29.2432506]]]}},{"type":"Feature","properties":{"property_id":"GI-0274","address_label":"Structure near 29.2436, -89.9889","occupancy_type":"Unclassified structure (OSM building=yes)","flood_zone_code":"VE","sfha":true,"risk_level":"High","recommended_action":"Research-tier classification: coastal high-hazard (wave action) or otherwise high flood-zone exposure. Treat as a prompt to review official FEMA flood maps and local hurricane evacuation guidance for this parish.","data_source":"OpenStreetMap building footprint + FEMA National Flood Hazard Layer (zone-based classification)","confidence_note":"Research-prototype classification derived from the public FEMA flood zone code for this location. It is a zone-based proxy, not a computed hydraulic or storm-surge model, and is not an official flood determination. Consult FEMA's Flood Map Service Center (msc.fema.gov) or your local floodplain administrator for official information.","building_height_m":5,"osm_way_id":1066812427},"geometry":{"type":"Polygon","coordinates":[[[-89.9889336,29.2436449],[-89.9888954,29.2436633],[-89.9887822,29.2434844],[-89.9888205,29.243466],[-89.9889336,29.2436449]]]}},{"type":"Feature","properties":{"property_id":"GI-0275","address_label":"Structure near 29.2440, -89.9809","occupancy_type":"Unclassified structure (OSM building=yes)","flood_zone_code":"VE","sfha":true,"risk_level":"High","recommended_action":"Research-tier classification: coastal high-hazard (wave action) or otherwise high flood-zone exposure. Treat as a prompt to review official FEMA flood maps and local hurricane evacuation guidance for this parish.","data_source":"OpenStreetMap building footprint + FEMA National Flood Hazard Layer (zone-based classification)","confidence_note":"Research-prototype classification derived from the public FEMA flood zone code for this location. It is a zone-based proxy, not a computed hydraulic or storm-surge model, and is not an official flood determination. Consult FEMA's Flood Map Service Center (msc.fema.gov) or your local floodplain administrator for official information.","building_height_m":5,"osm_way_id":1066812428},"geometry":{"type":"Polygon","coordinates":[[[-89.9808907,29.2441589],[-89.9808668,29.244157],[-89.9808437,29.2441513],[-89.9808222,29.2441419],[-89.9808031,29.2441293],[-89.980787,29.2441139],[-89.9807743,29.2440961],[-89.9807657,29.2440766],[-89.9807613,29.244056],[-89.9807613,29.2440351],[-89.9807657,29.2440145],[-89.9807743,29.243995],[-89.980787,29.2439772],[-89.9808031,29.2439617],[-89.9808222,29.2439491],[-89.9808437,29.2439398],[-89.9808668,29.2439341],[-89.9808907,29.2439321],[-89.9809145,29.2439341],[-89.9809376,29.2439398],[-89.9809591,29.2439491],[-89.9809782,29.2439617],[-89.9809944,29.2439772],[-89.981007,29.243995],[-89.9810157,29.2440145],[-89.9810201,29.2440351],[-89.9810201,29.244056],[-89.9810157,29.2440766],[-89.981007,29.2440961],[-89.9809944,29.2441139],[-89.9809782,29.2441293],[-89.9809591,29.2441419],[-89.9809376,29.2441513],[-89.9809145,29.244157],[-89.9808907,29.2441589]]]}},{"type":"Feature","properties":{"property_id":"GI-0276","address_label":"Structure near 29.2440, -89.9887","occupancy_type":"Unclassified structure (OSM building=yes)","flood_zone_code":"VE","sfha":true,"risk_level":"High","recommended_action":"Research-tier classification: coastal high-hazard (wave action) or otherwise high flood-zone exposure. Treat as a prompt to review official FEMA flood maps and local hurricane evacuation guidance for this parish.","data_source":"OpenStreetMap building footprint + FEMA National Flood Hazard Layer (zone-based classification)","confidence_note":"Research-prototype classification derived from the public FEMA flood zone code for this location. It is a zone-based proxy, not a computed hydraulic or storm-surge model, and is not an official flood determination. Consult FEMA's Flood Map Service Center (msc.fema.gov) or your local floodplain administrator for official information.","building_height_m":5,"osm_way_id":1066812429},"geometry":{"type":"Polygon","coordinates":[[[-89.988616,29.2440509],[-89.9886969,29.2440033],[-89.9887151,29.2440269],[-89.9886342,29.2440744],[-89.988616,29.2440509]]]}},{"type":"Feature","properties":{"property_id":"GI-0277","address_label":"Structure near 29.2441, -89.9887","occupancy_type":"Unclassified structure (OSM building=yes)","flood_zone_code":"VE","sfha":true,"risk_level":"High","recommended_action":"Research-tier classification: coastal high-hazard (wave action) or otherwise high flood-zone exposure. Treat as a prompt to review official FEMA flood maps and local hurricane evacuation guidance for this parish.","data_source":"OpenStreetMap building footprint + FEMA National Flood Hazard Layer (zone-based classification)","confidence_note":"Research-prototype classification derived from the public FEMA flood zone code for this location. It is a zone-based proxy, not a computed hydraulic or storm-surge model, and is not an official flood determination. Consult FEMA's Flood Map Service Center (msc.fema.gov) or your local floodplain administrator for official information.","building_height_m":5,"osm_way_id":1066812430},"geometry":{"type":"Polygon","coordinates":[[[-89.9886579,29.2441036],[-89.9886396,29.2440809],[-89.9887174,29.2440331],[-89.9887357,29.2440558],[-89.9886579,29.2441036]]]}},{"type":"Feature","properties":{"property_id":"GI-0278","address_label":"Structure near 29.2441, -89.9886","occupancy_type":"Unclassified structure (OSM building=yes)","flood_zone_code":"VE","sfha":true,"risk_level":"High","recommended_action":"Research-tier classification: coastal high-hazard (wave action) or otherwise high flood-zone exposure. Treat as a prompt to review official FEMA flood maps and local hurricane evacuation guidance for this parish.","data_source":"OpenStreetMap building footprint + FEMA National Flood Hazard Layer (zone-based classification)","confidence_note":"Research-prototype classification derived from the public FEMA flood zone code for this location. It is a zone-based proxy, not a computed hydraulic or storm-surge model, and is not an official flood determination. Consult FEMA's Flood Map Service Center (msc.fema.gov) or your local floodplain administrator for official information.","building_height_m":5,"osm_way_id":1066812431},"geometry":{"type":"Polygon","coordinates":[[[-89.988529,29.2441024],[-89.9885593,29.2440867],[-89.9885795,29.2441164],[-89.9885492,29.2441321],[-89.988529,29.2441024]]]}},{"type":"Feature","properties":{"property_id":"GI-0279","address_label":"Structure near 29.2448, -89.9882","occupancy_type":"Unclassified structure (OSM building=yes)","flood_zone_code":"VE","sfha":true,"risk_level":"High","recommended_action":"Research-tier classification: coastal high-hazard (wave action) or otherwise high flood-zone exposure. Treat as a prompt to review official FEMA flood maps and local hurricane evacuation guidance for this parish.","data_source":"OpenStreetMap building footprint + FEMA National Flood Hazard Layer (zone-based classification)","confidence_note":"Research-prototype classification derived from the public FEMA flood zone code for this location. It is a zone-based proxy, not a computed hydraulic or storm-surge model, and is not an official flood determination. Consult FEMA's Flood Map Service Center (msc.fema.gov) or your local floodplain administrator for official information.","building_height_m":5,"osm_way_id":1066812432},"geometry":{"type":"Polygon","coordinates":[[[-89.9881988,29.2448429],[-89.9881227,29.2446848],[-89.9881862,29.2446615],[-89.9882624,29.2448197],[-89.9881988,29.2448429]]]}},{"type":"Feature","properties":{"property_id":"GI-0280","address_label":"Structure near 29.2448, -89.9884","occupancy_type":"Unclassified structure (OSM building=yes)","flood_zone_code":"VE","sfha":true,"risk_level":"High","recommended_action":"Research-tier classification: coastal high-hazard (wave action) or otherwise high flood-zone exposure. Treat as a prompt to review official FEMA flood maps and local hurricane evacuation guidance for this parish.","data_source":"OpenStreetMap building footprint + FEMA National Flood Hazard Layer (zone-based classification)","confidence_note":"Research-prototype classification derived from the public FEMA flood zone code for this location. It is a zone-based proxy, not a computed hydraulic or storm-surge model, and is not an official flood determination. Consult FEMA's Flood Map Service Center (msc.fema.gov) or your local floodplain administrator for official information.","building_height_m":5,"osm_way_id":1066812433},"geometry":{"type":"Polygon","coordinates":[[[-89.9883839,29.2448317],[-89.9883194,29.2447114],[-89.9883785,29.2446872],[-89.9884431,29.2448076],[-89.9883839,29.2448317]]]}},{"type":"Feature","properties":{"property_id":"GI-0281","address_label":"Structure near 29.2446, -89.9884","occupancy_type":"Unclassified structure (OSM building=yes)","flood_zone_code":"VE","sfha":true,"risk_level":"High","recommended_action":"Research-tier classification: coastal high-hazard (wave action) or otherwise high flood-zone exposure. Treat as a prompt to review official FEMA flood maps and local hurricane evacuation guidance for this parish.","data_source":"OpenStreetMap building footprint + FEMA National Flood Hazard Layer (zone-based classification)","confidence_note":"Research-prototype classification derived from the public FEMA flood zone code for this location. It is a zone-based proxy, not a computed hydraulic or storm-surge model, and is not an official flood determination. Consult FEMA's Flood Map Service Center (msc.fema.gov) or your local floodplain administrator for official information.","building_height_m":5,"osm_way_id":1066812434},"geometry":{"type":"Polygon","coordinates":[[[-89.9882677,29.2446003],[-89.9885023,29.2444925],[-89.9885618,29.244591],[-89.9883272,29.2446989],[-89.9882677,29.2446003]]]}},{"type":"Feature","properties":{"property_id":"GI-0282","address_label":"Structure near 29.2440, -89.9883","occupancy_type":"Unclassified structure (OSM building=yes)","flood_zone_code":"VE","sfha":true,"risk_level":"High","recommended_action":"Research-tier classification: coastal high-hazard (wave action) or otherwise high flood-zone exposure. Treat as a prompt to review official FEMA flood maps and local hurricane evacuation guidance for this parish.","data_source":"OpenStreetMap building footprint + FEMA National Flood Hazard Layer (zone-based classification)","confidence_note":"Research-prototype classification derived from the public FEMA flood zone code for this location. It is a zone-based proxy, not a computed hydraulic or storm-surge model, and is not an official flood determination. Consult FEMA's Flood Map Service Center (msc.fema.gov) or your local floodplain administrator for official information.","building_height_m":5,"osm_way_id":1066812435},"geometry":{"type":"Polygon","coordinates":[[[-89.9883703,29.2440736],[-89.9883265,29.2440991],[-89.9882588,29.2440111],[-89.9883132,29.2439833],[-89.9883703,29.2440736]]]}},{"type":"Feature","properties":{"property_id":"GI-0283","address_label":"Structure near 29.2437, -89.9868","occupancy_type":"Unclassified structure (OSM building=yes)","flood_zone_code":"VE","sfha":true,"risk_level":"High","recommended_action":"Research-tier classification: coastal high-hazard (wave action) or otherwise high flood-zone exposure. Treat as a prompt to review official FEMA flood maps and local hurricane evacuation guidance for this parish.","data_source":"OpenStreetMap building footprint + FEMA National Flood Hazard Layer (zone-based classification)","confidence_note":"Research-prototype classification derived from the public FEMA flood zone code for this location. It is a zone-based proxy, not a computed hydraulic or storm-surge model, and is not an official flood determination. Consult FEMA's Flood Map Service Center (msc.fema.gov) or your local floodplain administrator for official information.","building_height_m":5,"osm_way_id":1066812436},"geometry":{"type":"Polygon","coordinates":[[[-89.9868072,29.2437734],[-89.9866889,29.2435972],[-89.9867368,29.2435727],[-89.9867642,29.2436136],[-89.9867813,29.2436049],[-89.9868402,29.2436926],[-89.9868209,29.2437025],[-89.9868528,29.24375],[-89.9868072,29.2437734]]]}},{"type":"Feature","properties":{"property_id":"GI-0284","address_label":"Structure near 29.2427, -89.9859","occupancy_type":"Unclassified structure (OSM building=yes)","flood_zone_code":"VE","sfha":true,"risk_level":"High","recommended_action":"Research-tier classification: coastal high-hazard (wave action) or otherwise high flood-zone exposure. Treat as a prompt to review official FEMA flood maps and local hurricane evacuation guidance for this parish.","data_source":"OpenStreetMap building footprint + FEMA National Flood Hazard Layer (zone-based classification)","confidence_note":"Research-prototype classification derived from the public FEMA flood zone code for this location. It is a zone-based proxy, not a computed hydraulic or storm-surge model, and is not an official flood determination. Consult FEMA's Flood Map Service Center (msc.fema.gov) or your local floodplain administrator for official information.","building_height_m":5,"osm_way_id":1066812437},"geometry":{"type":"Polygon","coordinates":[[[-89.9859216,29.2427859],[-89.9858559,29.2426595],[-89.9858966,29.2426434],[-89.9858885,29.2426279],[-89.9859412,29.242607],[-89.9859491,29.2426221],[-89.9859683,29.2426145],[-89.9860187,29.2427114],[-89.9860043,29.242717],[-89.9860199,29.2427469],[-89.9859216,29.2427859]]]}},{"type":"Feature","properties":{"property_id":"GI-0285","address_label":"Structure near 29.2426, -89.9827","occupancy_type":"Unclassified structure (OSM building=yes)","flood_zone_code":"VE","sfha":true,"risk_level":"High","recommended_action":"Research-tier classification: coastal high-hazard (wave action) or otherwise high flood-zone exposure. Treat as a prompt to review official FEMA flood maps and local hurricane evacuation guidance for this parish.","data_source":"OpenStreetMap building footprint + FEMA National Flood Hazard Layer (zone-based classification)","confidence_note":"Research-prototype classification derived from the public FEMA flood zone code for this location. It is a zone-based proxy, not a computed hydraulic or storm-surge model, and is not an official flood determination. Consult FEMA's Flood Map Service Center (msc.fema.gov) or your local floodplain administrator for official information.","building_height_m":5,"osm_way_id":1066812438},"geometry":{"type":"Polygon","coordinates":[[[-89.9826539,29.2426526],[-89.9825921,29.2425484],[-89.9827148,29.2424929],[-89.9827767,29.2425971],[-89.9826539,29.2426526]]]}},{"type":"Feature","properties":{"property_id":"GI-0286","address_label":"Structure near 29.2409, -89.9829","occupancy_type":"Unclassified structure (OSM building=yes)","flood_zone_code":"VE","sfha":true,"risk_level":"High","recommended_action":"Research-tier classification: coastal high-hazard (wave action) or otherwise high flood-zone exposure. Treat as a prompt to review official FEMA flood maps and local hurricane evacuation guidance for this parish.","data_source":"OpenStreetMap building footprint + FEMA National Flood Hazard Layer (zone-based classification)","confidence_note":"Research-prototype classification derived from the public FEMA flood zone code for this location. It is a zone-based proxy, not a computed hydraulic or storm-surge model, and is not an official flood determination. Consult FEMA's Flood Map Service Center (msc.fema.gov) or your local floodplain administrator for official information.","building_height_m":5,"osm_way_id":1066812439},"geometry":{"type":"Polygon","coordinates":[[[-89.982892,29.2409574],[-89.9828468,29.2408759],[-89.9829258,29.2408425],[-89.9829711,29.240924],[-89.982892,29.2409574]]]}},{"type":"Feature","properties":{"property_id":"GI-0287","address_label":"Structure near 29.2409, -89.9833","occupancy_type":"Unclassified structure (OSM building=yes)","flood_zone_code":"VE","sfha":true,"risk_level":"High","recommended_action":"Research-tier classification: coastal high-hazard (wave action) or otherwise high flood-zone exposure. Treat as a prompt to review official FEMA flood maps and local hurricane evacuation guidance for this parish.","data_source":"OpenStreetMap building footprint + FEMA National Flood Hazard Layer (zone-based classification)","confidence_note":"Research-prototype classification derived from the public FEMA flood zone code for this location. It is a zone-based proxy, not a computed hydraulic or storm-surge model, and is not an official flood determination. Consult FEMA's Flood Map Service Center (msc.fema.gov) or your local floodplain administrator for official information.","building_height_m":5,"osm_way_id":1066812440},"geometry":{"type":"Polygon","coordinates":[[[-89.9832066,29.2409765],[-89.9831492,29.240872],[-89.9832582,29.2408264],[-89.9832908,29.2408857],[-89.9833028,29.2408807],[-89.9833276,29.2409259],[-89.9832066,29.2409765]]]}},{"type":"Feature","properties":{"property_id":"GI-0288","address_label":"Structure near 29.2410, -89.9830","occupancy_type":"Unclassified structure (OSM building=yes)","flood_zone_code":"VE","sfha":true,"risk_level":"High","recommended_action":"Research-tier classification: coastal high-hazard (wave action) or otherwise high flood-zone exposure. Treat as a prompt to review official FEMA flood maps and local hurricane evacuation guidance for this parish.","data_source":"OpenStreetMap building footprint + FEMA National Flood Hazard Layer (zone-based classification)","confidence_note":"Research-prototype classification derived from the public FEMA flood zone code for this location. It is a zone-based proxy, not a computed hydraulic or storm-surge model, and is not an official flood determination. Consult FEMA's Flood Map Service Center (msc.fema.gov) or your local floodplain administrator for official information.","building_height_m":5,"osm_way_id":1066812441},"geometry":{"type":"Polygon","coordinates":[[[-89.9830297,29.24107],[-89.9830227,29.2410582],[-89.9829955,29.241065],[-89.9829537,29.2409942],[-89.98294,29.2409978],[-89.982923,29.240969],[-89.9830081,29.2409308],[-89.9830367,29.2409794],[-89.9830818,29.2409591],[-89.9831048,29.2409981],[-89.9830696,29.2410138],[-89.9830757,29.2410242],[-89.9830517,29.2410405],[-89.9830608,29.241056],[-89.9830297,29.24107]]]}},{"type":"Feature","properties":{"property_id":"GI-0289","address_label":"Structure near 29.2411, -89.9831","occupancy_type":"Unclassified structure (OSM building=yes)","flood_zone_code":"VE","sfha":true,"risk_level":"High","recommended_action":"Research-tier classification: coastal high-hazard (wave action) or otherwise high flood-zone exposure. Treat as a prompt to review official FEMA flood maps and local hurricane evacuation guidance for this parish.","data_source":"OpenStreetMap building footprint + FEMA National Flood Hazard Layer (zone-based classification)","confidence_note":"Research-prototype classification derived from the public FEMA flood zone code for this location. It is a zone-based proxy, not a computed hydraulic or storm-surge model, and is not an official flood determination. Consult FEMA's Flood Map Service Center (msc.fema.gov) or your local floodplain administrator for official information.","building_height_m":5,"osm_way_id":1066812442},"geometry":{"type":"Polygon","coordinates":[[[-89.9830756,29.2411517],[-89.9830412,29.2410923],[-89.9832166,29.2410152],[-89.9832509,29.2410746],[-89.9830756,29.2411517]]]}},{"type":"Feature","properties":{"property_id":"GI-0290","address_label":"Structure near 29.2412, -89.9832","occupancy_type":"Unclassified structure (OSM building=yes)","flood_zone_code":"VE","sfha":true,"risk_level":"High","recommended_action":"Research-tier classification: coastal high-hazard (wave action) or otherwise high flood-zone exposure. Treat as a prompt to review official FEMA flood maps and local hurricane evacuation guidance for this parish.","data_source":"OpenStreetMap building footprint + FEMA National Flood Hazard Layer (zone-based classification)","confidence_note":"Research-prototype classification derived from the public FEMA flood zone code for this location. It is a zone-based proxy, not a computed hydraulic or storm-surge model, and is not an official flood determination. Consult FEMA's Flood Map Service Center (msc.fema.gov) or your local floodplain administrator for official information.","building_height_m":5,"osm_way_id":1066812443},"geometry":{"type":"Polygon","coordinates":[[[-89.983127,29.2413052],[-89.9830964,29.2412488],[-89.9832739,29.2411754],[-89.9833045,29.2412318],[-89.983127,29.2413052]]]}},{"type":"Feature","properties":{"property_id":"GI-0291","address_label":"Structure near 29.2416, -89.9834","occupancy_type":"Unclassified structure (OSM building=yes)","flood_zone_code":"VE","sfha":true,"risk_level":"High","recommended_action":"Research-tier classification: coastal high-hazard (wave action) or otherwise high flood-zone exposure. Treat as a prompt to review official FEMA flood maps and local hurricane evacuation guidance for this parish.","data_source":"OpenStreetMap building footprint + FEMA National Flood Hazard Layer (zone-based classification)","confidence_note":"Research-prototype classification derived from the public FEMA flood zone code for this location. It is a zone-based proxy, not a computed hydraulic or storm-surge model, and is not an official flood determination. Consult FEMA's Flood Map Service Center (msc.fema.gov) or your local floodplain administrator for official information.","building_height_m":5,"osm_way_id":1066812444},"geometry":{"type":"Polygon","coordinates":[[[-89.9833482,29.2416688],[-89.9833012,29.2415857],[-89.9835204,29.2414913],[-89.9835674,29.2415744],[-89.9833482,29.2416688]]]}},{"type":"Feature","properties":{"property_id":"GI-0292","address_label":"Structure near 29.2416, -89.9828","occupancy_type":"Unclassified structure (OSM building=yes)","flood_zone_code":"VE","sfha":true,"risk_level":"High","recommended_action":"Research-tier classification: coastal high-hazard (wave action) or otherwise high flood-zone exposure. Treat as a prompt to review official FEMA flood maps and local hurricane evacuation guidance for this parish.","data_source":"OpenStreetMap building footprint + FEMA National Flood Hazard Layer (zone-based classification)","confidence_note":"Research-prototype classification derived from the public FEMA flood zone code for this location. It is a zone-based proxy, not a computed hydraulic or storm-surge model, and is not an official flood determination. Consult FEMA's Flood Map Service Center (msc.fema.gov) or your local floodplain administrator for official information.","building_height_m":5,"osm_way_id":1066812445},"geometry":{"type":"Polygon","coordinates":[[[-89.9827736,29.2416696],[-89.9827521,29.2416371],[-89.9827369,29.2416448],[-89.9827146,29.2416111],[-89.9828254,29.2415551],[-89.9828381,29.2415652],[-89.9828626,29.2415528],[-89.9828944,29.2416007],[-89.9828691,29.2416134],[-89.982873,29.2416193],[-89.9827736,29.2416696]]]}},{"type":"Feature","properties":{"property_id":"GI-0293","address_label":"Structure near 29.2416, -89.9821","occupancy_type":"Unclassified structure (OSM building=yes)","flood_zone_code":"VE","sfha":true,"risk_level":"High","recommended_action":"Research-tier classification: coastal high-hazard (wave action) or otherwise high flood-zone exposure. Treat as a prompt to review official FEMA flood maps and local hurricane evacuation guidance for this parish.","data_source":"OpenStreetMap building footprint + FEMA National Flood Hazard Layer (zone-based classification)","confidence_note":"Research-prototype classification derived from the public FEMA flood zone code for this location. It is a zone-based proxy, not a computed hydraulic or storm-surge model, and is not an official flood determination. Consult FEMA's Flood Map Service Center (msc.fema.gov) or your local floodplain administrator for official information.","building_height_m":5,"osm_way_id":1066812446},"geometry":{"type":"Polygon","coordinates":[[[-89.9821905,29.2415789],[-89.9820499,29.2416507],[-89.9820008,29.2415835],[-89.9821574,29.2415199],[-89.9821905,29.2415789]]]}},{"type":"Feature","properties":{"property_id":"GI-0294","address_label":"Structure near 29.2418, -89.9824","occupancy_type":"Unclassified structure (OSM building=yes)","flood_zone_code":"VE","sfha":true,"risk_level":"High","recommended_action":"Research-tier classification: coastal high-hazard (wave action) or otherwise high flood-zone exposure. Treat as a prompt to review official FEMA flood maps and local hurricane evacuation guidance for this parish.","data_source":"OpenStreetMap building footprint + FEMA National Flood Hazard Layer (zone-based classification)","confidence_note":"Research-prototype classification derived from the public FEMA flood zone code for this location. It is a zone-based proxy, not a computed hydraulic or storm-surge model, and is not an official flood determination. Consult FEMA's Flood Map Service Center (msc.fema.gov) or your local floodplain administrator for official information.","building_height_m":5,"osm_way_id":1066812447},"geometry":{"type":"Polygon","coordinates":[[[-89.982424,29.241763],[-89.9823816,29.2417792],[-89.9823643,29.2417502],[-89.9824001,29.2417294],[-89.982424,29.241763]]]}},{"type":"Feature","properties":{"property_id":"GI-0295","address_label":"Structure near 29.2418, -89.9823","occupancy_type":"Unclassified structure (OSM building=yes)","flood_zone_code":"VE","sfha":true,"risk_level":"High","recommended_action":"Research-tier classification: coastal high-hazard (wave action) or otherwise high flood-zone exposure. Treat as a prompt to review official FEMA flood maps and local hurricane evacuation guidance for this parish.","data_source":"OpenStreetMap building footprint + FEMA National Flood Hazard Layer (zone-based classification)","confidence_note":"Research-prototype classification derived from the public FEMA flood zone code for this location. It is a zone-based proxy, not a computed hydraulic or storm-surge model, and is not an official flood determination. Consult FEMA's Flood Map Service Center (msc.fema.gov) or your local floodplain administrator for official information.","building_height_m":5,"osm_way_id":1066812448},"geometry":{"type":"Polygon","coordinates":[[[-89.9822019,29.2419004],[-89.9821603,29.2418242],[-89.9822985,29.2417668],[-89.9823401,29.241843],[-89.9822019,29.2419004]]]}},{"type":"Feature","properties":{"property_id":"GI-0296","address_label":"Structure near 29.2413, -89.9826","occupancy_type":"Unclassified structure (OSM building=yes)","flood_zone_code":"VE","sfha":true,"risk_level":"High","recommended_action":"Research-tier classification: coastal high-hazard (wave action) or otherwise high flood-zone exposure. Treat as a prompt to review official FEMA flood maps and local hurricane evacuation guidance for this parish.","data_source":"OpenStreetMap building footprint + FEMA National Flood Hazard Layer (zone-based classification)","confidence_note":"Research-prototype classification derived from the public FEMA flood zone code for this location. It is a zone-based proxy, not a computed hydraulic or storm-surge model, and is not an official flood determination. Consult FEMA's Flood Map Service Center (msc.fema.gov) or your local floodplain administrator for official information.","building_height_m":5,"osm_way_id":1066812449},"geometry":{"type":"Polygon","coordinates":[[[-89.9825439,29.2412676],[-89.9826891,29.2412054],[-89.9827366,29.24129],[-89.9825915,29.2413522],[-89.9825439,29.2412676]]]}},{"type":"Feature","properties":{"property_id":"GI-0297","address_label":"Structure near 29.2411, -89.9825","occupancy_type":"Unclassified structure (OSM building=yes)","flood_zone_code":"VE","sfha":true,"risk_level":"High","recommended_action":"Research-tier classification: coastal high-hazard (wave action) or otherwise high flood-zone exposure. Treat as a prompt to review official FEMA flood maps and local hurricane evacuation guidance for this parish.","data_source":"OpenStreetMap building footprint + FEMA National Flood Hazard Layer (zone-based classification)","confidence_note":"Research-prototype classification derived from the public FEMA flood zone code for this location. It is a zone-based proxy, not a computed hydraulic or storm-surge model, and is not an official flood determination. Consult FEMA's Flood Map Service Center (msc.fema.gov) or your local floodplain administrator for official information.","building_height_m":5,"osm_way_id":1066812450},"geometry":{"type":"Polygon","coordinates":[[[-89.9824229,29.2410878],[-89.9824515,29.2410763],[-89.9824451,29.2410539],[-89.9825001,29.2410319],[-89.9825101,29.241051],[-89.9825499,29.241035],[-89.9825951,29.2411211],[-89.9824673,29.2411722],[-89.9824229,29.2410878]]]}},{"type":"Feature","properties":{"property_id":"GI-0298","address_label":"Structure near 29.2408, -89.9824","occupancy_type":"Unclassified structure (OSM building=yes)","flood_zone_code":"VE","sfha":true,"risk_level":"High","recommended_action":"Research-tier classification: coastal high-hazard (wave action) or otherwise high flood-zone exposure. Treat as a prompt to review official FEMA flood maps and local hurricane evacuation guidance for this parish.","data_source":"OpenStreetMap building footprint + FEMA National Flood Hazard Layer (zone-based classification)","confidence_note":"Research-prototype classification derived from the public FEMA flood zone code for this location. It is a zone-based proxy, not a computed hydraulic or storm-surge model, and is not an official flood determination. Consult FEMA's Flood Map Service Center (msc.fema.gov) or your local floodplain administrator for official information.","building_height_m":5,"osm_way_id":1066812451},"geometry":{"type":"Polygon","coordinates":[[[-89.9824358,29.2408454],[-89.9823602,29.2407062],[-89.982405,29.2406877],[-89.9824806,29.2408269],[-89.9824358,29.2408454]]]}},{"type":"Feature","properties":{"property_id":"GI-0299","address_label":"Structure near 29.2409, -89.9822","occupancy_type":"Unclassified structure (OSM building=yes)","flood_zone_code":"VE","sfha":true,"risk_level":"High","recommended_action":"Research-tier classification: coastal high-hazard (wave action) or otherwise high flood-zone exposure. Treat as a prompt to review official FEMA flood maps and local hurricane evacuation guidance for this parish.","data_source":"OpenStreetMap building footprint + FEMA National Flood Hazard Layer (zone-based classification)","confidence_note":"Research-prototype classification derived from the public FEMA flood zone code for this location. It is a zone-based proxy, not a computed hydraulic or storm-surge model, and is not an official flood determination. Consult FEMA's Flood Map Service Center (msc.fema.gov) or your local floodplain administrator for official information.","building_height_m":5,"osm_way_id":1066812452},"geometry":{"type":"Polygon","coordinates":[[[-89.9822057,29.2409671],[-89.9821622,29.2408898],[-89.9821467,29.2408965],[-89.9821024,29.2408179],[-89.9822171,29.2407686],[-89.982305,29.2409244],[-89.9822057,29.2409671]]]}},{"type":"Feature","properties":{"property_id":"GI-0300","address_label":"Structure near 29.2414, -89.9822","occupancy_type":"Unclassified structure (OSM building=yes)","flood_zone_code":"VE","sfha":true,"risk_level":"High","recommended_action":"Research-tier classification: coastal high-hazard (wave action) or otherwise high flood-zone exposure. Treat as a prompt to review official FEMA flood maps and local hurricane evacuation guidance for this parish.","data_source":"OpenStreetMap building footprint + FEMA National Flood Hazard Layer (zone-based classification)","confidence_note":"Research-prototype classification derived from the public FEMA flood zone code for this location. It is a zone-based proxy, not a computed hydraulic or storm-surge model, and is not an official flood determination. Consult FEMA's Flood Map Service Center (msc.fema.gov) or your local floodplain administrator for official information.","building_height_m":5,"osm_way_id":1066812453},"geometry":{"type":"Polygon","coordinates":[[[-89.9822018,29.2414341],[-89.9821387,29.2413184],[-89.9822316,29.2412798],[-89.9822948,29.2413955],[-89.9822018,29.2414341]]]}},{"type":"Feature","properties":{"property_id":"GI-0301","address_label":"Structure near 29.2403, -89.9819","occupancy_type":"Unclassified structure (OSM building=yes)","flood_zone_code":"VE","sfha":true,"risk_level":"High","recommended_action":"Research-tier classification: coastal high-hazard (wave action) or otherwise high flood-zone exposure. Treat as a prompt to review official FEMA flood maps and local hurricane evacuation guidance for this parish.","data_source":"OpenStreetMap building footprint + FEMA National Flood Hazard Layer (zone-based classification)","confidence_note":"Research-prototype classification derived from the public FEMA flood zone code for this location. It is a zone-based proxy, not a computed hydraulic or storm-surge model, and is not an official flood determination. Consult FEMA's Flood Map Service Center (msc.fema.gov) or your local floodplain administrator for official information.","building_height_m":5,"osm_way_id":1066812454},"geometry":{"type":"Polygon","coordinates":[[[-89.9818907,29.2403044],[-89.9818628,29.2403182],[-89.9818443,29.2402951],[-89.9818774,29.2402777],[-89.9818907,29.2403044]]]}},{"type":"Feature","properties":{"property_id":"GI-0302","address_label":"Structure near 29.2402, -89.9818","occupancy_type":"Unclassified structure (OSM building=yes)","flood_zone_code":"VE","sfha":true,"risk_level":"High","recommended_action":"Research-tier classification: coastal high-hazard (wave action) or otherwise high flood-zone exposure. Treat as a prompt to review official FEMA flood maps and local hurricane evacuation guidance for this parish.","data_source":"OpenStreetMap building footprint + FEMA National Flood Hazard Layer (zone-based classification)","confidence_note":"Research-prototype classification derived from the public FEMA flood zone code for this location. It is a zone-based proxy, not a computed hydraulic or storm-surge model, and is not an official flood determination. Consult FEMA's Flood Map Service Center (msc.fema.gov) or your local floodplain administrator for official information.","building_height_m":5,"osm_way_id":1066812455},"geometry":{"type":"Polygon","coordinates":[[[-89.9818317,29.2402686],[-89.9818076,29.2402299],[-89.9818449,29.2402122],[-89.981869,29.2402509],[-89.9818317,29.2402686]]]}},{"type":"Feature","properties":{"property_id":"GI-0303","address_label":"Structure near 29.2391, -89.9852","occupancy_type":"Unclassified structure (OSM building=yes)","flood_zone_code":"VE","sfha":true,"risk_level":"High","recommended_action":"Research-tier classification: coastal high-hazard (wave action) or otherwise high flood-zone exposure. Treat as a prompt to review official FEMA flood maps and local hurricane evacuation guidance for this parish.","data_source":"OpenStreetMap building footprint + FEMA National Flood Hazard Layer (zone-based classification)","confidence_note":"Research-prototype classification derived from the public FEMA flood zone code for this location. It is a zone-based proxy, not a computed hydraulic or storm-surge model, and is not an official flood determination. Consult FEMA's Flood Map Service Center (msc.fema.gov) or your local floodplain administrator for official information.","building_height_m":5,"osm_way_id":1066812456},"geometry":{"type":"Polygon","coordinates":[[[-89.9852924,29.2390936],[-89.985176,29.2391473],[-89.9851229,29.2390598],[-89.9852393,29.239006],[-89.9852924,29.2390936]]]}},{"type":"Feature","properties":{"property_id":"GI-0304","address_label":"Structure near 29.2409, -89.9845","occupancy_type":"Unclassified structure (OSM building=yes)","flood_zone_code":"VE","sfha":true,"risk_level":"High","recommended_action":"Research-tier classification: coastal high-hazard (wave action) or otherwise high flood-zone exposure. Treat as a prompt to review official FEMA flood maps and local hurricane evacuation guidance for this parish.","data_source":"OpenStreetMap building footprint + FEMA National Flood Hazard Layer (zone-based classification)","confidence_note":"Research-prototype classification derived from the public FEMA flood zone code for this location. It is a zone-based proxy, not a computed hydraulic or storm-surge model, and is not an official flood determination. Consult FEMA's Flood Map Service Center (msc.fema.gov) or your local floodplain administrator for official information.","building_height_m":5,"osm_way_id":1066812457},"geometry":{"type":"Polygon","coordinates":[[[-89.9845806,29.2408964],[-89.9843889,29.2409681],[-89.9843351,29.2408585],[-89.9845268,29.2407868],[-89.9845806,29.2408964]]]}},{"type":"Feature","properties":{"property_id":"GI-0305","address_label":"Structure near 29.2406, -89.9843","occupancy_type":"Unclassified structure (OSM building=yes)","flood_zone_code":"VE","sfha":true,"risk_level":"High","recommended_action":"Research-tier classification: coastal high-hazard (wave action) or otherwise high flood-zone exposure. Treat as a prompt to review official FEMA flood maps and local hurricane evacuation guidance for this parish.","data_source":"OpenStreetMap building footprint + FEMA National Flood Hazard Layer (zone-based classification)","confidence_note":"Research-prototype classification derived from the public FEMA flood zone code for this location. It is a zone-based proxy, not a computed hydraulic or storm-surge model, and is not an official flood determination. Consult FEMA's Flood Map Service Center (msc.fema.gov) or your local floodplain administrator for official information.","building_height_m":5,"osm_way_id":1066812458},"geometry":{"type":"Polygon","coordinates":[[[-89.9844405,29.2406482],[-89.9842489,29.2407319],[-89.9841982,29.2406435],[-89.9843899,29.2405598],[-89.9844405,29.2406482]]]}},{"type":"Feature","properties":{"property_id":"GI-0306","address_label":"Structure near 29.2400, -89.9839","occupancy_type":"Unclassified structure (OSM building=yes)","flood_zone_code":"VE","sfha":true,"risk_level":"High","recommended_action":"Research-tier classification: coastal high-hazard (wave action) or otherwise high flood-zone exposure. Treat as a prompt to review official FEMA flood maps and local hurricane evacuation guidance for this parish.","data_source":"OpenStreetMap building footprint + FEMA National Flood Hazard Layer (zone-based classification)","confidence_note":"Research-prototype classification derived from the public FEMA flood zone code for this location. It is a zone-based proxy, not a computed hydraulic or storm-surge model, and is not an official flood determination. Consult FEMA's Flood Map Service Center (msc.fema.gov) or your local floodplain administrator for official information.","building_height_m":5,"osm_way_id":1066812459},"geometry":{"type":"Polygon","coordinates":[[[-89.9840586,29.2400175],[-89.9838669,29.2401011],[-89.9838149,29.2400103],[-89.9840066,29.2399267],[-89.9840586,29.2400175]]]}},{"type":"Feature","properties":{"property_id":"GI-0307","address_label":"Structure near 29.2407, -89.9869","occupancy_type":"Unclassified structure (OSM building=yes)","flood_zone_code":"VE","sfha":true,"risk_level":"High","recommended_action":"Research-tier classification: coastal high-hazard (wave action) or otherwise high flood-zone exposure. Treat as a prompt to review official FEMA flood maps and local hurricane evacuation guidance for this parish.","data_source":"OpenStreetMap building footprint + FEMA National Flood Hazard Layer (zone-based classification)","confidence_note":"Research-prototype classification derived from the public FEMA flood zone code for this location. It is a zone-based proxy, not a computed hydraulic or storm-surge model, and is not an official flood determination. Consult FEMA's Flood Map Service Center (msc.fema.gov) or your local floodplain administrator for official information.","building_height_m":5,"osm_way_id":1066812460},"geometry":{"type":"Polygon","coordinates":[[[-89.9868315,29.2407768],[-89.9867818,29.2406876],[-89.9869536,29.2406146],[-89.9870034,29.2407038],[-89.9868315,29.2407768]]]}},{"type":"Feature","properties":{"property_id":"GI-0308","address_label":"Structure near 29.2400, -89.9866","occupancy_type":"Unclassified structure (OSM building=yes)","flood_zone_code":"VE","sfha":true,"risk_level":"High","recommended_action":"Research-tier classification: coastal high-hazard (wave action) or otherwise high flood-zone exposure. Treat as a prompt to review official FEMA flood maps and local hurricane evacuation guidance for this parish.","data_source":"OpenStreetMap building footprint + FEMA National Flood Hazard Layer (zone-based classification)","confidence_note":"Research-prototype classification derived from the public FEMA flood zone code for this location. It is a zone-based proxy, not a computed hydraulic or storm-surge model, and is not an official flood determination. Consult FEMA's Flood Map Service Center (msc.fema.gov) or your local floodplain administrator for official information.","building_height_m":5,"osm_way_id":1066812461},"geometry":{"type":"Polygon","coordinates":[[[-89.9865942,29.2400906],[-89.9865513,29.2400118],[-89.9866411,29.2399746],[-89.9866839,29.2400534],[-89.9865942,29.2400906]]]}},{"type":"Feature","properties":{"property_id":"GI-0309","address_label":"Structure near 29.2403, -89.9868","occupancy_type":"Unclassified structure (OSM building=yes)","flood_zone_code":"VE","sfha":true,"risk_level":"High","recommended_action":"Research-tier classification: coastal high-hazard (wave action) or otherwise high flood-zone exposure. Treat as a prompt to review official FEMA flood maps and local hurricane evacuation guidance for this parish.","data_source":"OpenStreetMap building footprint + FEMA National Flood Hazard Layer (zone-based classification)","confidence_note":"Research-prototype classification derived from the public FEMA flood zone code for this location. It is a zone-based proxy, not a computed hydraulic or storm-surge model, and is not an official flood determination. Consult FEMA's Flood Map Service Center (msc.fema.gov) or your local floodplain administrator for official information.","building_height_m":5,"osm_way_id":1066812462},"geometry":{"type":"Polygon","coordinates":[[[-89.9867265,29.2403507],[-89.9866717,29.2402525],[-89.9867903,29.240202],[-89.9868452,29.2403003],[-89.9867265,29.2403507]]]}},{"type":"Feature","properties":{"property_id":"GI-0310","address_label":"Structure near 29.2409, -89.9870","occupancy_type":"Unclassified structure (OSM building=yes)","flood_zone_code":"VE","sfha":true,"risk_level":"High","recommended_action":"Research-tier classification: coastal high-hazard (wave action) or otherwise high flood-zone exposure. Treat as a prompt to review official FEMA flood maps and local hurricane evacuation guidance for this parish.","data_source":"OpenStreetMap building footprint + FEMA National Flood Hazard Layer (zone-based classification)","confidence_note":"Research-prototype classification derived from the public FEMA flood zone code for this location. It is a zone-based proxy, not a computed hydraulic or storm-surge model, and is not an official flood determination. Consult FEMA's Flood Map Service Center (msc.fema.gov) or your local floodplain administrator for official information.","building_height_m":5,"osm_way_id":1066812463},"geometry":{"type":"Polygon","coordinates":[[[-89.9869449,29.2409135],[-89.986913,29.240859],[-89.9870703,29.2407887],[-89.9871022,29.2408431],[-89.9869449,29.2409135]]]}},{"type":"Feature","properties":{"property_id":"GI-0311","address_label":"Structure near 29.2410, -89.9861","occupancy_type":"Unclassified structure (OSM building=yes)","flood_zone_code":"VE","sfha":true,"risk_level":"High","recommended_action":"Research-tier classification: coastal high-hazard (wave action) or otherwise high flood-zone exposure. Treat as a prompt to review official FEMA flood maps and local hurricane evacuation guidance for this parish.","data_source":"OpenStreetMap building footprint + FEMA National Flood Hazard Layer (zone-based classification)","confidence_note":"Research-prototype classification derived from the public FEMA flood zone code for this location. It is a zone-based proxy, not a computed hydraulic or storm-surge model, and is not an official flood determination. Consult FEMA's Flood Map Service Center (msc.fema.gov) or your local floodplain administrator for official information.","building_height_m":5,"osm_way_id":1066812464},"geometry":{"type":"Polygon","coordinates":[[[-89.9860116,29.2410271],[-89.9860725,29.2410059],[-89.9860983,29.2410621],[-89.9860374,29.2410834],[-89.9860116,29.2410271]]]}},{"type":"Feature","properties":{"property_id":"GI-0312","address_label":"Structure near 29.2394, -89.9830","occupancy_type":"Unclassified structure (OSM building=yes)","flood_zone_code":"VE","sfha":true,"risk_level":"High","recommended_action":"Research-tier classification: coastal high-hazard (wave action) or otherwise high flood-zone exposure. Treat as a prompt to review official FEMA flood maps and local hurricane evacuation guidance for this parish.","data_source":"OpenStreetMap building footprint + FEMA National Flood Hazard Layer (zone-based classification)","confidence_note":"Research-prototype classification derived from the public FEMA flood zone code for this location. It is a zone-based proxy, not a computed hydraulic or storm-surge model, and is not an official flood determination. Consult FEMA's Flood Map Service Center (msc.fema.gov) or your local floodplain administrator for official information.","building_height_m":5,"osm_way_id":1066812465},"geometry":{"type":"Polygon","coordinates":[[[-89.9830614,29.2394805],[-89.9829452,29.2392773],[-89.9830269,29.2392417],[-89.983143,29.2394449],[-89.9830614,29.2394805]]]}},{"type":"Feature","properties":{"property_id":"GI-0313","address_label":"Structure near 29.2393, -89.9823","occupancy_type":"Unclassified structure (OSM building=yes)","flood_zone_code":"VE","sfha":true,"risk_level":"High","recommended_action":"Research-tier classification: coastal high-hazard (wave action) or otherwise high flood-zone exposure. Treat as a prompt to review official FEMA flood maps and local hurricane evacuation guidance for this parish.","data_source":"OpenStreetMap building footprint + FEMA National Flood Hazard Layer (zone-based classification)","confidence_note":"Research-prototype classification derived from the public FEMA flood zone code for this location. It is a zone-based proxy, not a computed hydraulic or storm-surge model, and is not an official flood determination. Consult FEMA's Flood Map Service Center (msc.fema.gov) or your local floodplain administrator for official information.","building_height_m":5,"osm_way_id":1066812466},"geometry":{"type":"Polygon","coordinates":[[[-89.9823505,29.2392944],[-89.9823551,29.2393004],[-89.9823361,29.2393116],[-89.9823285,29.2393049],[-89.9822496,29.2393514],[-89.9821803,29.2392618],[-89.9822907,29.2391968],[-89.9823598,29.2392863],[-89.9823505,29.2392944]]]}},{"type":"Feature","properties":{"property_id":"GI-0314","address_label":"Structure near 29.2390, -89.9825","occupancy_type":"Unclassified structure (OSM building=yes)","flood_zone_code":"VE","sfha":true,"risk_level":"High","recommended_action":"Research-tier classification: coastal high-hazard (wave action) or otherwise high flood-zone exposure. Treat as a prompt to review official FEMA flood maps and local hurricane evacuation guidance for this parish.","data_source":"OpenStreetMap building footprint + FEMA National Flood Hazard Layer (zone-based classification)","confidence_note":"Research-prototype classification derived from the public FEMA flood zone code for this location. It is a zone-based proxy, not a computed hydraulic or storm-surge model, and is not an official flood determination. Consult FEMA's Flood Map Service Center (msc.fema.gov) or your local floodplain administrator for official information.","building_height_m":5,"osm_way_id":1066812467},"geometry":{"type":"Polygon","coordinates":[[[-89.9824892,29.2391487],[-89.9823758,29.2390108],[-89.9825673,29.2388909],[-89.9826174,29.2389518],[-89.9825833,29.2389731],[-89.9826466,29.2390501],[-89.9824892,29.2391487]]]}},{"type":"Feature","properties":{"property_id":"GI-0315","address_label":"Structure near 29.2387, -89.9830","occupancy_type":"Unclassified structure (OSM building=yes)","flood_zone_code":"VE","sfha":true,"risk_level":"High","recommended_action":"Research-tier classification: coastal high-hazard (wave action) or otherwise high flood-zone exposure. Treat as a prompt to review official FEMA flood maps and local hurricane evacuation guidance for this parish.","data_source":"OpenStreetMap building footprint + FEMA National Flood Hazard Layer (zone-based classification)","confidence_note":"Research-prototype classification derived from the public FEMA flood zone code for this location. It is a zone-based proxy, not a computed hydraulic or storm-surge model, and is not an official flood determination. Consult FEMA's Flood Map Service Center (msc.fema.gov) or your local floodplain administrator for official information.","building_height_m":5,"osm_way_id":1066812468},"geometry":{"type":"Polygon","coordinates":[[[-89.9830208,29.2387968],[-89.9829289,29.2386833],[-89.98305,29.2386086],[-89.983142,29.238722],[-89.9830208,29.2387968]]]}},{"type":"Feature","properties":{"property_id":"GI-0316","address_label":"Structure near 29.2392, -89.9879","occupancy_type":"Unclassified structure (OSM building=yes)","flood_zone_code":"VE","sfha":true,"risk_level":"High","recommended_action":"Research-tier classification: coastal high-hazard (wave action) or otherwise high flood-zone exposure. Treat as a prompt to review official FEMA flood maps and local hurricane evacuation guidance for this parish.","data_source":"OpenStreetMap building footprint + FEMA National Flood Hazard Layer (zone-based classification)","confidence_note":"Research-prototype classification derived from the public FEMA flood zone code for this location. It is a zone-based proxy, not a computed hydraulic or storm-surge model, and is not an official flood determination. Consult FEMA's Flood Map Service Center (msc.fema.gov) or your local floodplain administrator for official information.","building_height_m":5,"osm_way_id":1066812469},"geometry":{"type":"Polygon","coordinates":[[[-89.9879181,29.2392209],[-89.9878795,29.2391656],[-89.9879382,29.2391344],[-89.9879768,29.2391897],[-89.9879181,29.2392209]]]}},{"type":"Feature","properties":{"property_id":"GI-0317","address_label":"Structure near 29.2396, -89.9883","occupancy_type":"Unclassified structure (OSM building=yes)","flood_zone_code":"VE","sfha":true,"risk_level":"High","recommended_action":"Research-tier classification: coastal high-hazard (wave action) or otherwise high flood-zone exposure. Treat as a prompt to review official FEMA flood maps and local hurricane evacuation guidance for this parish.","data_source":"OpenStreetMap building footprint + FEMA National Flood Hazard Layer (zone-based classification)","confidence_note":"Research-prototype classification derived from the public FEMA flood zone code for this location. It is a zone-based proxy, not a computed hydraulic or storm-surge model, and is not an official flood determination. Consult FEMA's Flood Map Service Center (msc.fema.gov) or your local floodplain administrator for official information.","building_height_m":5,"osm_way_id":1066812470},"geometry":{"type":"Polygon","coordinates":[[[-89.9882036,29.2395734],[-89.9883425,29.2395098],[-89.9883997,29.239605],[-89.9882607,29.2396686],[-89.9882036,29.2395734]]]}},{"type":"Feature","properties":{"property_id":"GI-0318","address_label":"Structure near 29.2391, -89.9889","occupancy_type":"Unclassified structure (OSM building=yes)","flood_zone_code":"VE","sfha":true,"risk_level":"High","recommended_action":"Research-tier classification: coastal high-hazard (wave action) or otherwise high flood-zone exposure. Treat as a prompt to review official FEMA flood maps and local hurricane evacuation guidance for this parish.","data_source":"OpenStreetMap building footprint + FEMA National Flood Hazard Layer (zone-based classification)","confidence_note":"Research-prototype classification derived from the public FEMA flood zone code for this location. It is a zone-based proxy, not a computed hydraulic or storm-surge model, and is not an official flood determination. Consult FEMA's Flood Map Service Center (msc.fema.gov) or your local floodplain administrator for official information.","building_height_m":5,"osm_way_id":1066812471},"geometry":{"type":"Polygon","coordinates":[[[-89.9888741,29.2390447],[-89.988946,29.2390156],[-89.9889896,29.2390976],[-89.9889177,29.2391267],[-89.9888741,29.2390447]]]}},{"type":"Feature","properties":{"property_id":"GI-0319","address_label":"Structure near 29.2392, -89.9887","occupancy_type":"Unclassified structure (OSM building=yes)","flood_zone_code":"VE","sfha":true,"risk_level":"High","recommended_action":"Research-tier classification: coastal high-hazard (wave action) or otherwise high flood-zone exposure. Treat as a prompt to review official FEMA flood maps and local hurricane evacuation guidance for this parish.","data_source":"OpenStreetMap building footprint + FEMA National Flood Hazard Layer (zone-based classification)","confidence_note":"Research-prototype classification derived from the public FEMA flood zone code for this location. It is a zone-based proxy, not a computed hydraulic or storm-surge model, and is not an official flood determination. Consult FEMA's Flood Map Service Center (msc.fema.gov) or your local floodplain administrator for official information.","building_height_m":5,"osm_way_id":1066812472},"geometry":{"type":"Polygon","coordinates":[[[-89.9886476,29.2392846],[-89.9886103,29.2392274],[-89.9886834,29.2391911],[-89.9887207,29.2392483],[-89.9886476,29.2392846]]]}},{"type":"Feature","properties":{"property_id":"GI-0320","address_label":"Structure near 29.2391, -89.9886","occupancy_type":"Unclassified structure (OSM building=yes)","flood_zone_code":"VE","sfha":true,"risk_level":"High","recommended_action":"Research-tier classification: coastal high-hazard (wave action) or otherwise high flood-zone exposure. Treat as a prompt to review official FEMA flood maps and local hurricane evacuation guidance for this parish.","data_source":"OpenStreetMap building footprint + FEMA National Flood Hazard Layer (zone-based classification)","confidence_note":"Research-prototype classification derived from the public FEMA flood zone code for this location. It is a zone-based proxy, not a computed hydraulic or storm-surge model, and is not an official flood determination. Consult FEMA's Flood Map Service Center (msc.fema.gov) or your local floodplain administrator for official information.","building_height_m":5,"osm_way_id":1066812473},"geometry":{"type":"Polygon","coordinates":[[[-89.9886165,29.2391684],[-89.9885497,29.2390436],[-89.9886455,29.2390046],[-89.9887122,29.2391294],[-89.9886165,29.2391684]]]}},{"type":"Feature","properties":{"property_id":"GI-0321","address_label":"Structure near 29.2395, -89.9889","occupancy_type":"Unclassified structure (OSM building=yes)","flood_zone_code":"VE","sfha":true,"risk_level":"High","recommended_action":"Research-tier classification: coastal high-hazard (wave action) or otherwise high flood-zone exposure. Treat as a prompt to review official FEMA flood maps and local hurricane evacuation guidance for this parish.","data_source":"OpenStreetMap building footprint + FEMA National Flood Hazard Layer (zone-based classification)","confidence_note":"Research-prototype classification derived from the public FEMA flood zone code for this location. It is a zone-based proxy, not a computed hydraulic or storm-surge model, and is not an official flood determination. Consult FEMA's Flood Map Service Center (msc.fema.gov) or your local floodplain administrator for official information.","building_height_m":5,"osm_way_id":1066812474},"geometry":{"type":"Polygon","coordinates":[[[-89.9888552,29.2395273],[-89.9888267,29.2394781],[-89.9889978,29.2394028],[-89.9890263,29.239452],[-89.9888552,29.2395273]]]}},{"type":"Feature","properties":{"property_id":"GI-0322","address_label":"Structure near 29.2400, -89.9885","occupancy_type":"Unclassified structure (OSM building=yes)","flood_zone_code":"VE","sfha":true,"risk_level":"High","recommended_action":"Research-tier classification: coastal high-hazard (wave action) or otherwise high flood-zone exposure. Treat as a prompt to review official FEMA flood maps and local hurricane evacuation guidance for this parish.","data_source":"OpenStreetMap building footprint + FEMA National Flood Hazard Layer (zone-based classification)","confidence_note":"Research-prototype classification derived from the public FEMA flood zone code for this location. It is a zone-based proxy, not a computed hydraulic or storm-surge model, and is not an official flood determination. Consult FEMA's Flood Map Service Center (msc.fema.gov) or your local floodplain administrator for official information.","building_height_m":5,"osm_way_id":1066812475},"geometry":{"type":"Polygon","coordinates":[[[-89.9884687,29.2400676],[-89.9884227,29.2399881],[-89.9886261,29.2398986],[-89.9886721,29.2399781],[-89.9884687,29.2400676]]]}},{"type":"Feature","properties":{"property_id":"GI-0323","address_label":"Structure near 29.2405, -89.9887","occupancy_type":"Unclassified structure (OSM building=yes)","flood_zone_code":"VE","sfha":true,"risk_level":"High","recommended_action":"Research-tier classification: coastal high-hazard (wave action) or otherwise high flood-zone exposure. Treat as a prompt to review official FEMA flood maps and local hurricane evacuation guidance for this parish.","data_source":"OpenStreetMap building footprint + FEMA National Flood Hazard Layer (zone-based classification)","confidence_note":"Research-prototype classification derived from the public FEMA flood zone code for this location. It is a zone-based proxy, not a computed hydraulic or storm-surge model, and is not an official flood determination. Consult FEMA's Flood Map Service Center (msc.fema.gov) or your local floodplain administrator for official information.","building_height_m":5,"osm_way_id":1066812476},"geometry":{"type":"Polygon","coordinates":[[[-89.9886297,29.2404904],[-89.9887301,29.2404484],[-89.988743,29.240472],[-89.9886427,29.240514],[-89.9886297,29.2404904]]]}},{"type":"Feature","properties":{"property_id":"GI-0324","address_label":"Structure near 29.2405, -89.9887","occupancy_type":"Unclassified structure (OSM building=yes)","flood_zone_code":"VE","sfha":true,"risk_level":"High","recommended_action":"Research-tier classification: coastal high-hazard (wave action) or otherwise high flood-zone exposure. Treat as a prompt to review official FEMA flood maps and local hurricane evacuation guidance for this parish.","data_source":"OpenStreetMap building footprint + FEMA National Flood Hazard Layer (zone-based classification)","confidence_note":"Research-prototype classification derived from the public FEMA flood zone code for this location. It is a zone-based proxy, not a computed hydraulic or storm-surge model, and is not an official flood determination. Consult FEMA's Flood Map Service Center (msc.fema.gov) or your local floodplain administrator for official information.","building_height_m":5,"osm_way_id":1066812477},"geometry":{"type":"Polygon","coordinates":[[[-89.9886995,29.2405763],[-89.9886657,29.2405181],[-89.9887549,29.2404787],[-89.9887887,29.2405369],[-89.9886995,29.2405763]]]}},{"type":"Feature","properties":{"property_id":"GI-0325","address_label":"Structure near 29.2408, -89.9890","occupancy_type":"Unclassified structure (OSM building=yes)","flood_zone_code":"VE","sfha":true,"risk_level":"High","recommended_action":"Research-tier classification: coastal high-hazard (wave action) or otherwise high flood-zone exposure. Treat as a prompt to review official FEMA flood maps and local hurricane evacuation guidance for this parish.","data_source":"OpenStreetMap building footprint + FEMA National Flood Hazard Layer (zone-based classification)","confidence_note":"Research-prototype classification derived from the public FEMA flood zone code for this location. It is a zone-based proxy, not a computed hydraulic or storm-surge model, and is not an official flood determination. Consult FEMA's Flood Map Service Center (msc.fema.gov) or your local floodplain administrator for official information.","building_height_m":5,"osm_way_id":1066812478},"geometry":{"type":"Polygon","coordinates":[[[-89.9888761,29.2408617],[-89.9891006,29.2407746],[-89.9891229,29.2408184],[-89.9888984,29.2409055],[-89.9888761,29.2408617]]]}},{"type":"Feature","properties":{"property_id":"GI-0326","address_label":"Structure near 29.2422, -89.9888","occupancy_type":"Unclassified structure (OSM building=yes)","flood_zone_code":"VE","sfha":true,"risk_level":"High","recommended_action":"Research-tier classification: coastal high-hazard (wave action) or otherwise high flood-zone exposure. Treat as a prompt to review official FEMA flood maps and local hurricane evacuation guidance for this parish.","data_source":"OpenStreetMap building footprint + FEMA National Flood Hazard Layer (zone-based classification)","confidence_note":"Research-prototype classification derived from the public FEMA flood zone code for this location. It is a zone-based proxy, not a computed hydraulic or storm-surge model, and is not an official flood determination. Consult FEMA's Flood Map Service Center (msc.fema.gov) or your local floodplain administrator for official information.","building_height_m":5,"osm_way_id":1066812479},"geometry":{"type":"Polygon","coordinates":[[[-89.9887844,29.2422854],[-89.9888167,29.2422699],[-89.9887923,29.242231],[-89.9888361,29.24221],[-89.9888286,29.2421981],[-89.9888512,29.2421873],[-89.9888583,29.2421986],[-89.9888806,29.2421879],[-89.9889288,29.2422644],[-89.9888077,29.2423225],[-89.9887844,29.2422854]]]}},{"type":"Feature","properties":{"property_id":"GI-0327","address_label":"Structure near 29.2424, -89.9889","occupancy_type":"Unclassified structure (OSM building=yes)","flood_zone_code":"VE","sfha":true,"risk_level":"High","recommended_action":"Research-tier classification: coastal high-hazard (wave action) or otherwise high flood-zone exposure. Treat as a prompt to review official FEMA flood maps and local hurricane evacuation guidance for this parish.","data_source":"OpenStreetMap building footprint + FEMA National Flood Hazard Layer (zone-based classification)","confidence_note":"Research-prototype classification derived from the public FEMA flood zone code for this location. It is a zone-based proxy, not a computed hydraulic or storm-surge model, and is not an official flood determination. Consult FEMA's Flood Map Service Center (msc.fema.gov) or your local floodplain administrator for official information.","building_height_m":5,"osm_way_id":1066812480},"geometry":{"type":"Polygon","coordinates":[[[-89.9888113,29.2423984],[-89.9889197,29.2423497],[-89.9889428,29.2423888],[-89.9888344,29.2424375],[-89.9888113,29.2423984]]]}},{"type":"Feature","properties":{"property_id":"GI-0328","address_label":"Structure near 29.2421, -89.9883","occupancy_type":"Unclassified structure (OSM building=yes)","flood_zone_code":"VE","sfha":true,"risk_level":"High","recommended_action":"Research-tier classification: coastal high-hazard (wave action) or otherwise high flood-zone exposure. Treat as a prompt to review official FEMA flood maps and local hurricane evacuation guidance for this parish.","data_source":"OpenStreetMap building footprint + FEMA National Flood Hazard Layer (zone-based classification)","confidence_note":"Research-prototype classification derived from the public FEMA flood zone code for this location. It is a zone-based proxy, not a computed hydraulic or storm-surge model, and is not an official flood determination. Consult FEMA's Flood Map Service Center (msc.fema.gov) or your local floodplain administrator for official information.","building_height_m":5,"osm_way_id":1066812481},"geometry":{"type":"Polygon","coordinates":[[[-89.9882283,29.2422298],[-89.9881792,29.2421412],[-89.9883477,29.2420701],[-89.9883968,29.2421586],[-89.9882283,29.2422298]]]}},{"type":"Feature","properties":{"property_id":"GI-0329","address_label":"Structure near 29.2412, -89.9800","occupancy_type":"Unclassified structure (OSM building=yes)","flood_zone_code":"VE","sfha":true,"risk_level":"High","recommended_action":"Research-tier classification: coastal high-hazard (wave action) or otherwise high flood-zone exposure. Treat as a prompt to review official FEMA flood maps and local hurricane evacuation guidance for this parish.","data_source":"OpenStreetMap building footprint + FEMA National Flood Hazard Layer (zone-based classification)","confidence_note":"Research-prototype classification derived from the public FEMA flood zone code for this location. It is a zone-based proxy, not a computed hydraulic or storm-surge model, and is not an official flood determination. Consult FEMA's Flood Map Service Center (msc.fema.gov) or your local floodplain administrator for official information.","building_height_m":5,"osm_way_id":1066812482},"geometry":{"type":"Polygon","coordinates":[[[-89.9800159,29.2412995],[-89.9799041,29.2410996],[-89.9800138,29.2410528],[-89.9801256,29.2412528],[-89.9800159,29.2412995]]]}},{"type":"Feature","properties":{"property_id":"GI-0330","address_label":"Structure near 29.2420, -89.9795","occupancy_type":"Unclassified structure (OSM building=yes)","flood_zone_code":"VE","sfha":true,"risk_level":"High","recommended_action":"Research-tier classification: coastal high-hazard (wave action) or otherwise high flood-zone exposure. Treat as a prompt to review official FEMA flood maps and local hurricane evacuation guidance for this parish.","data_source":"OpenStreetMap building footprint + FEMA National Flood Hazard Layer (zone-based classification)","confidence_note":"Research-prototype classification derived from the public FEMA flood zone code for this location. It is a zone-based proxy, not a computed hydraulic or storm-surge model, and is not an official flood determination. Consult FEMA's Flood Map Service Center (msc.fema.gov) or your local floodplain administrator for official information.","building_height_m":5,"osm_way_id":1066812483},"geometry":{"type":"Polygon","coordinates":[[[-89.9794766,29.242063],[-89.9794346,29.2419873],[-89.9795674,29.2419312],[-89.9796094,29.242007],[-89.9794766,29.242063]]]}},{"type":"Feature","properties":{"property_id":"GI-0331","address_label":"Structure near 29.2422, -89.9797","occupancy_type":"Unclassified structure (OSM building=yes)","flood_zone_code":"VE","sfha":true,"risk_level":"High","recommended_action":"Research-tier classification: coastal high-hazard (wave action) or otherwise high flood-zone exposure. Treat as a prompt to review official FEMA flood maps and local hurricane evacuation guidance for this parish.","data_source":"OpenStreetMap building footprint + FEMA National Flood Hazard Layer (zone-based classification)","confidence_note":"Research-prototype classification derived from the public FEMA flood zone code for this location. It is a zone-based proxy, not a computed hydraulic or storm-surge model, and is not an official flood determination. Consult FEMA's Flood Map Service Center (msc.fema.gov) or your local floodplain administrator for official information.","building_height_m":5,"osm_way_id":1066812484},"geometry":{"type":"Polygon","coordinates":[[[-89.9796344,29.2421527],[-89.9796768,29.2421349],[-89.9796972,29.2421719],[-89.9796549,29.2421897],[-89.9796344,29.2421527]]]}},{"type":"Feature","properties":{"property_id":"GI-0332","address_label":"Structure near 29.2420, -89.9798","occupancy_type":"Unclassified structure (OSM building=yes)","flood_zone_code":"VE","sfha":true,"risk_level":"High","recommended_action":"Research-tier classification: coastal high-hazard (wave action) or otherwise high flood-zone exposure. Treat as a prompt to review official FEMA flood maps and local hurricane evacuation guidance for this parish.","data_source":"OpenStreetMap building footprint + FEMA National Flood Hazard Layer (zone-based classification)","confidence_note":"Research-prototype classification derived from the public FEMA flood zone code for this location. It is a zone-based proxy, not a computed hydraulic or storm-surge model, and is not an official flood determination. Consult FEMA's Flood Map Service Center (msc.fema.gov) or your local floodplain administrator for official information.","building_height_m":5,"osm_way_id":1066812485},"geometry":{"type":"Polygon","coordinates":[[[-89.9797998,29.2421433],[-89.9796636,29.2420153],[-89.9797348,29.2419502],[-89.9797971,29.2420054],[-89.9797928,29.2420138],[-89.9798147,29.2420337],[-89.9797919,29.2420521],[-89.9798446,29.2421042],[-89.9797998,29.2421433]]]}},{"type":"Feature","properties":{"property_id":"GI-0333","address_label":"Structure near 29.2421, -89.9799","occupancy_type":"Unclassified structure (OSM building=yes)","flood_zone_code":"VE","sfha":true,"risk_level":"High","recommended_action":"Research-tier classification: coastal high-hazard (wave action) or otherwise high flood-zone exposure. Treat as a prompt to review official FEMA flood maps and local hurricane evacuation guidance for this parish.","data_source":"OpenStreetMap building footprint + FEMA National Flood Hazard Layer (zone-based classification)","confidence_note":"Research-prototype classification derived from the public FEMA flood zone code for this location. It is a zone-based proxy, not a computed hydraulic or storm-surge model, and is not an official flood determination. Consult FEMA's Flood Map Service Center (msc.fema.gov) or your local floodplain administrator for official information.","building_height_m":5,"osm_way_id":1066812486},"geometry":{"type":"Polygon","coordinates":[[[-89.9798698,29.2420642],[-89.9799071,29.2420501],[-89.9799419,29.2421202],[-89.9799045,29.2421343],[-89.9798698,29.2420642]]]}},{"type":"Feature","properties":{"property_id":"GI-0334","address_label":"Structure near 29.2422, -89.9792","occupancy_type":"Unclassified structure (OSM building=yes)","flood_zone_code":"VE","sfha":true,"risk_level":"High","recommended_action":"Research-tier classification: coastal high-hazard (wave action) or otherwise high flood-zone exposure. Treat as a prompt to review official FEMA flood maps and local hurricane evacuation guidance for this parish.","data_source":"OpenStreetMap building footprint + FEMA National Flood Hazard Layer (zone-based classification)","confidence_note":"Research-prototype classification derived from the public FEMA flood zone code for this location. It is a zone-based proxy, not a computed hydraulic or storm-surge model, and is not an official flood determination. Consult FEMA's Flood Map Service Center (msc.fema.gov) or your local floodplain administrator for official information.","building_height_m":5,"osm_way_id":1066812487},"geometry":{"type":"Polygon","coordinates":[[[-89.9793057,29.2422565],[-89.9792915,29.2422322],[-89.9792355,29.2422572],[-89.979121,29.2420614],[-89.9792042,29.2420244],[-89.9793329,29.2422444],[-89.9793057,29.2422565]]]}},{"type":"Feature","properties":{"property_id":"GI-0335","address_label":"Structure near 29.2428, -89.9794","occupancy_type":"Unclassified structure (OSM building=yes)","flood_zone_code":"VE","sfha":true,"risk_level":"High","recommended_action":"Research-tier classification: coastal high-hazard (wave action) or otherwise high flood-zone exposure. Treat as a prompt to review official FEMA flood maps and local hurricane evacuation guidance for this parish.","data_source":"OpenStreetMap building footprint + FEMA National Flood Hazard Layer (zone-based classification)","confidence_note":"Research-prototype classification derived from the public FEMA flood zone code for this location. It is a zone-based proxy, not a computed hydraulic or storm-surge model, and is not an official flood determination. Consult FEMA's Flood Map Service Center (msc.fema.gov) or your local floodplain administrator for official information.","building_height_m":5,"osm_way_id":1066812488},"geometry":{"type":"Polygon","coordinates":[[[-89.9793064,29.2428398],[-89.9792821,29.2427955],[-89.9793267,29.2427768],[-89.9793128,29.2427515],[-89.9794377,29.2426992],[-89.979476,29.2427687],[-89.9793064,29.2428398]]]}},{"type":"Feature","properties":{"property_id":"GI-0336","address_label":"Structure near 29.2429, -89.9795","occupancy_type":"Unclassified structure (OSM building=yes)","flood_zone_code":"VE","sfha":true,"risk_level":"High","recommended_action":"Research-tier classification: coastal high-hazard (wave action) or otherwise high flood-zone exposure. Treat as a prompt to review official FEMA flood maps and local hurricane evacuation guidance for this parish.","data_source":"OpenStreetMap building footprint + FEMA National Flood Hazard Layer (zone-based classification)","confidence_note":"Research-prototype classification derived from the public FEMA flood zone code for this location. It is a zone-based proxy, not a computed hydraulic or storm-surge model, and is not an official flood determination. Consult FEMA's Flood Map Service Center (msc.fema.gov) or your local floodplain administrator for official information.","building_height_m":5,"osm_way_id":1066812489},"geometry":{"type":"Polygon","coordinates":[[[-89.9794088,29.2429457],[-89.9793698,29.2428803],[-89.9795057,29.2428186],[-89.9795447,29.242884],[-89.9794088,29.2429457]]]}},{"type":"Feature","properties":{"property_id":"GI-0337","address_label":"Structure near 29.2430, -89.9796","occupancy_type":"Unclassified structure (OSM building=yes)","flood_zone_code":"VE","sfha":true,"risk_level":"High","recommended_action":"Research-tier classification: coastal high-hazard (wave action) or otherwise high flood-zone exposure. Treat as a prompt to review official FEMA flood maps and local hurricane evacuation guidance for this parish.","data_source":"OpenStreetMap building footprint + FEMA National Flood Hazard Layer (zone-based classification)","confidence_note":"Research-prototype classification derived from the public FEMA flood zone code for this location. It is a zone-based proxy, not a computed hydraulic or storm-surge model, and is not an official flood determination. Consult FEMA's Flood Map Service Center (msc.fema.gov) or your local floodplain administrator for official information.","building_height_m":5,"osm_way_id":1066812490},"geometry":{"type":"Polygon","coordinates":[[[-89.9796039,29.243021],[-89.9796146,29.2430395],[-89.9795924,29.2430493],[-89.9795828,29.2430327],[-89.9794991,29.2430697],[-89.9794573,29.2429977],[-89.9796236,29.2429242],[-89.9796643,29.2429944],[-89.9796039,29.243021]]]}},{"type":"Feature","properties":{"property_id":"GI-0338","address_label":"Structure near 29.2432, -89.9794","occupancy_type":"Unclassified structure (OSM building=yes)","flood_zone_code":"VE","sfha":true,"risk_level":"High","recommended_action":"Research-tier classification: coastal high-hazard (wave action) or otherwise high flood-zone exposure. Treat as a prompt to review official FEMA flood maps and local hurricane evacuation guidance for this parish.","data_source":"OpenStreetMap building footprint + FEMA National Flood Hazard Layer (zone-based classification)","confidence_note":"Research-prototype classification derived from the public FEMA flood zone code for this location. It is a zone-based proxy, not a computed hydraulic or storm-surge model, and is not an official flood determination. Consult FEMA's Flood Map Service Center (msc.fema.gov) or your local floodplain administrator for official information.","building_height_m":5,"osm_way_id":1066812491},"geometry":{"type":"Polygon","coordinates":[[[-89.9794001,29.2431839],[-89.9793843,29.2431544],[-89.9794362,29.2431333],[-89.9794519,29.2431628],[-89.9794001,29.2431839]]]}},{"type":"Feature","properties":{"property_id":"GI-0339","address_label":"Structure near 29.2432, -89.9795","occupancy_type":"Unclassified structure (OSM building=yes)","flood_zone_code":"VE","sfha":true,"risk_level":"High","recommended_action":"Research-tier classification: coastal high-hazard (wave action) or otherwise high flood-zone exposure. Treat as a prompt to review official FEMA flood maps and local hurricane evacuation guidance for this parish.","data_source":"OpenStreetMap building footprint + FEMA National Flood Hazard Layer (zone-based classification)","confidence_note":"Research-prototype classification derived from the public FEMA flood zone code for this location. It is a zone-based proxy, not a computed hydraulic or storm-surge model, and is not an official flood determination. Consult FEMA's Flood Map Service Center (msc.fema.gov) or your local floodplain administrator for official information.","building_height_m":5,"osm_way_id":1066812492},"geometry":{"type":"Polygon","coordinates":[[[-89.979447,29.2432371],[-89.979427,29.243198],[-89.9796203,29.2431227],[-89.9796403,29.2431618],[-89.979447,29.2432371]]]}},{"type":"Feature","properties":{"property_id":"GI-0340","address_label":"Structure near 29.2431, -89.9794","occupancy_type":"Unclassified structure (OSM building=yes)","flood_zone_code":"VE","sfha":true,"risk_level":"High","recommended_action":"Research-tier classification: coastal high-hazard (wave action) or otherwise high flood-zone exposure. Treat as a prompt to review official FEMA flood maps and local hurricane evacuation guidance for this parish.","data_source":"OpenStreetMap building footprint + FEMA National Flood Hazard Layer (zone-based classification)","confidence_note":"Research-prototype classification derived from the public FEMA flood zone code for this location. It is a zone-based proxy, not a computed hydraulic or storm-surge model, and is not an official flood determination. Consult FEMA's Flood Map Service Center (msc.fema.gov) or your local floodplain administrator for official information.","building_height_m":5,"osm_way_id":1066812493},"geometry":{"type":"Polygon","coordinates":[[[-89.9793364,29.2430507],[-89.9793871,29.2430284],[-89.9794269,29.2430972],[-89.9793763,29.2431195],[-89.9793364,29.2430507]]]}},{"type":"Feature","properties":{"property_id":"GI-0341","address_label":"Structure near 29.2372, -89.9872","occupancy_type":"Unclassified structure (OSM building=yes)","flood_zone_code":"VE","sfha":true,"risk_level":"High","recommended_action":"Research-tier classification: coastal high-hazard (wave action) or otherwise high flood-zone exposure. Treat as a prompt to review official FEMA flood maps and local hurricane evacuation guidance for this parish.","data_source":"OpenStreetMap building footprint + FEMA National Flood Hazard Layer (zone-based classification)","confidence_note":"Research-prototype classification derived from the public FEMA flood zone code for this location. It is a zone-based proxy, not a computed hydraulic or storm-surge model, and is not an official flood determination. Consult FEMA's Flood Map Service Center (msc.fema.gov) or your local floodplain administrator for official information.","building_height_m":5,"osm_way_id":1066812561},"geometry":{"type":"Polygon","coordinates":[[[-89.9872112,29.2373253],[-89.9871834,29.2373365],[-89.9870869,29.2371851],[-89.9871298,29.2371757],[-89.9871576,29.2372187],[-89.9871791,29.2372112],[-89.9872091,29.2372655],[-89.9871898,29.2372729],[-89.9872112,29.2373253]]]}},{"type":"Feature","properties":{"property_id":"GI-0342","address_label":"Structure near 29.2373, -89.9878","occupancy_type":"Unclassified structure (OSM building=yes)","flood_zone_code":"VE","sfha":true,"risk_level":"High","recommended_action":"Research-tier classification: coastal high-hazard (wave action) or otherwise high flood-zone exposure. Treat as a prompt to review official FEMA flood maps and local hurricane evacuation guidance for this parish.","data_source":"OpenStreetMap building footprint + FEMA National Flood Hazard Layer (zone-based classification)","confidence_note":"Research-prototype classification derived from the public FEMA flood zone code for this location. It is a zone-based proxy, not a computed hydraulic or storm-surge model, and is not an official flood determination. Consult FEMA's Flood Map Service Center (msc.fema.gov) or your local floodplain administrator for official information.","building_height_m":5,"osm_way_id":1066812562},"geometry":{"type":"Polygon","coordinates":[[[-89.9877199,29.2374064],[-89.9876679,29.2373087],[-89.9877924,29.2372582],[-89.9878445,29.2373559],[-89.9877199,29.2374064]]]}},{"type":"Feature","properties":{"property_id":"GI-0343","address_label":"Structure near 29.2384, -89.9851","occupancy_type":"Unclassified structure (OSM building=yes)","flood_zone_code":"VE","sfha":true,"risk_level":"High","recommended_action":"Research-tier classification: coastal high-hazard (wave action) or otherwise high flood-zone exposure. Treat as a prompt to review official FEMA flood maps and local hurricane evacuation guidance for this parish.","data_source":"OpenStreetMap building footprint + FEMA National Flood Hazard Layer (zone-based classification)","confidence_note":"Research-prototype classification derived from the public FEMA flood zone code for this location. It is a zone-based proxy, not a computed hydraulic or storm-surge model, and is not an official flood determination. Consult FEMA's Flood Map Service Center (msc.fema.gov) or your local floodplain administrator for official information.","building_height_m":5,"osm_way_id":1066812563},"geometry":{"type":"Polygon","coordinates":[[[-89.9850268,29.2384232],[-89.9849871,29.2383524],[-89.9850957,29.2383059],[-89.9851354,29.2383767],[-89.9850268,29.2384232]]]}},{"type":"Feature","properties":{"property_id":"GI-0344","address_label":"Structure near 29.2379, -89.9885","occupancy_type":"Unclassified structure (OSM building=yes)","flood_zone_code":"VE","sfha":true,"risk_level":"High","recommended_action":"Research-tier classification: coastal high-hazard (wave action) or otherwise high flood-zone exposure. Treat as a prompt to review official FEMA flood maps and local hurricane evacuation guidance for this parish.","data_source":"OpenStreetMap building footprint + FEMA National Flood Hazard Layer (zone-based classification)","confidence_note":"Research-prototype classification derived from the public FEMA flood zone code for this location. It is a zone-based proxy, not a computed hydraulic or storm-surge model, and is not an official flood determination. Consult FEMA's Flood Map Service Center (msc.fema.gov) or your local floodplain administrator for official information.","building_height_m":5,"osm_way_id":1066812564},"geometry":{"type":"Polygon","coordinates":[[[-89.9883954,29.2378759],[-89.9884824,29.2378398],[-89.988516,29.2379014],[-89.988429,29.2379375],[-89.9883954,29.2378759]]]}},{"type":"Feature","properties":{"property_id":"GI-0345","address_label":"Structure near 29.2383, -89.9847","occupancy_type":"Unclassified structure (OSM building=yes)","flood_zone_code":"VE","sfha":true,"risk_level":"High","recommended_action":"Research-tier classification: coastal high-hazard (wave action) or otherwise high flood-zone exposure. Treat as a prompt to review official FEMA flood maps and local hurricane evacuation guidance for this parish.","data_source":"OpenStreetMap building footprint + FEMA National Flood Hazard Layer (zone-based classification)","confidence_note":"Research-prototype classification derived from the public FEMA flood zone code for this location. It is a zone-based proxy, not a computed hydraulic or storm-surge model, and is not an official flood determination. Consult FEMA's Flood Map Service Center (msc.fema.gov) or your local floodplain administrator for official information.","building_height_m":5,"osm_way_id":1066812565},"geometry":{"type":"Polygon","coordinates":[[[-89.9846356,29.2382782],[-89.984763,29.2382195],[-89.9848404,29.2383472],[-89.984713,29.238406],[-89.9846356,29.2382782]]]}},{"type":"Feature","properties":{"property_id":"GI-0346","address_label":"Structure near 29.2384, -89.9837","occupancy_type":"Unclassified structure (OSM building=yes)","flood_zone_code":"VE","sfha":true,"risk_level":"High","recommended_action":"Research-tier classification: coastal high-hazard (wave action) or otherwise high flood-zone exposure. Treat as a prompt to review official FEMA flood maps and local hurricane evacuation guidance for this parish.","data_source":"OpenStreetMap building footprint + FEMA National Flood Hazard Layer (zone-based classification)","confidence_note":"Research-prototype classification derived from the public FEMA flood zone code for this location. It is a zone-based proxy, not a computed hydraulic or storm-surge model, and is not an official flood determination. Consult FEMA's Flood Map Service Center (msc.fema.gov) or your local floodplain administrator for official information.","building_height_m":5,"osm_way_id":1066812566},"geometry":{"type":"Polygon","coordinates":[[[-89.983558,29.2383966],[-89.9836714,29.2383323],[-89.9837443,29.23843],[-89.9836309,29.2384943],[-89.983558,29.2383966]]]}},{"type":"Feature","properties":{"property_id":"GI-0347","address_label":"Structure near 29.2385, -89.9845","occupancy_type":"Unclassified structure (OSM building=yes)","flood_zone_code":"VE","sfha":true,"risk_level":"High","recommended_action":"Research-tier classification: coastal high-hazard (wave action) or otherwise high flood-zone exposure. Treat as a prompt to review official FEMA flood maps and local hurricane evacuation guidance for this parish.","data_source":"OpenStreetMap building footprint + FEMA National Flood Hazard Layer (zone-based classification)","confidence_note":"Research-prototype classification derived from the public FEMA flood zone code for this location. It is a zone-based proxy, not a computed hydraulic or storm-surge model, and is not an official flood determination. Consult FEMA's Flood Map Service Center (msc.fema.gov) or your local floodplain administrator for official information.","building_height_m":5,"osm_way_id":1066812567},"geometry":{"type":"Polygon","coordinates":[[[-89.9845601,29.2385666],[-89.9845317,29.2385238],[-89.9845239,29.2385283],[-89.9844555,29.2384133],[-89.9844516,29.2384167],[-89.98444,29.2383964],[-89.9844865,29.2383761],[-89.9844994,29.2383964],[-89.9845342,29.2383829],[-89.9845988,29.2384944],[-89.9846092,29.2385147],[-89.9845859,29.2385271],[-89.9845949,29.2385497],[-89.9845601,29.2385666]]]}},{"type":"Feature","properties":{"property_id":"GI-0348","address_label":"Structure near 29.2371, -89.9871","occupancy_type":"Unclassified structure (OSM building=yes)","flood_zone_code":"VE","sfha":true,"risk_level":"High","recommended_action":"Research-tier classification: coastal high-hazard (wave action) or otherwise high flood-zone exposure. Treat as a prompt to review official FEMA flood maps and local hurricane evacuation guidance for this parish.","data_source":"OpenStreetMap building footprint + FEMA National Flood Hazard Layer (zone-based classification)","confidence_note":"Research-prototype classification derived from the public FEMA flood zone code for this location. It is a zone-based proxy, not a computed hydraulic or storm-surge model, and is not an official flood determination. Consult FEMA's Flood Map Service Center (msc.fema.gov) or your local floodplain administrator for official information.","building_height_m":5,"osm_way_id":1066812568},"geometry":{"type":"Polygon","coordinates":[[[-89.987046,29.237183],[-89.9870293,29.2371558],[-89.9871229,29.2371118],[-89.9871397,29.237139],[-89.987046,29.237183]]]}},{"type":"Feature","properties":{"property_id":"GI-0349","address_label":"Structure near 29.2354, -89.9889","occupancy_type":"Unclassified structure (OSM building=yes)","flood_zone_code":"VE","sfha":true,"risk_level":"High","recommended_action":"Research-tier classification: coastal high-hazard (wave action) or otherwise high flood-zone exposure. Treat as a prompt to review official FEMA flood maps and local hurricane evacuation guidance for this parish.","data_source":"OpenStreetMap building footprint + FEMA National Flood Hazard Layer (zone-based classification)","confidence_note":"Research-prototype classification derived from the public FEMA flood zone code for this location. It is a zone-based proxy, not a computed hydraulic or storm-surge model, and is not an official flood determination. Consult FEMA's Flood Map Service Center (msc.fema.gov) or your local floodplain administrator for official information.","building_height_m":5,"osm_way_id":1066812571},"geometry":{"type":"Polygon","coordinates":[[[-89.9888473,29.2354206],[-89.9888373,29.2354254],[-89.9888243,29.2354051],[-89.9888342,29.2354004],[-89.9888049,29.2353543],[-89.988886,29.235315],[-89.9889308,29.2353854],[-89.9889257,29.2353891],[-89.9889445,29.2354187],[-89.9888693,29.2354552],[-89.9888473,29.2354206]]]}},{"type":"Feature","properties":{"property_id":"GI-0350","address_label":"Structure near 29.2354, -89.9887","occupancy_type":"Unclassified structure (OSM building=yes)","flood_zone_code":"VE","sfha":true,"risk_level":"High","recommended_action":"Research-tier classification: coastal high-hazard (wave action) or otherwise high flood-zone exposure. Treat as a prompt to review official FEMA flood maps and local hurricane evacuation guidance for this parish.","data_source":"OpenStreetMap building footprint + FEMA National Flood Hazard Layer (zone-based classification)","confidence_note":"Research-prototype classification derived from the public FEMA flood zone code for this location. It is a zone-based proxy, not a computed hydraulic or storm-surge model, and is not an official flood determination. Consult FEMA's Flood Map Service Center (msc.fema.gov) or your local floodplain administrator for official information.","building_height_m":5,"osm_way_id":1066812572},"geometry":{"type":"Polygon","coordinates":[[[-89.9885954,29.2353514],[-89.9885837,29.2353567],[-89.9885692,29.235332],[-89.9886534,29.2352942],[-89.9886649,29.2353139],[-89.9886719,29.2353108],[-89.9887572,29.2354558],[-89.988711,29.2354765],[-89.9887029,29.2354627],[-89.9886696,29.2354775],[-89.9885954,29.2353514]]]}},{"type":"Feature","properties":{"property_id":"GI-0351","address_label":"Structure near 29.2363, -89.9876","occupancy_type":"Unclassified structure (OSM building=yes)","flood_zone_code":"VE","sfha":true,"risk_level":"High","recommended_action":"Research-tier classification: coastal high-hazard (wave action) or otherwise high flood-zone exposure. Treat as a prompt to review official FEMA flood maps and local hurricane evacuation guidance for this parish.","data_source":"OpenStreetMap building footprint + FEMA National Flood Hazard Layer (zone-based classification)","confidence_note":"Research-prototype classification derived from the public FEMA flood zone code for this location. It is a zone-based proxy, not a computed hydraulic or storm-surge model, and is not an official flood determination. Consult FEMA's Flood Map Service Center (msc.fema.gov) or your local floodplain administrator for official information.","building_height_m":5,"osm_way_id":1066812573},"geometry":{"type":"Polygon","coordinates":[[[-89.9874738,29.2362533],[-89.9876106,29.2361928],[-89.9876774,29.2363078],[-89.9875407,29.2363683],[-89.9874738,29.2362533]]]}},{"type":"Feature","properties":{"property_id":"GI-0352","address_label":"Structure near 29.2361, -89.9877","occupancy_type":"Unclassified structure (OSM building=yes)","flood_zone_code":"VE","sfha":true,"risk_level":"High","recommended_action":"Research-tier classification: coastal high-hazard (wave action) or otherwise high flood-zone exposure. Treat as a prompt to review official FEMA flood maps and local hurricane evacuation guidance for this parish.","data_source":"OpenStreetMap building footprint + FEMA National Flood Hazard Layer (zone-based classification)","confidence_note":"Research-prototype classification derived from the public FEMA flood zone code for this location. It is a zone-based proxy, not a computed hydraulic or storm-surge model, and is not an official flood determination. Consult FEMA's Flood Map Service Center (msc.fema.gov) or your local floodplain administrator for official information.","building_height_m":5,"osm_way_id":1066812574},"geometry":{"type":"Polygon","coordinates":[[[-89.9877799,29.2361288],[-89.9877616,29.2360979],[-89.9877173,29.2361179],[-89.9877076,29.2361015],[-89.9876908,29.2361091],[-89.9876464,29.2360342],[-89.9876806,29.2360187],[-89.9876738,29.2360072],[-89.9877409,29.2359769],[-89.9877474,29.2359878],[-89.9877831,29.2359717],[-89.9878438,29.2360742],[-89.9878114,29.2360888],[-89.9878235,29.2361092],[-89.9877799,29.2361288]]]}},{"type":"Feature","properties":{"property_id":"GI-0353","address_label":"Structure near 29.2360, -89.9879","occupancy_type":"Unclassified structure (OSM building=yes)","flood_zone_code":"VE","sfha":true,"risk_level":"High","recommended_action":"Research-tier classification: coastal high-hazard (wave action) or otherwise high flood-zone exposure. Treat as a prompt to review official FEMA flood maps and local hurricane evacuation guidance for this parish.","data_source":"OpenStreetMap building footprint + FEMA National Flood Hazard Layer (zone-based classification)","confidence_note":"Research-prototype classification derived from the public FEMA flood zone code for this location. It is a zone-based proxy, not a computed hydraulic or storm-surge model, and is not an official flood determination. Consult FEMA's Flood Map Service Center (msc.fema.gov) or your local floodplain administrator for official information.","building_height_m":5,"osm_way_id":1066812575},"geometry":{"type":"Polygon","coordinates":[[[-89.9878587,29.2359873],[-89.987939,29.2359504],[-89.9880029,29.2360564],[-89.9879225,29.2360933],[-89.9878587,29.2359873]]]}},{"type":"Feature","properties":{"property_id":"GI-0354","address_label":"Structure near 29.2359, -89.9881","occupancy_type":"Unclassified structure (OSM building=yes)","flood_zone_code":"VE","sfha":true,"risk_level":"High","recommended_action":"Research-tier classification: coastal high-hazard (wave action) or otherwise high flood-zone exposure. Treat as a prompt to review official FEMA flood maps and local hurricane evacuation guidance for this parish.","data_source":"OpenStreetMap building footprint + FEMA National Flood Hazard Layer (zone-based classification)","confidence_note":"Research-prototype classification derived from the public FEMA flood zone code for this location. It is a zone-based proxy, not a computed hydraulic or storm-surge model, and is not an official flood determination. Consult FEMA's Flood Map Service Center (msc.fema.gov) or your local floodplain administrator for official information.","building_height_m":5,"osm_way_id":1066812576},"geometry":{"type":"Polygon","coordinates":[[[-89.9880673,29.235965],[-89.9880082,29.2358591],[-89.9881425,29.2358021],[-89.9882015,29.235908],[-89.9880673,29.235965]]]}},{"type":"Feature","properties":{"property_id":"GI-0355","address_label":"Structure near 29.2358, -89.9883","occupancy_type":"Unclassified structure (OSM building=yes)","flood_zone_code":"VE","sfha":true,"risk_level":"High","recommended_action":"Research-tier classification: coastal high-hazard (wave action) or otherwise high flood-zone exposure. Treat as a prompt to review official FEMA flood maps and local hurricane evacuation guidance for this parish.","data_source":"OpenStreetMap building footprint + FEMA National Flood Hazard Layer (zone-based classification)","confidence_note":"Research-prototype classification derived from the public FEMA flood zone code for this location. It is a zone-based proxy, not a computed hydraulic or storm-surge model, and is not an official flood determination. Consult FEMA's Flood Map Service Center (msc.fema.gov) or your local floodplain administrator for official information.","building_height_m":5,"osm_way_id":1066812577},"geometry":{"type":"Polygon","coordinates":[[[-89.9883608,29.2358296],[-89.988352,29.2358152],[-89.9882704,29.2358532],[-89.9882118,29.2357574],[-89.9883327,29.2357011],[-89.9884001,29.2358113],[-89.9883608,29.2358296]]]}},{"type":"Feature","properties":{"property_id":"GI-0356","address_label":"Structure near 29.2356, -89.9885","occupancy_type":"Unclassified structure (OSM building=yes)","flood_zone_code":"VE","sfha":true,"risk_level":"High","recommended_action":"Research-tier classification: coastal high-hazard (wave action) or otherwise high flood-zone exposure. Treat as a prompt to review official FEMA flood maps and local hurricane evacuation guidance for this parish.","data_source":"OpenStreetMap building footprint + FEMA National Flood Hazard Layer (zone-based classification)","confidence_note":"Research-prototype classification derived from the public FEMA flood zone code for this location. It is a zone-based proxy, not a computed hydraulic or storm-surge model, and is not an official flood determination. Consult FEMA's Flood Map Service Center (msc.fema.gov) or your local floodplain administrator for official information.","building_height_m":5,"osm_way_id":1066812578},"geometry":{"type":"Polygon","coordinates":[[[-89.988403,29.2356051],[-89.9885245,29.235536],[-89.9885864,29.2356188],[-89.9886003,29.2356109],[-89.9886197,29.235637],[-89.9885618,29.23567],[-89.9885508,29.2356552],[-89.9884733,29.2356992],[-89.988403,29.2356051]]]}},{"type":"Feature","properties":{"property_id":"GI-0357","address_label":"Structure near 29.2360, -89.9887","occupancy_type":"Unclassified structure (OSM building=yes)","flood_zone_code":"VE","sfha":true,"risk_level":"High","recommended_action":"Research-tier classification: coastal high-hazard (wave action) or otherwise high flood-zone exposure. Treat as a prompt to review official FEMA flood maps and local hurricane evacuation guidance for this parish.","data_source":"OpenStreetMap building footprint + FEMA National Flood Hazard Layer (zone-based classification)","confidence_note":"Research-prototype classification derived from the public FEMA flood zone code for this location. It is a zone-based proxy, not a computed hydraulic or storm-surge model, and is not an official flood determination. Consult FEMA's Flood Map Service Center (msc.fema.gov) or your local floodplain administrator for official information.","building_height_m":5,"osm_way_id":1066812579},"geometry":{"type":"Polygon","coordinates":[[[-89.9885752,29.2360392],[-89.9887307,29.2359279],[-89.9888195,29.2360223],[-89.988664,29.2361336],[-89.9885752,29.2360392]]]}},{"type":"Feature","properties":{"property_id":"GI-0358","address_label":"Structure near 29.2363, -89.9890","occupancy_type":"Unclassified structure (OSM building=yes)","flood_zone_code":"VE","sfha":true,"risk_level":"High","recommended_action":"Research-tier classification: coastal high-hazard (wave action) or otherwise high flood-zone exposure. Treat as a prompt to review official FEMA flood maps and local hurricane evacuation guidance for this parish.","data_source":"OpenStreetMap building footprint + FEMA National Flood Hazard Layer (zone-based classification)","confidence_note":"Research-prototype classification derived from the public FEMA flood zone code for this location. It is a zone-based proxy, not a computed hydraulic or storm-surge model, and is not an official flood determination. Consult FEMA's Flood Map Service Center (msc.fema.gov) or your local floodplain administrator for official information.","building_height_m":5,"osm_way_id":1066812580},"geometry":{"type":"Polygon","coordinates":[[[-89.9889199,29.2363464],[-89.9890117,29.2362939],[-89.9890273,29.2363147],[-89.9889751,29.2363446],[-89.9889797,29.2363507],[-89.9889485,29.2363686],[-89.9889426,29.2363608],[-89.9889343,29.2363655],[-89.9889199,29.2363464]]]}},{"type":"Feature","properties":{"property_id":"GI-0359","address_label":"Structure near 29.2367, -89.9889","occupancy_type":"Unclassified structure (OSM building=yes)","flood_zone_code":"VE","sfha":true,"risk_level":"High","recommended_action":"Research-tier classification: coastal high-hazard (wave action) or otherwise high flood-zone exposure. Treat as a prompt to review official FEMA flood maps and local hurricane evacuation guidance for this parish.","data_source":"OpenStreetMap building footprint + FEMA National Flood Hazard Layer (zone-based classification)","confidence_note":"Research-prototype classification derived from the public FEMA flood zone code for this location. It is a zone-based proxy, not a computed hydraulic or storm-surge model, and is not an official flood determination. Consult FEMA's Flood Map Service Center (msc.fema.gov) or your local floodplain administrator for official information.","building_height_m":5,"osm_way_id":1066812581},"geometry":{"type":"Polygon","coordinates":[[[-89.9888817,29.2367193],[-89.9888699,29.2367247],[-89.9888474,29.2366873],[-89.9888833,29.2366709],[-89.9889245,29.2367394],[-89.9889005,29.2367505],[-89.9888817,29.2367193]]]}},{"type":"Feature","properties":{"property_id":"GI-0360","address_label":"Structure near 29.2365, -89.9888","occupancy_type":"Unclassified structure (OSM building=yes)","flood_zone_code":"VE","sfha":true,"risk_level":"High","recommended_action":"Research-tier classification: coastal high-hazard (wave action) or otherwise high flood-zone exposure. Treat as a prompt to review official FEMA flood maps and local hurricane evacuation guidance for this parish.","data_source":"OpenStreetMap building footprint + FEMA National Flood Hazard Layer (zone-based classification)","confidence_note":"Research-prototype classification derived from the public FEMA flood zone code for this location. It is a zone-based proxy, not a computed hydraulic or storm-surge model, and is not an official flood determination. Consult FEMA's Flood Map Service Center (msc.fema.gov) or your local floodplain administrator for official information.","building_height_m":5,"osm_way_id":1066812582},"geometry":{"type":"Polygon","coordinates":[[[-89.9887426,29.2364649],[-89.9887357,29.2364684],[-89.9887129,29.2364343],[-89.9887189,29.2364312],[-89.988712,29.2364208],[-89.9887382,29.2364075],[-89.988745,29.2364176],[-89.9887489,29.2364157],[-89.9887665,29.236442],[-89.9887609,29.2364448],[-89.9887797,29.2364728],[-89.9887858,29.2364697],[-89.9887986,29.2364887],[-89.9887934,29.2364914],[-89.9887987,29.2364993],[-89.988774,29.2365119],[-89.9887426,29.2364649]]]}},{"type":"Feature","properties":{"property_id":"GI-0361","address_label":"Structure near 29.2362, -89.9872","occupancy_type":"Unclassified structure (OSM building=yes)","flood_zone_code":"VE","sfha":true,"risk_level":"High","recommended_action":"Research-tier classification: coastal high-hazard (wave action) or otherwise high flood-zone exposure. Treat as a prompt to review official FEMA flood maps and local hurricane evacuation guidance for this parish.","data_source":"OpenStreetMap building footprint + FEMA National Flood Hazard Layer (zone-based classification)","confidence_note":"Research-prototype classification derived from the public FEMA flood zone code for this location. It is a zone-based proxy, not a computed hydraulic or storm-surge model, and is not an official flood determination. Consult FEMA's Flood Map Service Center (msc.fema.gov) or your local floodplain administrator for official information.","building_height_m":5,"osm_way_id":1066812583},"geometry":{"type":"Polygon","coordinates":[[[-89.9871845,29.2362044],[-89.9872607,29.2361727],[-89.9872884,29.2362235],[-89.9872122,29.2362552],[-89.9871845,29.2362044]]]}},{"type":"Feature","properties":{"property_id":"GI-0362","address_label":"Structure near 29.2380, -89.9886","occupancy_type":"Unclassified structure (OSM building=yes)","flood_zone_code":"VE","sfha":true,"risk_level":"High","recommended_action":"Research-tier classification: coastal high-hazard (wave action) or otherwise high flood-zone exposure. Treat as a prompt to review official FEMA flood maps and local hurricane evacuation guidance for this parish.","data_source":"OpenStreetMap building footprint + FEMA National Flood Hazard Layer (zone-based classification)","confidence_note":"Research-prototype classification derived from the public FEMA flood zone code for this location. It is a zone-based proxy, not a computed hydraulic or storm-surge model, and is not an official flood determination. Consult FEMA's Flood Map Service Center (msc.fema.gov) or your local floodplain administrator for official information.","building_height_m":5,"osm_way_id":1066812584},"geometry":{"type":"Polygon","coordinates":[[[-89.9885425,29.2379457],[-89.9886683,29.2378941],[-89.9887247,29.237999],[-89.9885989,29.2380506],[-89.9885425,29.2379457]]]}},{"type":"Feature","properties":{"property_id":"GI-0363","address_label":"Structure near 29.2382, -89.9888","occupancy_type":"Unclassified structure (OSM building=yes)","flood_zone_code":"VE","sfha":true,"risk_level":"High","recommended_action":"Research-tier classification: coastal high-hazard (wave action) or otherwise high flood-zone exposure. Treat as a prompt to review official FEMA flood maps and local hurricane evacuation guidance for this parish.","data_source":"OpenStreetMap building footprint + FEMA National Flood Hazard Layer (zone-based classification)","confidence_note":"Research-prototype classification derived from the public FEMA flood zone code for this location. It is a zone-based proxy, not a computed hydraulic or storm-surge model, and is not an official flood determination. Consult FEMA's Flood Map Service Center (msc.fema.gov) or your local floodplain administrator for official information.","building_height_m":5,"osm_way_id":1066812585},"geometry":{"type":"Polygon","coordinates":[[[-89.9887181,29.238233],[-89.9888787,29.2381591],[-89.9889028,29.2381989],[-89.9888756,29.2382114],[-89.9888895,29.2382344],[-89.9887561,29.2382958],[-89.9887181,29.238233]]]}},{"type":"Feature","properties":{"property_id":"GI-0364","address_label":"Structure near 29.2383, -89.9890","occupancy_type":"Unclassified structure (OSM building=yes)","flood_zone_code":"VE","sfha":true,"risk_level":"High","recommended_action":"Research-tier classification: coastal high-hazard (wave action) or otherwise high flood-zone exposure. Treat as a prompt to review official FEMA flood maps and local hurricane evacuation guidance for this parish.","data_source":"OpenStreetMap building footprint + FEMA National Flood Hazard Layer (zone-based classification)","confidence_note":"Research-prototype classification derived from the public FEMA flood zone code for this location. It is a zone-based proxy, not a computed hydraulic or storm-surge model, and is not an official flood determination. Consult FEMA's Flood Map Service Center (msc.fema.gov) or your local floodplain administrator for official information.","building_height_m":5,"osm_way_id":1066812586},"geometry":{"type":"Polygon","coordinates":[[[-89.9888954,29.2383801],[-89.9888545,29.2383128],[-89.9890163,29.238238],[-89.9890572,29.2383053],[-89.9888954,29.2383801]]]}},{"type":"Feature","properties":{"property_id":"GI-0365","address_label":"Structure near 29.2385, -89.9889","occupancy_type":"Unclassified structure (OSM building=yes)","flood_zone_code":"VE","sfha":true,"risk_level":"High","recommended_action":"Research-tier classification: coastal high-hazard (wave action) or otherwise high flood-zone exposure. Treat as a prompt to review official FEMA flood maps and local hurricane evacuation guidance for this parish.","data_source":"OpenStreetMap building footprint + FEMA National Flood Hazard Layer (zone-based classification)","confidence_note":"Research-prototype classification derived from the public FEMA flood zone code for this location. It is a zone-based proxy, not a computed hydraulic or storm-surge model, and is not an official flood determination. Consult FEMA's Flood Map Service Center (msc.fema.gov) or your local floodplain administrator for official information.","building_height_m":5,"osm_way_id":1066812587},"geometry":{"type":"Polygon","coordinates":[[[-89.9887229,29.238479],[-89.9888299,29.2384304],[-89.9888375,29.2384431],[-89.9890399,29.2383512],[-89.9890793,29.2384171],[-89.9889446,29.2384783],[-89.9889471,29.2384825],[-89.9887983,29.2385502],[-89.9887946,29.238544],[-89.9887688,29.2385557],[-89.9887229,29.238479]]]}},{"type":"Feature","properties":{"property_id":"GI-0366","address_label":"Structure near 29.2381, -89.9884","occupancy_type":"Unclassified structure (OSM building=yes)","flood_zone_code":"VE","sfha":true,"risk_level":"High","recommended_action":"Research-tier classification: coastal high-hazard (wave action) or otherwise high flood-zone exposure. Treat as a prompt to review official FEMA flood maps and local hurricane evacuation guidance for this parish.","data_source":"OpenStreetMap building footprint + FEMA National Flood Hazard Layer (zone-based classification)","confidence_note":"Research-prototype classification derived from the public FEMA flood zone code for this location. It is a zone-based proxy, not a computed hydraulic or storm-surge model, and is not an official flood determination. Consult FEMA's Flood Map Service Center (msc.fema.gov) or your local floodplain administrator for official information.","building_height_m":5,"osm_way_id":1066812588},"geometry":{"type":"Polygon","coordinates":[[[-89.9883243,29.2381155],[-89.9884367,29.238067],[-89.9884824,29.2381476],[-89.9883701,29.2381961],[-89.9883243,29.2381155]]]}},{"type":"Feature","properties":{"property_id":"GI-0367","address_label":"Structure near 29.2377, -89.9880","occupancy_type":"Unclassified structure (OSM building=yes)","flood_zone_code":"VE","sfha":true,"risk_level":"High","recommended_action":"Research-tier classification: coastal high-hazard (wave action) or otherwise high flood-zone exposure. Treat as a prompt to review official FEMA flood maps and local hurricane evacuation guidance for this parish.","data_source":"OpenStreetMap building footprint + FEMA National Flood Hazard Layer (zone-based classification)","confidence_note":"Research-prototype classification derived from the public FEMA flood zone code for this location. It is a zone-based proxy, not a computed hydraulic or storm-surge model, and is not an official flood determination. Consult FEMA's Flood Map Service Center (msc.fema.gov) or your local floodplain administrator for official information.","building_height_m":5,"osm_way_id":1066812589},"geometry":{"type":"Polygon","coordinates":[[[-89.9879738,29.2377717],[-89.9880266,29.2377476],[-89.9880348,29.2377612],[-89.9880727,29.2377439],[-89.9879899,29.2376058],[-89.9880214,29.2375914],[-89.9880184,29.2375771],[-89.9880581,29.237559],[-89.9881962,29.2377893],[-89.9880299,29.2378653],[-89.9879738,29.2377717]]]}},{"type":"Feature","properties":{"property_id":"GI-0368","address_label":"Structure near 29.2377, -89.9872","occupancy_type":"Unclassified structure (OSM building=yes)","flood_zone_code":"VE","sfha":true,"risk_level":"High","recommended_action":"Research-tier classification: coastal high-hazard (wave action) or otherwise high flood-zone exposure. Treat as a prompt to review official FEMA flood maps and local hurricane evacuation guidance for this parish.","data_source":"OpenStreetMap building footprint + FEMA National Flood Hazard Layer (zone-based classification)","confidence_note":"Research-prototype classification derived from the public FEMA flood zone code for this location. It is a zone-based proxy, not a computed hydraulic or storm-surge model, and is not an official flood determination. Consult FEMA's Flood Map Service Center (msc.fema.gov) or your local floodplain administrator for official information.","building_height_m":5,"osm_way_id":1066812590},"geometry":{"type":"Polygon","coordinates":[[[-89.9871334,29.2376945],[-89.9872635,29.2376357],[-89.9873124,29.2377183],[-89.9871824,29.237777],[-89.9871334,29.2376945]]]}},{"type":"Feature","properties":{"property_id":"GI-0369","address_label":"Structure near 29.2378, -89.9873","occupancy_type":"Unclassified structure (OSM building=yes)","flood_zone_code":"VE","sfha":true,"risk_level":"High","recommended_action":"Research-tier classification: coastal high-hazard (wave action) or otherwise high flood-zone exposure. Treat as a prompt to review official FEMA flood maps and local hurricane evacuation guidance for this parish.","data_source":"OpenStreetMap building footprint + FEMA National Flood Hazard Layer (zone-based classification)","confidence_note":"Research-prototype classification derived from the public FEMA flood zone code for this location. It is a zone-based proxy, not a computed hydraulic or storm-surge model, and is not an official flood determination. Consult FEMA's Flood Map Service Center (msc.fema.gov) or your local floodplain administrator for official information.","building_height_m":5,"osm_way_id":1066812591},"geometry":{"type":"Polygon","coordinates":[[[-89.9871953,29.2379074],[-89.9871585,29.2378401],[-89.9873429,29.2377634],[-89.9873797,29.2378308],[-89.9871953,29.2379074]]]}},{"type":"Feature","properties":{"property_id":"GI-0370","address_label":"Structure near 29.2379, -89.9874","occupancy_type":"Unclassified structure (OSM building=yes)","flood_zone_code":"VE","sfha":true,"risk_level":"High","recommended_action":"Research-tier classification: coastal high-hazard (wave action) or otherwise high flood-zone exposure. Treat as a prompt to review official FEMA flood maps and local hurricane evacuation guidance for this parish.","data_source":"OpenStreetMap building footprint + FEMA National Flood Hazard Layer (zone-based classification)","confidence_note":"Research-prototype classification derived from the public FEMA flood zone code for this location. It is a zone-based proxy, not a computed hydraulic or storm-surge model, and is not an official flood determination. Consult FEMA's Flood Map Service Center (msc.fema.gov) or your local floodplain administrator for official information.","building_height_m":5,"osm_way_id":1066812592},"geometry":{"type":"Polygon","coordinates":[[[-89.9873331,29.2379295],[-89.9874592,29.2378751],[-89.9875105,29.2379657],[-89.9873844,29.2380201],[-89.9873331,29.2379295]]]}},{"type":"Feature","properties":{"property_id":"GI-0371","address_label":"Structure near 29.2381, -89.9874","occupancy_type":"Unclassified structure (OSM building=yes)","flood_zone_code":"VE","sfha":true,"risk_level":"High","recommended_action":"Research-tier classification: coastal high-hazard (wave action) or otherwise high flood-zone exposure. Treat as a prompt to review official FEMA flood maps and local hurricane evacuation guidance for this parish.","data_source":"OpenStreetMap building footprint + FEMA National Flood Hazard Layer (zone-based classification)","confidence_note":"Research-prototype classification derived from the public FEMA flood zone code for this location. It is a zone-based proxy, not a computed hydraulic or storm-surge model, and is not an official flood determination. Consult FEMA's Flood Map Service Center (msc.fema.gov) or your local floodplain administrator for official information.","building_height_m":5,"osm_way_id":1066812593},"geometry":{"type":"Polygon","coordinates":[[[-89.9873832,29.2381499],[-89.9873299,29.2380599],[-89.9875154,29.2379763],[-89.9875687,29.2380663],[-89.9873832,29.2381499]]]}},{"type":"Feature","properties":{"property_id":"GI-0372","address_label":"Structure near 29.2364, -89.9874","occupancy_type":"Unclassified structure (OSM building=yes)","flood_zone_code":"VE","sfha":true,"risk_level":"High","recommended_action":"Research-tier classification: coastal high-hazard (wave action) or otherwise high flood-zone exposure. Treat as a prompt to review official FEMA flood maps and local hurricane evacuation guidance for this parish.","data_source":"OpenStreetMap building footprint + FEMA National Flood Hazard Layer (zone-based classification)","confidence_note":"Research-prototype classification derived from the public FEMA flood zone code for this location. It is a zone-based proxy, not a computed hydraulic or storm-surge model, and is not an official flood determination. Consult FEMA's Flood Map Service Center (msc.fema.gov) or your local floodplain administrator for official information.","building_height_m":5,"osm_way_id":1066812594},"geometry":{"type":"Polygon","coordinates":[[[-89.9872824,29.2363676],[-89.9874306,29.2363024],[-89.9874689,29.2363685],[-89.9873206,29.2364338],[-89.9872824,29.2363676]]]}},{"type":"Feature","properties":{"property_id":"GI-0373","address_label":"Structure near 29.2366, -89.9881","occupancy_type":"Unclassified structure (OSM building=yes)","flood_zone_code":"VE","sfha":true,"risk_level":"High","recommended_action":"Research-tier classification: coastal high-hazard (wave action) or otherwise high flood-zone exposure. Treat as a prompt to review official FEMA flood maps and local hurricane evacuation guidance for this parish.","data_source":"OpenStreetMap building footprint + FEMA National Flood Hazard Layer (zone-based classification)","confidence_note":"Research-prototype classification derived from the public FEMA flood zone code for this location. It is a zone-based proxy, not a computed hydraulic or storm-surge model, and is not an official flood determination. Consult FEMA's Flood Map Service Center (msc.fema.gov) or your local floodplain administrator for official information.","building_height_m":5,"osm_way_id":1066812595},"geometry":{"type":"Polygon","coordinates":[[[-89.9880027,29.2366171],[-89.9880097,29.2366141],[-89.9880071,29.2366007],[-89.9880369,29.236588],[-89.9880421,29.2365972],[-89.9881257,29.2365617],[-89.9882135,29.2367192],[-89.9880891,29.236772],[-89.9880027,29.2366171]]]}},{"type":"Feature","properties":{"property_id":"GI-0374","address_label":"Structure near 29.2371, -89.9880","occupancy_type":"Unclassified structure (OSM building=yes)","flood_zone_code":"VE","sfha":true,"risk_level":"High","recommended_action":"Research-tier classification: coastal high-hazard (wave action) or otherwise high flood-zone exposure. Treat as a prompt to review official FEMA flood maps and local hurricane evacuation guidance for this parish.","data_source":"OpenStreetMap building footprint + FEMA National Flood Hazard Layer (zone-based classification)","confidence_note":"Research-prototype classification derived from the public FEMA flood zone code for this location. It is a zone-based proxy, not a computed hydraulic or storm-surge model, and is not an official flood determination. Consult FEMA's Flood Map Service Center (msc.fema.gov) or your local floodplain administrator for official information.","building_height_m":5,"osm_way_id":1066812596},"geometry":{"type":"Polygon","coordinates":[[[-89.9879711,29.2371132],[-89.9880426,29.2370733],[-89.9881183,29.2371765],[-89.9880467,29.2372165],[-89.9879711,29.2371132]]]}},{"type":"Feature","properties":{"property_id":"GI-0375","address_label":"Structure near 29.2369, -89.9880","occupancy_type":"Unclassified structure (OSM building=yes)","flood_zone_code":"VE","sfha":true,"risk_level":"High","recommended_action":"Research-tier classification: coastal high-hazard (wave action) or otherwise high flood-zone exposure. Treat as a prompt to review official FEMA flood maps and local hurricane evacuation guidance for this parish.","data_source":"OpenStreetMap building footprint + FEMA National Flood Hazard Layer (zone-based classification)","confidence_note":"Research-prototype classification derived from the public FEMA flood zone code for this location. It is a zone-based proxy, not a computed hydraulic or storm-surge model, and is not an official flood determination. Consult FEMA's Flood Map Service Center (msc.fema.gov) or your local floodplain administrator for official information.","building_height_m":5,"osm_way_id":1066812597},"geometry":{"type":"Polygon","coordinates":[[[-89.9879418,29.2368393],[-89.988019,29.2368038],[-89.9880616,29.2368745],[-89.9879844,29.23691],[-89.9879418,29.2368393]]]}},{"type":"Feature","properties":{"property_id":"GI-0376","address_label":"Structure near 29.2367, -89.9878","occupancy_type":"Unclassified structure (OSM building=yes)","flood_zone_code":"VE","sfha":true,"risk_level":"High","recommended_action":"Research-tier classification: coastal high-hazard (wave action) or otherwise high flood-zone exposure. Treat as a prompt to review official FEMA flood maps and local hurricane evacuation guidance for this parish.","data_source":"OpenStreetMap building footprint + FEMA National Flood Hazard Layer (zone-based classification)","confidence_note":"Research-prototype classification derived from the public FEMA flood zone code for this location. It is a zone-based proxy, not a computed hydraulic or storm-surge model, and is not an official flood determination. Consult FEMA's Flood Map Service Center (msc.fema.gov) or your local floodplain administrator for official information.","building_height_m":5,"osm_way_id":1066812598},"geometry":{"type":"Polygon","coordinates":[[[-89.9877681,29.2366933],[-89.9878668,29.2366502],[-89.9879311,29.2367625],[-89.9878325,29.2368055],[-89.9877681,29.2366933]]]}},{"type":"Feature","properties":{"property_id":"GI-0377","address_label":"Structure near 29.2372, -89.9877","occupancy_type":"Unclassified structure (OSM building=yes)","flood_zone_code":"VE","sfha":true,"risk_level":"High","recommended_action":"Research-tier classification: coastal high-hazard (wave action) or otherwise high flood-zone exposure. Treat as a prompt to review official FEMA flood maps and local hurricane evacuation guidance for this parish.","data_source":"OpenStreetMap building footprint + FEMA National Flood Hazard Layer (zone-based classification)","confidence_note":"Research-prototype classification derived from the public FEMA flood zone code for this location. It is a zone-based proxy, not a computed hydraulic or storm-surge model, and is not an official flood determination. Consult FEMA's Flood Map Service Center (msc.fema.gov) or your local floodplain administrator for official information.","building_height_m":5,"osm_way_id":1066812599},"geometry":{"type":"Polygon","coordinates":[[[-89.9875814,29.2371905],[-89.9876982,29.2371391],[-89.9877485,29.237226],[-89.9876316,29.2372774],[-89.9875814,29.2371905]]]}},{"type":"Feature","properties":{"property_id":"GI-0378","address_label":"Structure near 29.2369, -89.9877","occupancy_type":"Unclassified structure (OSM building=yes)","flood_zone_code":"VE","sfha":true,"risk_level":"High","recommended_action":"Research-tier classification: coastal high-hazard (wave action) or otherwise high flood-zone exposure. Treat as a prompt to review official FEMA flood maps and local hurricane evacuation guidance for this parish.","data_source":"OpenStreetMap building footprint + FEMA National Flood Hazard Layer (zone-based classification)","confidence_note":"Research-prototype classification derived from the public FEMA flood zone code for this location. It is a zone-based proxy, not a computed hydraulic or storm-surge model, and is not an official flood determination. Consult FEMA's Flood Map Service Center (msc.fema.gov) or your local floodplain administrator for official information.","building_height_m":5,"osm_way_id":1066812600},"geometry":{"type":"Polygon","coordinates":[[[-89.9877125,29.2370328],[-89.9876037,29.2368397],[-89.9876768,29.2368083],[-89.9877856,29.2370015],[-89.9877125,29.2370328]]]}},{"type":"Feature","properties":{"property_id":"GI-0379","address_label":"Structure near 29.2366, -89.9872","occupancy_type":"Unclassified structure (OSM building=yes)","flood_zone_code":"VE","sfha":true,"risk_level":"High","recommended_action":"Research-tier classification: coastal high-hazard (wave action) or otherwise high flood-zone exposure. Treat as a prompt to review official FEMA flood maps and local hurricane evacuation guidance for this parish.","data_source":"OpenStreetMap building footprint + FEMA National Flood Hazard Layer (zone-based classification)","confidence_note":"Research-prototype classification derived from the public FEMA flood zone code for this location. It is a zone-based proxy, not a computed hydraulic or storm-surge model, and is not an official flood determination. Consult FEMA's Flood Map Service Center (msc.fema.gov) or your local floodplain administrator for official information.","building_height_m":5,"osm_way_id":1066812601},"geometry":{"type":"Polygon","coordinates":[[[-89.9870853,29.2365455],[-89.9872301,29.236476],[-89.9872722,29.2365429],[-89.9872372,29.2365597],[-89.9872403,29.2365647],[-89.9872015,29.2365833],[-89.9872138,29.2366028],[-89.98717,29.2366238],[-89.9871587,29.2366058],[-89.9871315,29.2366189],[-89.9870853,29.2365455]]]}},{"type":"Feature","properties":{"property_id":"GI-0380","address_label":"Structure near 29.2372, -89.9869","occupancy_type":"Unclassified structure (OSM building=yes)","flood_zone_code":"VE","sfha":true,"risk_level":"High","recommended_action":"Research-tier classification: coastal high-hazard (wave action) or otherwise high flood-zone exposure. Treat as a prompt to review official FEMA flood maps and local hurricane evacuation guidance for this parish.","data_source":"OpenStreetMap building footprint + FEMA National Flood Hazard Layer (zone-based classification)","confidence_note":"Research-prototype classification derived from the public FEMA flood zone code for this location. It is a zone-based proxy, not a computed hydraulic or storm-surge model, and is not an official flood determination. Consult FEMA's Flood Map Service Center (msc.fema.gov) or your local floodplain administrator for official information.","building_height_m":5,"osm_way_id":1066812602},"geometry":{"type":"Polygon","coordinates":[[[-89.9868572,29.2371757],[-89.986897,29.2371574],[-89.9869174,29.2371913],[-89.9869465,29.2371779],[-89.9869942,29.237257],[-89.9869253,29.2372886],[-89.9868572,29.2371757]]]}},{"type":"Feature","properties":{"property_id":"GI-0381","address_label":"Structure near 29.2370, -89.9876","occupancy_type":"Unclassified structure (OSM building=yes)","flood_zone_code":"VE","sfha":true,"risk_level":"High","recommended_action":"Research-tier classification: coastal high-hazard (wave action) or otherwise high flood-zone exposure. Treat as a prompt to review official FEMA flood maps and local hurricane evacuation guidance for this parish.","data_source":"OpenStreetMap building footprint + FEMA National Flood Hazard Layer (zone-based classification)","confidence_note":"Research-prototype classification derived from the public FEMA flood zone code for this location. It is a zone-based proxy, not a computed hydraulic or storm-surge model, and is not an official flood determination. Consult FEMA's Flood Map Service Center (msc.fema.gov) or your local floodplain administrator for official information.","building_height_m":5,"osm_way_id":1066812603},"geometry":{"type":"Polygon","coordinates":[[[-89.9874601,29.2369356],[-89.9875588,29.2368914],[-89.9876567,29.2370577],[-89.987558,29.2371019],[-89.9874601,29.2369356]]]}},{"type":"Feature","properties":{"property_id":"GI-0382","address_label":"Structure near 29.2370, -89.9874","occupancy_type":"Unclassified structure (OSM building=yes)","flood_zone_code":"VE","sfha":true,"risk_level":"High","recommended_action":"Research-tier classification: coastal high-hazard (wave action) or otherwise high flood-zone exposure. Treat as a prompt to review official FEMA flood maps and local hurricane evacuation guidance for this parish.","data_source":"OpenStreetMap building footprint + FEMA National Flood Hazard Layer (zone-based classification)","confidence_note":"Research-prototype classification derived from the public FEMA flood zone code for this location. It is a zone-based proxy, not a computed hydraulic or storm-surge model, and is not an official flood determination. Consult FEMA's Flood Map Service Center (msc.fema.gov) or your local floodplain administrator for official information.","building_height_m":5,"osm_way_id":1066812604},"geometry":{"type":"Polygon","coordinates":[[[-89.98744,29.2369804],[-89.9874963,29.2370738],[-89.9874188,29.2371121],[-89.9873788,29.2370445],[-89.987371,29.237049],[-89.9873645,29.23704],[-89.987371,29.2370332],[-89.9873542,29.2370039],[-89.987331,29.2369622],[-89.9874077,29.2369267],[-89.98744,29.2369804]]]}},{"type":"Feature","properties":{"property_id":"GI-0383","address_label":"Structure near 29.2368, -89.9868","occupancy_type":"Unclassified structure (OSM building=yes)","flood_zone_code":"VE","sfha":true,"risk_level":"High","recommended_action":"Research-tier classification: coastal high-hazard (wave action) or otherwise high flood-zone exposure. Treat as a prompt to review official FEMA flood maps and local hurricane evacuation guidance for this parish.","data_source":"OpenStreetMap building footprint + FEMA National Flood Hazard Layer (zone-based classification)","confidence_note":"Research-prototype classification derived from the public FEMA flood zone code for this location. It is a zone-based proxy, not a computed hydraulic or storm-surge model, and is not an official flood determination. Consult FEMA's Flood Map Service Center (msc.fema.gov) or your local floodplain administrator for official information.","building_height_m":5,"osm_way_id":1066812605},"geometry":{"type":"Polygon","coordinates":[[[-89.9866375,29.2367292],[-89.986816,29.2366464],[-89.986867,29.2367302],[-89.9867394,29.2367894],[-89.9867593,29.2368222],[-89.9867085,29.2368458],[-89.9866375,29.2367292]]]}},{"type":"Feature","properties":{"property_id":"GI-0384","address_label":"Structure near 29.2368, -89.9864","occupancy_type":"Unclassified structure (OSM building=yes)","flood_zone_code":"VE","sfha":true,"risk_level":"High","recommended_action":"Research-tier classification: coastal high-hazard (wave action) or otherwise high flood-zone exposure. Treat as a prompt to review official FEMA flood maps and local hurricane evacuation guidance for this parish.","data_source":"OpenStreetMap building footprint + FEMA National Flood Hazard Layer (zone-based classification)","confidence_note":"Research-prototype classification derived from the public FEMA flood zone code for this location. It is a zone-based proxy, not a computed hydraulic or storm-surge model, and is not an official flood determination. Consult FEMA's Flood Map Service Center (msc.fema.gov) or your local floodplain administrator for official information.","building_height_m":5,"osm_way_id":1066812606},"geometry":{"type":"Polygon","coordinates":[[[-89.9863015,29.236841],[-89.986454,29.236763],[-89.9865183,29.2368587],[-89.9863658,29.2369367],[-89.9863015,29.236841]]]}},{"type":"Feature","properties":{"property_id":"GI-0385","address_label":"Structure near 29.2384, -89.9876","occupancy_type":"Unclassified structure (OSM building=yes)","flood_zone_code":"VE","sfha":true,"risk_level":"High","recommended_action":"Research-tier classification: coastal high-hazard (wave action) or otherwise high flood-zone exposure. Treat as a prompt to review official FEMA flood maps and local hurricane evacuation guidance for this parish.","data_source":"OpenStreetMap building footprint + FEMA National Flood Hazard Layer (zone-based classification)","confidence_note":"Research-prototype classification derived from the public FEMA flood zone code for this location. It is a zone-based proxy, not a computed hydraulic or storm-surge model, and is not an official flood determination. Consult FEMA's Flood Map Service Center (msc.fema.gov) or your local floodplain administrator for official information.","building_height_m":5,"osm_way_id":1066812607},"geometry":{"type":"Polygon","coordinates":[[[-89.9875353,29.2384721],[-89.9875225,29.2384778],[-89.9874725,29.2383922],[-89.9875993,29.2383357],[-89.987648,29.2384189],[-89.9876092,29.2384361],[-89.9876405,29.2384896],[-89.9875651,29.2385231],[-89.9875353,29.2384721]]]}},{"type":"Feature","properties":{"property_id":"GI-0386","address_label":"Structure near 29.2384, -89.9868","occupancy_type":"Unclassified structure (OSM building=yes)","flood_zone_code":"VE","sfha":true,"risk_level":"High","recommended_action":"Research-tier classification: coastal high-hazard (wave action) or otherwise high flood-zone exposure. Treat as a prompt to review official FEMA flood maps and local hurricane evacuation guidance for this parish.","data_source":"OpenStreetMap building footprint + FEMA National Flood Hazard Layer (zone-based classification)","confidence_note":"Research-prototype classification derived from the public FEMA flood zone code for this location. It is a zone-based proxy, not a computed hydraulic or storm-surge model, and is not an official flood determination. Consult FEMA's Flood Map Service Center (msc.fema.gov) or your local floodplain administrator for official information.","building_height_m":5,"osm_way_id":1066812608},"geometry":{"type":"Polygon","coordinates":[[[-89.9867431,29.2383567],[-89.9868419,29.2383122],[-89.9868955,29.2384029],[-89.9867967,29.2384474],[-89.9867431,29.2383567]]]}},{"type":"Feature","properties":{"property_id":"GI-0387","address_label":"Structure near 29.2384, -89.9864","occupancy_type":"Unclassified structure (OSM building=yes)","flood_zone_code":"VE","sfha":true,"risk_level":"High","recommended_action":"Research-tier classification: coastal high-hazard (wave action) or otherwise high flood-zone exposure. Treat as a prompt to review official FEMA flood maps and local hurricane evacuation guidance for this parish.","data_source":"OpenStreetMap building footprint + FEMA National Flood Hazard Layer (zone-based classification)","confidence_note":"Research-prototype classification derived from the public FEMA flood zone code for this location. It is a zone-based proxy, not a computed hydraulic or storm-surge model, and is not an official flood determination. Consult FEMA's Flood Map Service Center (msc.fema.gov) or your local floodplain administrator for official information.","building_height_m":5,"osm_way_id":1066812609},"geometry":{"type":"Polygon","coordinates":[[[-89.9863525,29.2383615],[-89.986459,29.2383152],[-89.9865099,29.2384043],[-89.9864034,29.2384506],[-89.9863525,29.2383615]]]}},{"type":"Feature","properties":{"property_id":"GI-0388","address_label":"Structure near 29.2377, -89.9848","occupancy_type":"Unclassified structure (OSM building=yes)","flood_zone_code":"VE","sfha":true,"risk_level":"High","recommended_action":"Research-tier classification: coastal high-hazard (wave action) or otherwise high flood-zone exposure. Treat as a prompt to review official FEMA flood maps and local hurricane evacuation guidance for this parish.","data_source":"OpenStreetMap building footprint + FEMA National Flood Hazard Layer (zone-based classification)","confidence_note":"Research-prototype classification derived from the public FEMA flood zone code for this location. It is a zone-based proxy, not a computed hydraulic or storm-surge model, and is not an official flood determination. Consult FEMA's Flood Map Service Center (msc.fema.gov) or your local floodplain administrator for official information.","building_height_m":5,"osm_way_id":1066812610},"geometry":{"type":"Polygon","coordinates":[[[-89.9847183,29.2377408],[-89.9847264,29.2377306],[-89.9846777,29.2376585],[-89.9847606,29.2376159],[-89.9848745,29.2377845],[-89.9847805,29.2378328],[-89.9847183,29.2377408]]]}},{"type":"Feature","properties":{"property_id":"GI-0389","address_label":"Structure near 29.2385, -89.9862","occupancy_type":"Unclassified structure (OSM building=yes)","flood_zone_code":"VE","sfha":true,"risk_level":"High","recommended_action":"Research-tier classification: coastal high-hazard (wave action) or otherwise high flood-zone exposure. Treat as a prompt to review official FEMA flood maps and local hurricane evacuation guidance for this parish.","data_source":"OpenStreetMap building footprint + FEMA National Flood Hazard Layer (zone-based classification)","confidence_note":"Research-prototype classification derived from the public FEMA flood zone code for this location. It is a zone-based proxy, not a computed hydraulic or storm-surge model, and is not an official flood determination. Consult FEMA's Flood Map Service Center (msc.fema.gov) or your local floodplain administrator for official information.","building_height_m":5,"osm_way_id":1066812611},"geometry":{"type":"Polygon","coordinates":[[[-89.9862251,29.2384723],[-89.9862,29.2384828],[-89.9861806,29.2384474],[-89.986266,29.2384116],[-89.9862853,29.2384469],[-89.9862627,29.2384563],[-89.9862763,29.2384811],[-89.9862386,29.2384969],[-89.9862251,29.2384723]]]}},{"type":"Feature","properties":{"property_id":"GI-0390","address_label":"Structure near 29.2373, -89.9871","occupancy_type":"Unclassified structure (OSM building=yes)","flood_zone_code":"VE","sfha":true,"risk_level":"High","recommended_action":"Research-tier classification: coastal high-hazard (wave action) or otherwise high flood-zone exposure. Treat as a prompt to review official FEMA flood maps and local hurricane evacuation guidance for this parish.","data_source":"OpenStreetMap building footprint + FEMA National Flood Hazard Layer (zone-based classification)","confidence_note":"Research-prototype classification derived from the public FEMA flood zone code for this location. It is a zone-based proxy, not a computed hydraulic or storm-surge model, and is not an official flood determination. Consult FEMA's Flood Map Service Center (msc.fema.gov) or your local floodplain administrator for official information.","building_height_m":5,"osm_way_id":1066812612},"geometry":{"type":"Polygon","coordinates":[[[-89.9869845,29.2373069],[-89.9870567,29.2372768],[-89.9871171,29.2373868],[-89.9870449,29.237417],[-89.9869845,29.2373069]]]}},{"type":"Feature","properties":{"property_id":"GI-0391","address_label":"Structure near 29.2376, -89.9871","occupancy_type":"Unclassified structure (OSM building=yes)","flood_zone_code":"VE","sfha":true,"risk_level":"High","recommended_action":"Research-tier classification: coastal high-hazard (wave action) or otherwise high flood-zone exposure. Treat as a prompt to review official FEMA flood maps and local hurricane evacuation guidance for this parish.","data_source":"OpenStreetMap building footprint + FEMA National Flood Hazard Layer (zone-based classification)","confidence_note":"Research-prototype classification derived from the public FEMA flood zone code for this location. It is a zone-based proxy, not a computed hydraulic or storm-surge model, and is not an official flood determination. Consult FEMA's Flood Map Service Center (msc.fema.gov) or your local floodplain administrator for official information.","building_height_m":5,"osm_way_id":1066812613},"geometry":{"type":"Polygon","coordinates":[[[-89.9870093,29.2375959],[-89.9871501,29.2375376],[-89.9871807,29.2375939],[-89.9871622,29.2376015],[-89.9871801,29.2376345],[-89.9870578,29.2376851],[-89.9870093,29.2375959]]]}},{"type":"Feature","properties":{"property_id":"GI-0392","address_label":"Structure near 29.2367, -89.9886","occupancy_type":"Unclassified structure (OSM building=yes)","flood_zone_code":"VE","sfha":true,"risk_level":"High","recommended_action":"Research-tier classification: coastal high-hazard (wave action) or otherwise high flood-zone exposure. Treat as a prompt to review official FEMA flood maps and local hurricane evacuation guidance for this parish.","data_source":"OpenStreetMap building footprint + FEMA National Flood Hazard Layer (zone-based classification)","confidence_note":"Research-prototype classification derived from the public FEMA flood zone code for this location. It is a zone-based proxy, not a computed hydraulic or storm-surge model, and is not an official flood determination. Consult FEMA's Flood Map Service Center (msc.fema.gov) or your local floodplain administrator for official information.","building_height_m":5,"osm_way_id":1066812614},"geometry":{"type":"Polygon","coordinates":[[[-89.9885615,29.2367607],[-89.9885507,29.2367401],[-89.9886314,29.2367025],[-89.9886465,29.2367269],[-89.9885615,29.2367607]]]}},{"type":"Feature","properties":{"property_id":"GI-0393","address_label":"Structure near 29.2366, -89.9886","occupancy_type":"Unclassified structure (OSM building=yes)","flood_zone_code":"VE","sfha":true,"risk_level":"High","recommended_action":"Research-tier classification: coastal high-hazard (wave action) or otherwise high flood-zone exposure. Treat as a prompt to review official FEMA flood maps and local hurricane evacuation guidance for this parish.","data_source":"OpenStreetMap building footprint + FEMA National Flood Hazard Layer (zone-based classification)","confidence_note":"Research-prototype classification derived from the public FEMA flood zone code for this location. It is a zone-based proxy, not a computed hydraulic or storm-surge model, and is not an official flood determination. Consult FEMA's Flood Map Service Center (msc.fema.gov) or your local floodplain administrator for official information.","building_height_m":5,"osm_way_id":1066812615},"geometry":{"type":"Polygon","coordinates":[[[-89.9885021,29.2366412],[-89.9885862,29.2366061],[-89.9885982,29.2366281],[-89.9885142,29.2366632],[-89.9885021,29.2366412]]]}},{"type":"Feature","properties":{"property_id":"GI-0394","address_label":"Structure near 29.2364, -89.9884","occupancy_type":"Unclassified structure (OSM building=yes)","flood_zone_code":"VE","sfha":true,"risk_level":"High","recommended_action":"Research-tier classification: coastal high-hazard (wave action) or otherwise high flood-zone exposure. Treat as a prompt to review official FEMA flood maps and local hurricane evacuation guidance for this parish.","data_source":"OpenStreetMap building footprint + FEMA National Flood Hazard Layer (zone-based classification)","confidence_note":"Research-prototype classification derived from the public FEMA flood zone code for this location. It is a zone-based proxy, not a computed hydraulic or storm-surge model, and is not an official flood determination. Consult FEMA's Flood Map Service Center (msc.fema.gov) or your local floodplain administrator for official information.","building_height_m":5,"osm_way_id":1066812616},"geometry":{"type":"Polygon","coordinates":[[[-89.988337,29.2364117],[-89.9884612,29.2363546],[-89.9885035,29.2364247],[-89.9883793,29.2364817],[-89.988337,29.2364117]]]}},{"type":"Feature","properties":{"property_id":"GI-0395","address_label":"Structure near 29.2366, -89.9884","occupancy_type":"Unclassified structure (OSM building=yes)","flood_zone_code":"VE","sfha":true,"risk_level":"High","recommended_action":"Research-tier classification: coastal high-hazard (wave action) or otherwise high flood-zone exposure. Treat as a prompt to review official FEMA flood maps and local hurricane evacuation guidance for this parish.","data_source":"OpenStreetMap building footprint + FEMA National Flood Hazard Layer (zone-based classification)","confidence_note":"Research-prototype classification derived from the public FEMA flood zone code for this location. It is a zone-based proxy, not a computed hydraulic or storm-surge model, and is not an official flood determination. Consult FEMA's Flood Map Service Center (msc.fema.gov) or your local floodplain administrator for official information.","building_height_m":5,"osm_way_id":1066812617},"geometry":{"type":"Polygon","coordinates":[[[-89.9883488,29.2365863],[-89.9884041,29.2365622],[-89.9884249,29.2365985],[-89.9883696,29.2366226],[-89.9883488,29.2365863]]]}},{"type":"Feature","properties":{"property_id":"GI-0396","address_label":"Structure near 29.2367, -89.9884","occupancy_type":"Unclassified structure (OSM building=yes)","flood_zone_code":"VE","sfha":true,"risk_level":"High","recommended_action":"Research-tier classification: coastal high-hazard (wave action) or otherwise high flood-zone exposure. Treat as a prompt to review official FEMA flood maps and local hurricane evacuation guidance for this parish.","data_source":"OpenStreetMap building footprint + FEMA National Flood Hazard Layer (zone-based classification)","confidence_note":"Research-prototype classification derived from the public FEMA flood zone code for this location. It is a zone-based proxy, not a computed hydraulic or storm-surge model, and is not an official flood determination. Consult FEMA's Flood Map Service Center (msc.fema.gov) or your local floodplain administrator for official information.","building_height_m":5,"osm_way_id":1066812618},"geometry":{"type":"Polygon","coordinates":[[[-89.9883277,29.2366372],[-89.9883642,29.2366281],[-89.9883672,29.2366335],[-89.98843,29.2366066],[-89.9884802,29.2366959],[-89.9883839,29.2367371],[-89.9883277,29.2366372]]]}},{"type":"Feature","properties":{"property_id":"GI-0397","address_label":"Structure near 29.2362, -89.9886","occupancy_type":"Unclassified structure (OSM building=yes)","flood_zone_code":"VE","sfha":true,"risk_level":"High","recommended_action":"Research-tier classification: coastal high-hazard (wave action) or otherwise high flood-zone exposure. Treat as a prompt to review official FEMA flood maps and local hurricane evacuation guidance for this parish.","data_source":"OpenStreetMap building footprint + FEMA National Flood Hazard Layer (zone-based classification)","confidence_note":"Research-prototype classification derived from the public FEMA flood zone code for this location. It is a zone-based proxy, not a computed hydraulic or storm-surge model, and is not an official flood determination. Consult FEMA's Flood Map Service Center (msc.fema.gov) or your local floodplain administrator for official information.","building_height_m":5,"osm_way_id":1066812619},"geometry":{"type":"Polygon","coordinates":[[[-89.9885104,29.236185],[-89.9885757,29.2361557],[-89.9886094,29.2362128],[-89.9885441,29.2362421],[-89.9885104,29.236185]]]}},{"type":"Feature","properties":{"property_id":"GI-0398","address_label":"Structure near 29.2364, -89.9883","occupancy_type":"Unclassified structure (OSM building=yes)","flood_zone_code":"VE","sfha":true,"risk_level":"High","recommended_action":"Research-tier classification: coastal high-hazard (wave action) or otherwise high flood-zone exposure. Treat as a prompt to review official FEMA flood maps and local hurricane evacuation guidance for this parish.","data_source":"OpenStreetMap building footprint + FEMA National Flood Hazard Layer (zone-based classification)","confidence_note":"Research-prototype classification derived from the public FEMA flood zone code for this location. It is a zone-based proxy, not a computed hydraulic or storm-surge model, and is not an official flood determination. Consult FEMA's Flood Map Service Center (msc.fema.gov) or your local floodplain administrator for official information.","building_height_m":5,"osm_way_id":1066812620},"geometry":{"type":"Polygon","coordinates":[[[-89.988172,29.2363885],[-89.9882716,29.2363432],[-89.988337,29.2364525],[-89.9882373,29.2364979],[-89.988172,29.2363885]]]}},{"type":"Feature","properties":{"property_id":"GI-0399","address_label":"Structure near 29.2374, -89.9890","occupancy_type":"Unclassified structure (OSM building=yes)","flood_zone_code":"VE","sfha":true,"risk_level":"High","recommended_action":"Research-tier classification: coastal high-hazard (wave action) or otherwise high flood-zone exposure. Treat as a prompt to review official FEMA flood maps and local hurricane evacuation guidance for this parish.","data_source":"OpenStreetMap building footprint + FEMA National Flood Hazard Layer (zone-based classification)","confidence_note":"Research-prototype classification derived from the public FEMA flood zone code for this location. It is a zone-based proxy, not a computed hydraulic or storm-surge model, and is not an official flood determination. Consult FEMA's Flood Map Service Center (msc.fema.gov) or your local floodplain administrator for official information.","building_height_m":5,"osm_way_id":1066812621},"geometry":{"type":"Polygon","coordinates":[[[-89.9889041,29.2374714],[-89.9889237,29.2374621],[-89.9889192,29.2374548],[-89.988944,29.2374431],[-89.9889264,29.2374147],[-89.9890188,29.2373709],[-89.9890573,29.2374326],[-89.9890446,29.2374358],[-89.989065,29.2374685],[-89.9889393,29.2375281],[-89.9889041,29.2374714]]]}},{"type":"Feature","properties":{"property_id":"GI-0400","address_label":"Structure near 29.2370, -89.9882","occupancy_type":"Unclassified structure (OSM building=yes)","flood_zone_code":"VE","sfha":true,"risk_level":"High","recommended_action":"Research-tier classification: coastal high-hazard (wave action) or otherwise high flood-zone exposure. Treat as a prompt to review official FEMA flood maps and local hurricane evacuation guidance for this parish.","data_source":"OpenStreetMap building footprint + FEMA National Flood Hazard Layer (zone-based classification)","confidence_note":"Research-prototype classification derived from the public FEMA flood zone code for this location. It is a zone-based proxy, not a computed hydraulic or storm-surge model, and is not an official flood determination. Consult FEMA's Flood Map Service Center (msc.fema.gov) or your local floodplain administrator for official information.","building_height_m":5,"osm_way_id":1066812622},"geometry":{"type":"Polygon","coordinates":[[[-89.9881696,29.2370636],[-89.9882092,29.2370471],[-89.9881883,29.2370087],[-89.9881973,29.2370049],[-89.9881821,29.2369771],[-89.9882612,29.2369442],[-89.9882751,29.2369698],[-89.98827,29.2369719],[-89.9883012,29.2370291],[-89.9883437,29.2370114],[-89.9883724,29.237064],[-89.9882073,29.2371326],[-89.9881696,29.2370636]]]}},{"type":"Feature","properties":{"property_id":"GI-0401","address_label":"Structure near 29.2374, -89.9883","occupancy_type":"Unclassified structure (OSM building=yes)","flood_zone_code":"VE","sfha":true,"risk_level":"High","recommended_action":"Research-tier classification: coastal high-hazard (wave action) or otherwise high flood-zone exposure. Treat as a prompt to review official FEMA flood maps and local hurricane evacuation guidance for this parish.","data_source":"OpenStreetMap building footprint + FEMA National Flood Hazard Layer (zone-based classification)","confidence_note":"Research-prototype classification derived from the public FEMA flood zone code for this location. It is a zone-based proxy, not a computed hydraulic or storm-surge model, and is not an official flood determination. Consult FEMA's Flood Map Service Center (msc.fema.gov) or your local floodplain administrator for official information.","building_height_m":5,"osm_way_id":1066812623},"geometry":{"type":"Polygon","coordinates":[[[-89.9883274,29.2374899],[-89.9882547,29.2373473],[-89.9883355,29.2373159],[-89.9884082,29.2374585],[-89.9883274,29.2374899]]]}},{"type":"Feature","properties":{"property_id":"GI-0402","address_label":"Structure near 29.2371, -89.9887","occupancy_type":"Unclassified structure (OSM building=yes)","flood_zone_code":"VE","sfha":true,"risk_level":"High","recommended_action":"Research-tier classification: coastal high-hazard (wave action) or otherwise high flood-zone exposure. Treat as a prompt to review official FEMA flood maps and local hurricane evacuation guidance for this parish.","data_source":"OpenStreetMap building footprint + FEMA National Flood Hazard Layer (zone-based classification)","confidence_note":"Research-prototype classification derived from the public FEMA flood zone code for this location. It is a zone-based proxy, not a computed hydraulic or storm-surge model, and is not an official flood determination. Consult FEMA's Flood Map Service Center (msc.fema.gov) or your local floodplain administrator for official information.","building_height_m":5,"osm_way_id":1066812624},"geometry":{"type":"Polygon","coordinates":[[[-89.988591,29.2370923],[-89.9886756,29.2370578],[-89.9886854,29.2370761],[-89.9887001,29.2370728],[-89.9887125,29.2370959],[-89.9886973,29.2371021],[-89.9887036,29.2371139],[-89.9887345,29.2371013],[-89.9887637,29.2371558],[-89.9887056,29.2371795],[-89.9886969,29.23717],[-89.9886695,29.2371812],[-89.9886615,29.2371663],[-89.9886362,29.2371767],[-89.988591,29.2370923]]]}},{"type":"Feature","properties":{"property_id":"GI-0403","address_label":"Structure near 29.2372, -89.9889","occupancy_type":"Unclassified structure (OSM building=yes)","flood_zone_code":"VE","sfha":true,"risk_level":"High","recommended_action":"Research-tier classification: coastal high-hazard (wave action) or otherwise high flood-zone exposure. Treat as a prompt to review official FEMA flood maps and local hurricane evacuation guidance for this parish.","data_source":"OpenStreetMap building footprint + FEMA National Flood Hazard Layer (zone-based classification)","confidence_note":"Research-prototype classification derived from the public FEMA flood zone code for this location. It is a zone-based proxy, not a computed hydraulic or storm-surge model, and is not an official flood determination. Consult FEMA's Flood Map Service Center (msc.fema.gov) or your local floodplain administrator for official information.","building_height_m":5,"osm_way_id":1066812625},"geometry":{"type":"Polygon","coordinates":[[[-89.9888689,29.2371989],[-89.9889288,29.2371697],[-89.9889475,29.2371989],[-89.9889777,29.2371842],[-89.9889982,29.2372163],[-89.9889081,29.2372601],[-89.9888689,29.2371989]]]}},{"type":"Feature","properties":{"property_id":"GI-0404","address_label":"Structure near 29.2371, -89.9888","occupancy_type":"Unclassified structure (OSM building=yes)","flood_zone_code":"VE","sfha":true,"risk_level":"High","recommended_action":"Research-tier classification: coastal high-hazard (wave action) or otherwise high flood-zone exposure. Treat as a prompt to review official FEMA flood maps and local hurricane evacuation guidance for this parish.","data_source":"OpenStreetMap building footprint + FEMA National Flood Hazard Layer (zone-based classification)","confidence_note":"Research-prototype classification derived from the public FEMA flood zone code for this location. It is a zone-based proxy, not a computed hydraulic or storm-surge model, and is not an official flood determination. Consult FEMA's Flood Map Service Center (msc.fema.gov) or your local floodplain administrator for official information.","building_height_m":5,"osm_way_id":1066812626},"geometry":{"type":"Polygon","coordinates":[[[-89.9888315,29.2371336],[-89.9888183,29.2371101],[-89.9887975,29.237119],[-89.9887797,29.2370872],[-89.9887937,29.2370812],[-89.9887895,29.2370664],[-89.9889211,29.2370101],[-89.9889596,29.2370787],[-89.9888315,29.2371336]]]}},{"type":"Feature","properties":{"property_id":"GI-0405","address_label":"Structure near 29.2380, -89.9853","occupancy_type":"Unclassified structure (OSM building=yes)","flood_zone_code":"VE","sfha":true,"risk_level":"High","recommended_action":"Research-tier classification: coastal high-hazard (wave action) or otherwise high flood-zone exposure. Treat as a prompt to review official FEMA flood maps and local hurricane evacuation guidance for this parish.","data_source":"OpenStreetMap building footprint + FEMA National Flood Hazard Layer (zone-based classification)","confidence_note":"Research-prototype classification derived from the public FEMA flood zone code for this location. It is a zone-based proxy, not a computed hydraulic or storm-surge model, and is not an official flood determination. Consult FEMA's Flood Map Service Center (msc.fema.gov) or your local floodplain administrator for official information.","building_height_m":5,"osm_way_id":1066812627},"geometry":{"type":"Polygon","coordinates":[[[-89.9852185,29.238032],[-89.985165,29.2379248],[-89.9852872,29.2378783],[-89.9853532,29.2380105],[-89.9853238,29.2380217],[-89.9853337,29.2380416],[-89.9852886,29.2380587],[-89.985285,29.238045],[-89.9852411,29.2380617],[-89.9852185,29.238032]]]}},{"type":"Feature","properties":{"property_id":"GI-0406","address_label":"Structure near 29.2374, -89.9866","occupancy_type":"Unclassified structure (OSM building=yes)","flood_zone_code":"VE","sfha":true,"risk_level":"High","recommended_action":"Research-tier classification: coastal high-hazard (wave action) or otherwise high flood-zone exposure. Treat as a prompt to review official FEMA flood maps and local hurricane evacuation guidance for this parish.","data_source":"OpenStreetMap building footprint + FEMA National Flood Hazard Layer (zone-based classification)","confidence_note":"Research-prototype classification derived from the public FEMA flood zone code for this location. It is a zone-based proxy, not a computed hydraulic or storm-surge model, and is not an official flood determination. Consult FEMA's Flood Map Service Center (msc.fema.gov) or your local floodplain administrator for official information.","building_height_m":5,"osm_way_id":1066812628},"geometry":{"type":"Polygon","coordinates":[[[-89.9865468,29.2373203],[-89.9866379,29.2372816],[-89.9866965,29.2373867],[-89.9866606,29.237402],[-89.9866842,29.2374444],[-89.986629,29.2374678],[-89.9865468,29.2373203]]]}},{"type":"Feature","properties":{"property_id":"GI-0407","address_label":"Structure near 29.2382, -89.9868","occupancy_type":"Unclassified structure (OSM building=yes)","flood_zone_code":"VE","sfha":true,"risk_level":"High","recommended_action":"Research-tier classification: coastal high-hazard (wave action) or otherwise high flood-zone exposure. Treat as a prompt to review official FEMA flood maps and local hurricane evacuation guidance for this parish.","data_source":"OpenStreetMap building footprint + FEMA National Flood Hazard Layer (zone-based classification)","confidence_note":"Research-prototype classification derived from the public FEMA flood zone code for this location. It is a zone-based proxy, not a computed hydraulic or storm-surge model, and is not an official flood determination. Consult FEMA's Flood Map Service Center (msc.fema.gov) or your local floodplain administrator for official information.","building_height_m":5,"osm_way_id":1066812629},"geometry":{"type":"Polygon","coordinates":[[[-89.9866948,29.2382957],[-89.9866509,29.2382158],[-89.9867641,29.2381684],[-89.986801,29.2382357],[-89.986825,29.23822],[-89.986804,29.2381817],[-89.9868399,29.2381667],[-89.9868612,29.2382055],[-89.9868358,29.2382161],[-89.9868371,29.2382262],[-89.9868563,29.2382241],[-89.9868762,29.2382603],[-89.9867684,29.2383054],[-89.9867503,29.2382724],[-89.9866948,29.2382957]]]}},{"type":"Feature","properties":{"property_id":"GI-0408","address_label":"Structure near 29.2381, -89.9870","occupancy_type":"Unclassified structure (OSM building=yes)","flood_zone_code":"VE","sfha":true,"risk_level":"High","recommended_action":"Research-tier classification: coastal high-hazard (wave action) or otherwise high flood-zone exposure. Treat as a prompt to review official FEMA flood maps and local hurricane evacuation guidance for this parish.","data_source":"OpenStreetMap building footprint + FEMA National Flood Hazard Layer (zone-based classification)","confidence_note":"Research-prototype classification derived from the public FEMA flood zone code for this location. It is a zone-based proxy, not a computed hydraulic or storm-surge model, and is not an official flood determination. Consult FEMA's Flood Map Service Center (msc.fema.gov) or your local floodplain administrator for official information.","building_height_m":5,"osm_way_id":1066812630},"geometry":{"type":"Polygon","coordinates":[[[-89.9869265,29.2381863],[-89.9868892,29.2381304],[-89.9870389,29.2380543],[-89.9870762,29.2381101],[-89.9869265,29.2381863]]]}},{"type":"Feature","properties":{"property_id":"GI-0409","address_label":"Structure near 29.2380, -89.9866","occupancy_type":"Unclassified structure (OSM building=yes)","flood_zone_code":"VE","sfha":true,"risk_level":"High","recommended_action":"Research-tier classification: coastal high-hazard (wave action) or otherwise high flood-zone exposure. Treat as a prompt to review official FEMA flood maps and local hurricane evacuation guidance for this parish.","data_source":"OpenStreetMap building footprint + FEMA National Flood Hazard Layer (zone-based classification)","confidence_note":"Research-prototype classification derived from the public FEMA flood zone code for this location. It is a zone-based proxy, not a computed hydraulic or storm-surge model, and is not an official flood determination. Consult FEMA's Flood Map Service Center (msc.fema.gov) or your local floodplain administrator for official information.","building_height_m":5,"osm_way_id":1066812631},"geometry":{"type":"Polygon","coordinates":[[[-89.9865086,29.2379859],[-89.9866268,29.2379353],[-89.9866644,29.2380023],[-89.9865462,29.2380528],[-89.9865086,29.2379859]]]}},{"type":"Feature","properties":{"property_id":"GI-0410","address_label":"Structure near 29.2378, -89.9866","occupancy_type":"Unclassified structure (OSM building=yes)","flood_zone_code":"VE","sfha":true,"risk_level":"High","recommended_action":"Research-tier classification: coastal high-hazard (wave action) or otherwise high flood-zone exposure. Treat as a prompt to review official FEMA flood maps and local hurricane evacuation guidance for this parish.","data_source":"OpenStreetMap building footprint + FEMA National Flood Hazard Layer (zone-based classification)","confidence_note":"Research-prototype classification derived from the public FEMA flood zone code for this location. It is a zone-based proxy, not a computed hydraulic or storm-surge model, and is not an official flood determination. Consult FEMA's Flood Map Service Center (msc.fema.gov) or your local floodplain administrator for official information.","building_height_m":5,"osm_way_id":1066812632},"geometry":{"type":"Polygon","coordinates":[[[-89.9865699,29.2378521],[-89.9865526,29.2378235],[-89.9866342,29.2377861],[-89.9866514,29.2378147],[-89.9865699,29.2378521]]]}},{"type":"Feature","properties":{"property_id":"GI-0411","address_label":"Structure near 29.2378, -89.9868","occupancy_type":"Unclassified structure (OSM building=yes)","flood_zone_code":"VE","sfha":true,"risk_level":"High","recommended_action":"Research-tier classification: coastal high-hazard (wave action) or otherwise high flood-zone exposure. Treat as a prompt to review official FEMA flood maps and local hurricane evacuation guidance for this parish.","data_source":"OpenStreetMap building footprint + FEMA National Flood Hazard Layer (zone-based classification)","confidence_note":"Research-prototype classification derived from the public FEMA flood zone code for this location. It is a zone-based proxy, not a computed hydraulic or storm-surge model, and is not an official flood determination. Consult FEMA's Flood Map Service Center (msc.fema.gov) or your local floodplain administrator for official information.","building_height_m":5,"osm_way_id":1066812633},"geometry":{"type":"Polygon","coordinates":[[[-89.9866919,29.2377703],[-89.9868169,29.2377164],[-89.9868322,29.2377434],[-89.9868585,29.237732],[-89.9868774,29.2377655],[-89.986854,29.2377756],[-89.9868602,29.2377865],[-89.9867324,29.2378416],[-89.9866919,29.2377703]]]}},{"type":"Feature","properties":{"property_id":"GI-0412","address_label":"Structure near 29.2377, -89.9866","occupancy_type":"Unclassified structure (OSM building=yes)","flood_zone_code":"VE","sfha":true,"risk_level":"High","recommended_action":"Research-tier classification: coastal high-hazard (wave action) or otherwise high flood-zone exposure. Treat as a prompt to review official FEMA flood maps and local hurricane evacuation guidance for this parish.","data_source":"OpenStreetMap building footprint + FEMA National Flood Hazard Layer (zone-based classification)","confidence_note":"Research-prototype classification derived from the public FEMA flood zone code for this location. It is a zone-based proxy, not a computed hydraulic or storm-surge model, and is not an official flood determination. Consult FEMA's Flood Map Service Center (msc.fema.gov) or your local floodplain administrator for official information.","building_height_m":5,"osm_way_id":1066812634},"geometry":{"type":"Polygon","coordinates":[[[-89.9864843,29.23768],[-89.9865068,29.2376701],[-89.9865035,29.2376644],[-89.9866263,29.2376106],[-89.9866477,29.2376477],[-89.9866386,29.2376556],[-89.9866544,29.2376831],[-89.9865453,29.237731],[-89.9865439,29.2377236],[-89.9865192,29.2377406],[-89.9864843,29.23768]]]}},{"type":"Feature","properties":{"property_id":"GI-0413","address_label":"Structure near 29.2375, -89.9865","occupancy_type":"Unclassified structure (OSM building=yes)","flood_zone_code":"VE","sfha":true,"risk_level":"High","recommended_action":"Research-tier classification: coastal high-hazard (wave action) or otherwise high flood-zone exposure. Treat as a prompt to review official FEMA flood maps and local hurricane evacuation guidance for this parish.","data_source":"OpenStreetMap building footprint + FEMA National Flood Hazard Layer (zone-based classification)","confidence_note":"Research-prototype classification derived from the public FEMA flood zone code for this location. It is a zone-based proxy, not a computed hydraulic or storm-surge model, and is not an official flood determination. Consult FEMA's Flood Map Service Center (msc.fema.gov) or your local floodplain administrator for official information.","building_height_m":5,"osm_way_id":1066812635},"geometry":{"type":"Polygon","coordinates":[[[-89.9864519,29.2375615],[-89.9864,29.2374695],[-89.9865185,29.2374187],[-89.9865329,29.2374443],[-89.9865496,29.2374372],[-89.986587,29.2375035],[-89.9864519,29.2375615]]]}},{"type":"Feature","properties":{"property_id":"GI-0414","address_label":"Structure near 29.2381, -89.9861","occupancy_type":"Unclassified structure (OSM building=yes)","flood_zone_code":"VE","sfha":true,"risk_level":"High","recommended_action":"Research-tier classification: coastal high-hazard (wave action) or otherwise high flood-zone exposure. Treat as a prompt to review official FEMA flood maps and local hurricane evacuation guidance for this parish.","data_source":"OpenStreetMap building footprint + FEMA National Flood Hazard Layer (zone-based classification)","confidence_note":"Research-prototype classification derived from the public FEMA flood zone code for this location. It is a zone-based proxy, not a computed hydraulic or storm-surge model, and is not an official flood determination. Consult FEMA's Flood Map Service Center (msc.fema.gov) or your local floodplain administrator for official information.","building_height_m":5,"osm_way_id":1066812636},"geometry":{"type":"Polygon","coordinates":[[[-89.9860484,29.2381477],[-89.9860309,29.2381159],[-89.9861017,29.2380861],[-89.9861192,29.2381179],[-89.9860484,29.2381477]]]}},{"type":"Feature","properties":{"property_id":"GI-0415","address_label":"Structure near 29.2381, -89.9860","occupancy_type":"Unclassified structure (OSM building=yes)","flood_zone_code":"VE","sfha":true,"risk_level":"High","recommended_action":"Research-tier classification: coastal high-hazard (wave action) or otherwise high flood-zone exposure. Treat as a prompt to review official FEMA flood maps and local hurricane evacuation guidance for this parish.","data_source":"OpenStreetMap building footprint + FEMA National Flood Hazard Layer (zone-based classification)","confidence_note":"Research-prototype classification derived from the public FEMA flood zone code for this location. It is a zone-based proxy, not a computed hydraulic or storm-surge model, and is not an official flood determination. Consult FEMA's Flood Map Service Center (msc.fema.gov) or your local floodplain administrator for official information.","building_height_m":5,"osm_way_id":1066812637},"geometry":{"type":"Polygon","coordinates":[[[-89.98591,29.2380994],[-89.9859739,29.2380708],[-89.9859852,29.23809],[-89.9860086,29.2380796],[-89.9860258,29.238109],[-89.9860072,29.2381173],[-89.9860324,29.2381602],[-89.9859637,29.2381909],[-89.98591,29.2380994]]]}},{"type":"Feature","properties":{"property_id":"GI-0416","address_label":"Structure near 29.2382, -89.9861","occupancy_type":"Unclassified structure (OSM building=yes)","flood_zone_code":"VE","sfha":true,"risk_level":"High","recommended_action":"Research-tier classification: coastal high-hazard (wave action) or otherwise high flood-zone exposure. Treat as a prompt to review official FEMA flood maps and local hurricane evacuation guidance for this parish.","data_source":"OpenStreetMap building footprint + FEMA National Flood Hazard Layer (zone-based classification)","confidence_note":"Research-prototype classification derived from the public FEMA flood zone code for this location. It is a zone-based proxy, not a computed hydraulic or storm-surge model, and is not an official flood determination. Consult FEMA's Flood Map Service Center (msc.fema.gov) or your local floodplain administrator for official information.","building_height_m":5,"osm_way_id":1066812638},"geometry":{"type":"Polygon","coordinates":[[[-89.9860037,29.2382788],[-89.9859614,29.2382079],[-89.9861115,29.2381396],[-89.9861293,29.2381575],[-89.9861464,29.2381552],[-89.986164,29.2381847],[-89.98615,29.2381958],[-89.986155,29.23821],[-89.9860037,29.2382788]]]}},{"type":"Feature","properties":{"property_id":"GI-0417","address_label":"Structure near 29.2375, -89.9863","occupancy_type":"Unclassified structure (OSM building=yes)","flood_zone_code":"VE","sfha":true,"risk_level":"High","recommended_action":"Research-tier classification: coastal high-hazard (wave action) or otherwise high flood-zone exposure. Treat as a prompt to review official FEMA flood maps and local hurricane evacuation guidance for this parish.","data_source":"OpenStreetMap building footprint + FEMA National Flood Hazard Layer (zone-based classification)","confidence_note":"Research-prototype classification derived from the public FEMA flood zone code for this location. It is a zone-based proxy, not a computed hydraulic or storm-surge model, and is not an official flood determination. Consult FEMA's Flood Map Service Center (msc.fema.gov) or your local floodplain administrator for official information.","building_height_m":5,"osm_way_id":1066812639},"geometry":{"type":"Polygon","coordinates":[[[-89.9861844,29.2373944],[-89.98631,29.2373402],[-89.9864055,29.237509],[-89.9862799,29.2375632],[-89.9861844,29.2373944]]]}},{"type":"Feature","properties":{"property_id":"GI-0418","address_label":"Structure near 29.2376, -89.9860","occupancy_type":"Unclassified structure (OSM building=yes)","flood_zone_code":"VE","sfha":true,"risk_level":"High","recommended_action":"Research-tier classification: coastal high-hazard (wave action) or otherwise high flood-zone exposure. Treat as a prompt to review official FEMA flood maps and local hurricane evacuation guidance for this parish.","data_source":"OpenStreetMap building footprint + FEMA National Flood Hazard Layer (zone-based classification)","confidence_note":"Research-prototype classification derived from the public FEMA flood zone code for this location. It is a zone-based proxy, not a computed hydraulic or storm-surge model, and is not an official flood determination. Consult FEMA's Flood Map Service Center (msc.fema.gov) or your local floodplain administrator for official information.","building_height_m":5,"osm_way_id":1066812640},"geometry":{"type":"Polygon","coordinates":[[[-89.98598,29.2375837],[-89.9859665,29.2375872],[-89.9859524,29.2375646],[-89.9859611,29.237557],[-89.9859135,29.2374802],[-89.985978,29.2374498],[-89.9860683,29.2375955],[-89.9860057,29.2376251],[-89.98598,29.2375837]]]}},{"type":"Feature","properties":{"property_id":"GI-0419","address_label":"Structure near 29.2379, -89.9861","occupancy_type":"Unclassified structure (OSM building=yes)","flood_zone_code":"VE","sfha":true,"risk_level":"High","recommended_action":"Research-tier classification: coastal high-hazard (wave action) or otherwise high flood-zone exposure. Treat as a prompt to review official FEMA flood maps and local hurricane evacuation guidance for this parish.","data_source":"OpenStreetMap building footprint + FEMA National Flood Hazard Layer (zone-based classification)","confidence_note":"Research-prototype classification derived from the public FEMA flood zone code for this location. It is a zone-based proxy, not a computed hydraulic or storm-surge model, and is not an official flood determination. Consult FEMA's Flood Map Service Center (msc.fema.gov) or your local floodplain administrator for official information.","building_height_m":5,"osm_way_id":1066812641},"geometry":{"type":"Polygon","coordinates":[[[-89.986011,29.2378971],[-89.9861622,29.2378347],[-89.9862018,29.2379079],[-89.9860506,29.2379703],[-89.986011,29.2378971]]]}},{"type":"Feature","properties":{"property_id":"GI-0420","address_label":"Structure near 29.2377, -89.9859","occupancy_type":"Unclassified structure (OSM building=yes)","flood_zone_code":"VE","sfha":true,"risk_level":"High","recommended_action":"Research-tier classification: coastal high-hazard (wave action) or otherwise high flood-zone exposure. Treat as a prompt to review official FEMA flood maps and local hurricane evacuation guidance for this parish.","data_source":"OpenStreetMap building footprint + FEMA National Flood Hazard Layer (zone-based classification)","confidence_note":"Research-prototype classification derived from the public FEMA flood zone code for this location. It is a zone-based proxy, not a computed hydraulic or storm-surge model, and is not an official flood determination. Consult FEMA's Flood Map Service Center (msc.fema.gov) or your local floodplain administrator for official information.","building_height_m":5,"osm_way_id":1066812642},"geometry":{"type":"Polygon","coordinates":[[[-89.9859095,29.2377705],[-89.9859002,29.2377745],[-89.9858182,29.2376314],[-89.9858995,29.2375959],[-89.9859815,29.237739],[-89.9859735,29.2377425],[-89.9859846,29.2377619],[-89.9859206,29.2377899],[-89.9859095,29.2377705]]]}},{"type":"Feature","properties":{"property_id":"GI-0421","address_label":"Structure near 29.2378, -89.9858","occupancy_type":"Unclassified structure (OSM building=yes)","flood_zone_code":"VE","sfha":true,"risk_level":"High","recommended_action":"Research-tier classification: coastal high-hazard (wave action) or otherwise high flood-zone exposure. Treat as a prompt to review official FEMA flood maps and local hurricane evacuation guidance for this parish.","data_source":"OpenStreetMap building footprint + FEMA National Flood Hazard Layer (zone-based classification)","confidence_note":"Research-prototype classification derived from the public FEMA flood zone code for this location. It is a zone-based proxy, not a computed hydraulic or storm-surge model, and is not an official flood determination. Consult FEMA's Flood Map Service Center (msc.fema.gov) or your local floodplain administrator for official information.","building_height_m":5,"osm_way_id":1066812643},"geometry":{"type":"Polygon","coordinates":[[[-89.9856524,29.2377118],[-89.9857257,29.2376806],[-89.9858107,29.2378327],[-89.9857748,29.2378479],[-89.9857889,29.2378731],[-89.9857514,29.2378891],[-89.9856524,29.2377118]]]}},{"type":"Feature","properties":{"property_id":"GI-0422","address_label":"Structure near 29.2372, -89.9857","occupancy_type":"Unclassified structure (OSM building=yes)","flood_zone_code":"VE","sfha":true,"risk_level":"High","recommended_action":"Research-tier classification: coastal high-hazard (wave action) or otherwise high flood-zone exposure. Treat as a prompt to review official FEMA flood maps and local hurricane evacuation guidance for this parish.","data_source":"OpenStreetMap building footprint + FEMA National Flood Hazard Layer (zone-based classification)","confidence_note":"Research-prototype classification derived from the public FEMA flood zone code for this location. It is a zone-based proxy, not a computed hydraulic or storm-surge model, and is not an official flood determination. Consult FEMA's Flood Map Service Center (msc.fema.gov) or your local floodplain administrator for official information.","building_height_m":5,"osm_way_id":1066812644},"geometry":{"type":"Polygon","coordinates":[[[-89.9855583,29.2372517],[-89.9855643,29.2372475],[-89.9855572,29.2372353],[-89.9856826,29.23718],[-89.9856772,29.2371706],[-89.98572,29.2371518],[-89.9857187,29.2371429],[-89.9857352,29.2371356],[-89.9857445,29.2371517],[-89.985787,29.2371329],[-89.9858453,29.2372336],[-89.9856084,29.237338],[-89.9855583,29.2372517]]]}},{"type":"Feature","properties":{"property_id":"GI-0423","address_label":"Structure near 29.2374, -89.9853","occupancy_type":"Unclassified structure (OSM building=yes)","flood_zone_code":"VE","sfha":true,"risk_level":"High","recommended_action":"Research-tier classification: coastal high-hazard (wave action) or otherwise high flood-zone exposure. Treat as a prompt to review official FEMA flood maps and local hurricane evacuation guidance for this parish.","data_source":"OpenStreetMap building footprint + FEMA National Flood Hazard Layer (zone-based classification)","confidence_note":"Research-prototype classification derived from the public FEMA flood zone code for this location. It is a zone-based proxy, not a computed hydraulic or storm-surge model, and is not an official flood determination. Consult FEMA's Flood Map Service Center (msc.fema.gov) or your local floodplain administrator for official information.","building_height_m":5,"osm_way_id":1066812645},"geometry":{"type":"Polygon","coordinates":[[[-89.9852158,29.2374051],[-89.9853452,29.2373486],[-89.9854122,29.2374656],[-89.9852828,29.2375221],[-89.9852158,29.2374051]]]}},{"type":"Feature","properties":{"property_id":"GI-0424","address_label":"Structure near 29.2375, -89.9851","occupancy_type":"Unclassified structure (OSM building=yes)","flood_zone_code":"VE","sfha":true,"risk_level":"High","recommended_action":"Research-tier classification: coastal high-hazard (wave action) or otherwise high flood-zone exposure. Treat as a prompt to review official FEMA flood maps and local hurricane evacuation guidance for this parish.","data_source":"OpenStreetMap building footprint + FEMA National Flood Hazard Layer (zone-based classification)","confidence_note":"Research-prototype classification derived from the public FEMA flood zone code for this location. It is a zone-based proxy, not a computed hydraulic or storm-surge model, and is not an official flood determination. Consult FEMA's Flood Map Service Center (msc.fema.gov) or your local floodplain administrator for official information.","building_height_m":5,"osm_way_id":1066812646},"geometry":{"type":"Polygon","coordinates":[[[-89.9850202,29.2375391],[-89.9849962,29.2375524],[-89.9849789,29.2375285],[-89.9849984,29.2375177],[-89.984993,29.2375131],[-89.985129,29.2374381],[-89.9852165,29.2375589],[-89.9850865,29.2376306],[-89.9850202,29.2375391]]]}},{"type":"Feature","properties":{"property_id":"GI-0425","address_label":"Structure near 29.2383, -89.9857","occupancy_type":"Unclassified structure (OSM building=yes)","flood_zone_code":"VE","sfha":true,"risk_level":"High","recommended_action":"Research-tier classification: coastal high-hazard (wave action) or otherwise high flood-zone exposure. Treat as a prompt to review official FEMA flood maps and local hurricane evacuation guidance for this parish.","data_source":"OpenStreetMap building footprint + FEMA National Flood Hazard Layer (zone-based classification)","confidence_note":"Research-prototype classification derived from the public FEMA flood zone code for this location. It is a zone-based proxy, not a computed hydraulic or storm-surge model, and is not an official flood determination. Consult FEMA's Flood Map Service Center (msc.fema.gov) or your local floodplain administrator for official information.","building_height_m":5,"osm_way_id":1066812647},"geometry":{"type":"Polygon","coordinates":[[[-89.98565,29.2383088],[-89.9856322,29.2382764],[-89.9856583,29.2382655],[-89.9856403,29.2382327],[-89.9857125,29.2382025],[-89.9857483,29.2382677],[-89.98565,29.2383088]]]}},{"type":"Feature","properties":{"property_id":"GI-0426","address_label":"Structure near 29.2382, -89.9855","occupancy_type":"Unclassified structure (OSM building=yes)","flood_zone_code":"VE","sfha":true,"risk_level":"High","recommended_action":"Research-tier classification: coastal high-hazard (wave action) or otherwise high flood-zone exposure. Treat as a prompt to review official FEMA flood maps and local hurricane evacuation guidance for this parish.","data_source":"OpenStreetMap building footprint + FEMA National Flood Hazard Layer (zone-based classification)","confidence_note":"Research-prototype classification derived from the public FEMA flood zone code for this location. It is a zone-based proxy, not a computed hydraulic or storm-surge model, and is not an official flood determination. Consult FEMA's Flood Map Service Center (msc.fema.gov) or your local floodplain administrator for official information.","building_height_m":5,"osm_way_id":1066812648},"geometry":{"type":"Polygon","coordinates":[[[-89.9854224,29.2382565],[-89.9853743,29.2381736],[-89.9855724,29.238086],[-89.9856206,29.238169],[-89.9854224,29.2382565]]]}},{"type":"Feature","properties":{"property_id":"GI-0427","address_label":"Structure near 29.2383, -89.9855","occupancy_type":"Unclassified structure (OSM building=yes)","flood_zone_code":"VE","sfha":true,"risk_level":"High","recommended_action":"Research-tier classification: coastal high-hazard (wave action) or otherwise high flood-zone exposure. Treat as a prompt to review official FEMA flood maps and local hurricane evacuation guidance for this parish.","data_source":"OpenStreetMap building footprint + FEMA National Flood Hazard Layer (zone-based classification)","confidence_note":"Research-prototype classification derived from the public FEMA flood zone code for this location. It is a zone-based proxy, not a computed hydraulic or storm-surge model, and is not an official flood determination. Consult FEMA's Flood Map Service Center (msc.fema.gov) or your local floodplain administrator for official information.","building_height_m":5,"osm_way_id":1066812649},"geometry":{"type":"Polygon","coordinates":[[[-89.9854812,29.2383952],[-89.9854409,29.2383269],[-89.9855782,29.2382652],[-89.9856186,29.2383335],[-89.9854812,29.2383952]]]}},{"type":"Feature","properties":{"property_id":"GI-0428","address_label":"Structure near 29.2381, -89.9841","occupancy_type":"Unclassified structure (OSM building=yes)","flood_zone_code":"VE","sfha":true,"risk_level":"High","recommended_action":"Research-tier classification: coastal high-hazard (wave action) or otherwise high flood-zone exposure. Treat as a prompt to review official FEMA flood maps and local hurricane evacuation guidance for this parish.","data_source":"OpenStreetMap building footprint + FEMA National Flood Hazard Layer (zone-based classification)","confidence_note":"Research-prototype classification derived from the public FEMA flood zone code for this location. It is a zone-based proxy, not a computed hydraulic or storm-surge model, and is not an official flood determination. Consult FEMA's Flood Map Service Center (msc.fema.gov) or your local floodplain administrator for official information.","building_height_m":5,"osm_way_id":1066812650},"geometry":{"type":"Polygon","coordinates":[[[-89.9840413,29.2381452],[-89.9840205,29.2381484],[-89.9839672,29.2380601],[-89.9840941,29.2380018],[-89.9841449,29.2380859],[-89.984099,29.2381071],[-89.984107,29.2381204],[-89.9841029,29.2381223],[-89.9841107,29.2381353],[-89.9840517,29.2381624],[-89.9840413,29.2381452]]]}},{"type":"Feature","properties":{"property_id":"GI-0429","address_label":"Structure near 29.2380, -89.9843","occupancy_type":"Unclassified structure (OSM building=yes)","flood_zone_code":"VE","sfha":true,"risk_level":"High","recommended_action":"Research-tier classification: coastal high-hazard (wave action) or otherwise high flood-zone exposure. Treat as a prompt to review official FEMA flood maps and local hurricane evacuation guidance for this parish.","data_source":"OpenStreetMap building footprint + FEMA National Flood Hazard Layer (zone-based classification)","confidence_note":"Research-prototype classification derived from the public FEMA flood zone code for this location. It is a zone-based proxy, not a computed hydraulic or storm-surge model, and is not an official flood determination. Consult FEMA's Flood Map Service Center (msc.fema.gov) or your local floodplain administrator for official information.","building_height_m":5,"osm_way_id":1066812651},"geometry":{"type":"Polygon","coordinates":[[[-89.9843683,29.2380369],[-89.9843527,29.2380096],[-89.9842736,29.2380441],[-89.9842337,29.2379745],[-89.9843629,29.2379181],[-89.9844184,29.238015],[-89.9843683,29.2380369]]]}},{"type":"Feature","properties":{"property_id":"GI-0430","address_label":"Structure near 29.2379, -89.9845","occupancy_type":"Unclassified structure (OSM building=yes)","flood_zone_code":"VE","sfha":true,"risk_level":"High","recommended_action":"Research-tier classification: coastal high-hazard (wave action) or otherwise high flood-zone exposure. Treat as a prompt to review official FEMA flood maps and local hurricane evacuation guidance for this parish.","data_source":"OpenStreetMap building footprint + FEMA National Flood Hazard Layer (zone-based classification)","confidence_note":"Research-prototype classification derived from the public FEMA flood zone code for this location. It is a zone-based proxy, not a computed hydraulic or storm-surge model, and is not an official flood determination. Consult FEMA's Flood Map Service Center (msc.fema.gov) or your local floodplain administrator for official information.","building_height_m":5,"osm_way_id":1066812652},"geometry":{"type":"Polygon","coordinates":[[[-89.9844854,29.2379582],[-89.9844768,29.2379437],[-89.9844513,29.2379552],[-89.9844725,29.2379911],[-89.9844298,29.2380104],[-89.9843772,29.2379216],[-89.9844064,29.2379084],[-89.9843861,29.2378741],[-89.9844522,29.2378442],[-89.9844738,29.2378805],[-89.9845237,29.237858],[-89.9845625,29.2379234],[-89.9844854,29.2379582]]]}},{"type":"Feature","properties":{"property_id":"GI-0431","address_label":"Structure near 29.2378, -89.9846","occupancy_type":"Unclassified structure (OSM building=yes)","flood_zone_code":"VE","sfha":true,"risk_level":"High","recommended_action":"Research-tier classification: coastal high-hazard (wave action) or otherwise high flood-zone exposure. Treat as a prompt to review official FEMA flood maps and local hurricane evacuation guidance for this parish.","data_source":"OpenStreetMap building footprint + FEMA National Flood Hazard Layer (zone-based classification)","confidence_note":"Research-prototype classification derived from the public FEMA flood zone code for this location. It is a zone-based proxy, not a computed hydraulic or storm-surge model, and is not an official flood determination. Consult FEMA's Flood Map Service Center (msc.fema.gov) or your local floodplain administrator for official information.","building_height_m":5,"osm_way_id":1066812653},"geometry":{"type":"Polygon","coordinates":[[[-89.9845903,29.237912],[-89.9845473,29.2378374],[-89.9845635,29.2378303],[-89.9845417,29.2377925],[-89.9845687,29.2377806],[-89.9845773,29.2377902],[-89.9846391,29.2377631],[-89.9846977,29.2378649],[-89.9845903,29.237912]]]}},{"type":"Feature","properties":{"property_id":"GI-0432","address_label":"Structure near 29.2431, -89.9765","occupancy_type":"Unclassified structure (OSM building=yes)","flood_zone_code":"VE","sfha":true,"risk_level":"High","recommended_action":"Research-tier classification: coastal high-hazard (wave action) or otherwise high flood-zone exposure. Treat as a prompt to review official FEMA flood maps and local hurricane evacuation guidance for this parish.","data_source":"OpenStreetMap building footprint + FEMA National Flood Hazard Layer (zone-based classification)","confidence_note":"Research-prototype classification derived from the public FEMA flood zone code for this location. It is a zone-based proxy, not a computed hydraulic or storm-surge model, and is not an official flood determination. Consult FEMA's Flood Map Service Center (msc.fema.gov) or your local floodplain administrator for official information.","building_height_m":5,"osm_way_id":1066812716},"geometry":{"type":"Polygon","coordinates":[[[-89.9764732,29.2431161],[-89.976475,29.2430649],[-89.9765322,29.2430665],[-89.9765303,29.2431177],[-89.9764732,29.2431161]]]}},{"type":"Feature","properties":{"property_id":"GI-0433","address_label":"Structure near 29.2417, -89.9780","occupancy_type":"Unclassified structure (OSM building=yes)","flood_zone_code":"VE","sfha":true,"risk_level":"High","recommended_action":"Research-tier classification: coastal high-hazard (wave action) or otherwise high flood-zone exposure. Treat as a prompt to review official FEMA flood maps and local hurricane evacuation guidance for this parish.","data_source":"OpenStreetMap building footprint + FEMA National Flood Hazard Layer (zone-based classification)","confidence_note":"Research-prototype classification derived from the public FEMA flood zone code for this location. It is a zone-based proxy, not a computed hydraulic or storm-surge model, and is not an official flood determination. Consult FEMA's Flood Map Service Center (msc.fema.gov) or your local floodplain administrator for official information.","building_height_m":5,"osm_way_id":1319751451},"geometry":{"type":"Polygon","coordinates":[[[-89.9781251,29.2417289],[-89.9779839,29.241784],[-89.9778903,29.2416014],[-89.9780315,29.2415463],[-89.9781251,29.2417289]]]}},{"type":"Feature","properties":{"property_id":"GI-0434","address_label":"Structure near 29.2421, -89.9784","occupancy_type":"Unclassified structure (OSM building=yes)","flood_zone_code":"VE","sfha":true,"risk_level":"High","recommended_action":"Research-tier classification: coastal high-hazard (wave action) or otherwise high flood-zone exposure. Treat as a prompt to review official FEMA flood maps and local hurricane evacuation guidance for this parish.","data_source":"OpenStreetMap building footprint + FEMA National Flood Hazard Layer (zone-based classification)","confidence_note":"Research-prototype classification derived from the public FEMA flood zone code for this location. It is a zone-based proxy, not a computed hydraulic or storm-surge model, and is not an official flood determination. Consult FEMA's Flood Map Service Center (msc.fema.gov) or your local floodplain administrator for official information.","building_height_m":5,"osm_way_id":1319751452},"geometry":{"type":"Polygon","coordinates":[[[-89.9784708,29.2420948],[-89.9783098,29.2421826],[-89.9782347,29.2420777],[-89.9783957,29.2419899],[-89.9784708,29.2420948]]]}},{"type":"Feature","properties":{"property_id":"GI-0435","address_label":"Structure near 29.2427, -89.9782","occupancy_type":"Unclassified structure (OSM building=yes)","flood_zone_code":"VE","sfha":true,"risk_level":"High","recommended_action":"Research-tier classification: coastal high-hazard (wave action) or otherwise high flood-zone exposure. Treat as a prompt to review official FEMA flood maps and local hurricane evacuation guidance for this parish.","data_source":"OpenStreetMap building footprint + FEMA National Flood Hazard Layer (zone-based classification)","confidence_note":"Research-prototype classification derived from the public FEMA flood zone code for this location. It is a zone-based proxy, not a computed hydraulic or storm-surge model, and is not an official flood determination. Consult FEMA's Flood Map Service Center (msc.fema.gov) or your local floodplain administrator for official information.","building_height_m":5,"osm_way_id":1319751453},"geometry":{"type":"Polygon","coordinates":[[[-89.9782325,29.2426939],[-89.9781425,29.2427338],[-89.9780709,29.2426109],[-89.9781608,29.2425709],[-89.9782325,29.2426939]]]}},{"type":"Feature","properties":{"property_id":"PF-0001","address_label":"Structure near 29.1241, -90.2008","occupancy_type":"Industrial","flood_zone_code":"Unmapped","sfha":null,"risk_level":"Unknown","recommended_action":"FEMA NFHL coverage was unavailable or undetermined for this location. No risk tier is assigned; consult official FEMA and local floodplain-management sources before making decisions.","data_source":"OpenStreetMap building footprint + FEMA National Flood Hazard Layer (zone-based classification)","confidence_note":"No FEMA NFHL flood zone polygon was found intersecting this footprint in the queried data. This reflects a known coverage gap in the digitized flood hazard layer for this location (common in leveed/industrial coastal areas), not a confirmed low-risk determination.","building_height_m":5,"osm_way_id":311563731},"geometry":{"type":"Polygon","coordinates":[[[-90.2023027,29.1230649],[-90.202228,29.1240309],[-90.2018569,29.124009],[-90.2017986,29.1247632],[-90.201418,29.1247408],[-90.2014761,29.12399],[-90.1993448,29.1238643],[-90.1992858,29.1246279],[-90.1988629,29.1246029],[-90.1989968,29.1228699],[-90.2023027,29.1230649]]]}},{"type":"Feature","properties":{"property_id":"PF-0002","address_label":"Structure near 29.1146, -90.2030","occupancy_type":"Unclassified structure (OSM building=yes)","flood_zone_code":"Unmapped","sfha":null,"risk_level":"Unknown","recommended_action":"FEMA NFHL coverage was unavailable or undetermined for this location. No risk tier is assigned; consult official FEMA and local floodplain-management sources before making decisions.","data_source":"OpenStreetMap building footprint + FEMA National Flood Hazard Layer (zone-based classification)","confidence_note":"No FEMA NFHL flood zone polygon was found intersecting this footprint in the queried data. This reflects a known coverage gap in the digitized flood hazard layer for this location (common in leveed/industrial coastal areas), not a confirmed low-risk determination.","building_height_m":5,"osm_way_id":311563732},"geometry":{"type":"Polygon","coordinates":[[[-90.203077,29.1147415],[-90.2028469,29.1147455],[-90.2028407,29.1144684],[-90.2030708,29.1144645],[-90.203077,29.1147415]]]}},{"type":"Feature","properties":{"property_id":"PF-0003","address_label":"Structure near 29.1151, -90.2040","occupancy_type":"Unclassified structure (OSM building=yes)","flood_zone_code":"Unmapped","sfha":null,"risk_level":"Unknown","recommended_action":"FEMA NFHL coverage was unavailable or undetermined for this location. No risk tier is assigned; consult official FEMA and local floodplain-management sources before making decisions.","data_source":"OpenStreetMap building footprint + FEMA National Flood Hazard Layer (zone-based classification)","confidence_note":"No FEMA NFHL flood zone polygon was found intersecting this footprint in the queried data. This reflects a known coverage gap in the digitized flood hazard layer for this location (common in leveed/industrial coastal areas), not a confirmed low-risk determination.","building_height_m":5,"osm_way_id":311563733},"geometry":{"type":"Polygon","coordinates":[[[-90.2044079,29.1151777],[-90.2036259,29.1152369],[-90.2036056,29.1150321],[-90.2043876,29.1149729],[-90.2044079,29.1151777]]]}},{"type":"Feature","properties":{"property_id":"PF-0004","address_label":"Structure near 29.1240, -90.2031","occupancy_type":"Unclassified structure (OSM building=yes)","flood_zone_code":"Unmapped","sfha":null,"risk_level":"Unknown","recommended_action":"FEMA NFHL coverage was unavailable or undetermined for this location. No risk tier is assigned; consult official FEMA and local floodplain-management sources before making decisions.","data_source":"OpenStreetMap building footprint + FEMA National Flood Hazard Layer (zone-based classification)","confidence_note":"No FEMA NFHL flood zone polygon was found intersecting this footprint in the queried data. This reflects a known coverage gap in the digitized flood hazard layer for this location (common in leveed/industrial coastal areas), not a confirmed low-risk determination.","building_height_m":5,"osm_way_id":311563734},"geometry":{"type":"Polygon","coordinates":[[[-90.2032254,29.1240766],[-90.2029517,29.1240635],[-90.2029574,29.1239726],[-90.2032311,29.1239857],[-90.2032254,29.1240766]]]}},{"type":"Feature","properties":{"property_id":"PF-0005","address_label":"Structure near 29.1236, -90.2035","occupancy_type":"Unclassified structure (OSM building=yes)","flood_zone_code":"Unmapped","sfha":null,"risk_level":"Unknown","recommended_action":"FEMA NFHL coverage was unavailable or undetermined for this location. No risk tier is assigned; consult official FEMA and local floodplain-management sources before making decisions.","data_source":"OpenStreetMap building footprint + FEMA National Flood Hazard Layer (zone-based classification)","confidence_note":"No FEMA NFHL flood zone polygon was found intersecting this footprint in the queried data. This reflects a known coverage gap in the digitized flood hazard layer for this location (common in leveed/industrial coastal areas), not a confirmed low-risk determination.","building_height_m":5,"osm_way_id":311563736},"geometry":{"type":"Polygon","coordinates":[[[-90.2035511,29.1238468],[-90.2033246,29.1238338],[-90.2033674,29.1232657],[-90.2035939,29.1232787],[-90.2035511,29.1238468]]]}},{"type":"Feature","properties":{"property_id":"PF-0006","address_label":"Structure near 29.1316, -90.2173","occupancy_type":"Industrial","flood_zone_code":"Unmapped","sfha":null,"risk_level":"Unknown","recommended_action":"FEMA NFHL coverage was unavailable or undetermined for this location. No risk tier is assigned; consult official FEMA and local floodplain-management sources before making decisions.","data_source":"OpenStreetMap building footprint + FEMA National Flood Hazard Layer (zone-based classification)","confidence_note":"No FEMA NFHL flood zone polygon was found intersecting this footprint in the queried data. This reflects a known coverage gap in the digitized flood hazard layer for this location (common in leveed/industrial coastal areas), not a confirmed low-risk determination.","building_height_m":5,"osm_way_id":322542147},"geometry":{"type":"Polygon","coordinates":[[[-90.2182607,29.1328387],[-90.217127,29.1330764],[-90.2163867,29.1303868],[-90.2174732,29.1301851],[-90.2182607,29.1328387]]]}},{"type":"Feature","properties":{"property_id":"PF-0007","address_label":"182 Norman Doucet Drive","occupancy_type":"Industrial","flood_zone_code":"Unmapped","sfha":null,"risk_level":"Unknown","recommended_action":"FEMA NFHL coverage was unavailable or undetermined for this location. No risk tier is assigned; consult official FEMA and local floodplain-management sources before making decisions.","data_source":"OpenStreetMap building footprint + FEMA National Flood Hazard Layer (zone-based classification)","confidence_note":"No FEMA NFHL flood zone polygon was found intersecting this footprint in the queried data. This reflects a known coverage gap in the digitized flood hazard layer for this location (common in leveed/industrial coastal areas), not a confirmed low-risk determination.","building_height_m":5,"osm_way_id":322542154},"geometry":{"type":"Polygon","coordinates":[[[-90.2128637,29.1236394],[-90.2130911,29.1234801],[-90.2129994,29.1233802],[-90.212772,29.1235395],[-90.2128637,29.1236394]]]}},{"type":"Feature","properties":{"property_id":"PF-0008","address_label":"Structure near 29.1232, -90.2127","occupancy_type":"Industrial","flood_zone_code":"Unmapped","sfha":null,"risk_level":"Unknown","recommended_action":"FEMA NFHL coverage was unavailable or undetermined for this location. No risk tier is assigned; consult official FEMA and local floodplain-management sources before making decisions.","data_source":"OpenStreetMap building footprint + FEMA National Flood Hazard Layer (zone-based classification)","confidence_note":"No FEMA NFHL flood zone polygon was found intersecting this footprint in the queried data. This reflects a known coverage gap in the digitized flood hazard layer for this location (common in leveed/industrial coastal areas), not a confirmed low-risk determination.","building_height_m":5,"osm_way_id":322543093},"geometry":{"type":"Polygon","coordinates":[[[-90.2128008,29.1232555],[-90.2126468,29.1230342],[-90.212526,29.1230983],[-90.21268,29.1233196],[-90.2128008,29.1232555]]]}},{"type":"Feature","properties":{"property_id":"PF-0009","address_label":"Structure near 29.1560, -90.1759","occupancy_type":"Unclassified structure (OSM building=yes)","flood_zone_code":"Unmapped","sfha":null,"risk_level":"Unknown","recommended_action":"FEMA NFHL coverage was unavailable or undetermined for this location. No risk tier is assigned; consult official FEMA and local floodplain-management sources before making decisions.","data_source":"OpenStreetMap building footprint + FEMA National Flood Hazard Layer (zone-based classification)","confidence_note":"No FEMA NFHL flood zone polygon was found intersecting this footprint in the queried data. This reflects a known coverage gap in the digitized flood hazard layer for this location (common in leveed/industrial coastal areas), not a confirmed low-risk determination.","building_height_m":5,"osm_way_id":325907994},"geometry":{"type":"Polygon","coordinates":[[[-90.1760735,29.1559656],[-90.1760375,29.1559139],[-90.17598,29.1558803],[-90.1759117,29.1558709],[-90.1758451,29.1558875],[-90.1757927,29.1559271],[-90.1757643,29.1559822],[-90.1757628,29.1560329],[-90.1757822,29.1560808],[-90.1758198,29.1561196],[-90.1758708,29.1561441],[-90.1759284,29.1561511],[-90.1759862,29.1561394],[-90.1760352,29.1561101],[-90.1760686,29.1560673],[-90.176082,29.1560168],[-90.1760735,29.1559656]]]}},{"type":"Feature","properties":{"property_id":"PF-0010","address_label":"Structure near 29.1560, -90.1754","occupancy_type":"Unclassified structure (OSM building=yes)","flood_zone_code":"Unmapped","sfha":null,"risk_level":"Unknown","recommended_action":"FEMA NFHL coverage was unavailable or undetermined for this location. No risk tier is assigned; consult official FEMA and local floodplain-management sources before making decisions.","data_source":"OpenStreetMap building footprint + FEMA National Flood Hazard Layer (zone-based classification)","confidence_note":"No FEMA NFHL flood zone polygon was found intersecting this footprint in the queried data. This reflects a known coverage gap in the digitized flood hazard layer for this location (common in leveed/industrial coastal areas), not a confirmed low-risk determination.","building_height_m":5,"osm_way_id":325907995},"geometry":{"type":"Polygon","coordinates":[[[-90.1756071,29.1559716],[-90.1755777,29.1559226],[-90.1755287,29.1558874],[-90.175468,29.1558716],[-90.1754051,29.1558777],[-90.1753498,29.1559047],[-90.1753108,29.1559483],[-90.1752944,29.1560018],[-90.1753002,29.156049],[-90.1753239,29.1560917],[-90.1753626,29.156125],[-90.1754118,29.1561451],[-90.1754789,29.1561482],[-90.1755415,29.156127],[-90.1755886,29.1560852],[-90.1756118,29.1560301],[-90.1756071,29.1559716]]]}},{"type":"Feature","properties":{"property_id":"PF-0011","address_label":"Structure near 29.1567, -90.1845","occupancy_type":"Unclassified structure (OSM building=yes)","flood_zone_code":"Unmapped","sfha":null,"risk_level":"Unknown","recommended_action":"FEMA NFHL coverage was unavailable or undetermined for this location. No risk tier is assigned; consult official FEMA and local floodplain-management sources before making decisions.","data_source":"OpenStreetMap building footprint + FEMA National Flood Hazard Layer (zone-based classification)","confidence_note":"No FEMA NFHL flood zone polygon was found intersecting this footprint in the queried data. This reflects a known coverage gap in the digitized flood hazard layer for this location (common in leveed/industrial coastal areas), not a confirmed low-risk determination.","building_height_m":5,"osm_way_id":325907997},"geometry":{"type":"Polygon","coordinates":[[[-90.1845997,29.1567926],[-90.1843402,29.156794],[-90.1843395,29.1566913],[-90.184599,29.1566899],[-90.1845997,29.1567926]]]}},{"type":"Feature","properties":{"property_id":"PF-0012","address_label":"Structure near 29.1577, -90.1792","occupancy_type":"Unclassified structure (OSM building=yes)","flood_zone_code":"Unmapped","sfha":null,"risk_level":"Unknown","recommended_action":"FEMA NFHL coverage was unavailable or undetermined for this location. No risk tier is assigned; consult official FEMA and local floodplain-management sources before making decisions.","data_source":"OpenStreetMap building footprint + FEMA National Flood Hazard Layer (zone-based classification)","confidence_note":"No FEMA NFHL flood zone polygon was found intersecting this footprint in the queried data. This reflects a known coverage gap in the digitized flood hazard layer for this location (common in leveed/industrial coastal areas), not a confirmed low-risk determination.","building_height_m":5,"osm_way_id":325907998},"geometry":{"type":"Polygon","coordinates":[[[-90.1793192,29.1576061],[-90.179225,29.1578761],[-90.1789823,29.1578115],[-90.1790765,29.1575415],[-90.1793192,29.1576061]]]}},{"type":"Feature","properties":{"property_id":"PF-0013","address_label":"Structure near 29.1566, -90.1829","occupancy_type":"Unclassified structure (OSM building=yes)","flood_zone_code":"Unmapped","sfha":null,"risk_level":"Unknown","recommended_action":"FEMA NFHL coverage was unavailable or undetermined for this location. No risk tier is assigned; consult official FEMA and local floodplain-management sources before making decisions.","data_source":"OpenStreetMap building footprint + FEMA National Flood Hazard Layer (zone-based classification)","confidence_note":"No FEMA NFHL flood zone polygon was found intersecting this footprint in the queried data. This reflects a known coverage gap in the digitized flood hazard layer for this location (common in leveed/industrial coastal areas), not a confirmed low-risk determination.","building_height_m":5,"osm_way_id":325907999},"geometry":{"type":"Polygon","coordinates":[[[-90.1829689,29.1566582],[-90.1828697,29.1566587],[-90.1828687,29.156511],[-90.1829678,29.1565104],[-90.1829689,29.1566582]]]}},{"type":"Feature","properties":{"property_id":"PF-0014","address_label":"Structure near 29.1571, -90.1833","occupancy_type":"Unclassified structure (OSM building=yes)","flood_zone_code":"Unmapped","sfha":null,"risk_level":"Unknown","recommended_action":"FEMA NFHL coverage was unavailable or undetermined for this location. No risk tier is assigned; consult official FEMA and local floodplain-management sources before making decisions.","data_source":"OpenStreetMap building footprint + FEMA National Flood Hazard Layer (zone-based classification)","confidence_note":"No FEMA NFHL flood zone polygon was found intersecting this footprint in the queried data. This reflects a known coverage gap in the digitized flood hazard layer for this location (common in leveed/industrial coastal areas), not a confirmed low-risk determination.","building_height_m":5,"osm_way_id":325908000},"geometry":{"type":"Polygon","coordinates":[[[-90.1833589,29.1571574],[-90.1832597,29.1571579],[-90.1832587,29.1570216],[-90.183358,29.157021],[-90.1833589,29.1571574]]]}},{"type":"Feature","properties":{"property_id":"PF-0015","address_label":"Structure near 29.1566, -90.1841","occupancy_type":"Unclassified structure (OSM building=yes)","flood_zone_code":"Unmapped","sfha":null,"risk_level":"Unknown","recommended_action":"FEMA NFHL coverage was unavailable or undetermined for this location. No risk tier is assigned; consult official FEMA and local floodplain-management sources before making decisions.","data_source":"OpenStreetMap building footprint + FEMA National Flood Hazard Layer (zone-based classification)","confidence_note":"No FEMA NFHL flood zone polygon was found intersecting this footprint in the queried data. This reflects a known coverage gap in the digitized flood hazard layer for this location (common in leveed/industrial coastal areas), not a confirmed low-risk determination.","building_height_m":5,"osm_way_id":325908001},"geometry":{"type":"Polygon","coordinates":[[[-90.184111,29.1566934],[-90.1839999,29.156694],[-90.1839987,29.1565227],[-90.1841098,29.1565221],[-90.184111,29.1566934]]]}},{"type":"Feature","properties":{"property_id":"PF-0016","address_label":"Structure near 29.1579, -90.1794","occupancy_type":"Unclassified structure (OSM building=yes)","flood_zone_code":"Unmapped","sfha":null,"risk_level":"Unknown","recommended_action":"FEMA NFHL coverage was unavailable or undetermined for this location. No risk tier is assigned; consult official FEMA and local floodplain-management sources before making decisions.","data_source":"OpenStreetMap building footprint + FEMA National Flood Hazard Layer (zone-based classification)","confidence_note":"No FEMA NFHL flood zone polygon was found intersecting this footprint in the queried data. This reflects a known coverage gap in the digitized flood hazard layer for this location (common in leveed/industrial coastal areas), not a confirmed low-risk determination.","building_height_m":5,"osm_way_id":325908002},"geometry":{"type":"Polygon","coordinates":[[[-90.1794076,29.1580066],[-90.1792145,29.157917],[-90.1792926,29.1577887],[-90.1794857,29.1578783],[-90.1794076,29.1580066]]]}},{"type":"Feature","properties":{"property_id":"PF-0017","address_label":"Structure near 29.1564, -90.1842","occupancy_type":"Unclassified structure (OSM building=yes)","flood_zone_code":"Unmapped","sfha":null,"risk_level":"Unknown","recommended_action":"FEMA NFHL coverage was unavailable or undetermined for this location. No risk tier is assigned; consult official FEMA and local floodplain-management sources before making decisions.","data_source":"OpenStreetMap building footprint + FEMA National Flood Hazard Layer (zone-based classification)","confidence_note":"No FEMA NFHL flood zone polygon was found intersecting this footprint in the queried data. This reflects a known coverage gap in the digitized flood hazard layer for this location (common in leveed/industrial coastal areas), not a confirmed low-risk determination.","building_height_m":5,"osm_way_id":325908003},"geometry":{"type":"Polygon","coordinates":[[[-90.184265,29.1564309],[-90.184118,29.1564317],[-90.1841172,29.1563179],[-90.1842642,29.1563171],[-90.184265,29.1564309]]]}},{"type":"Feature","properties":{"property_id":"PF-0018","address_label":"Structure near 29.1571, -90.1828","occupancy_type":"Unclassified structure (OSM building=yes)","flood_zone_code":"Unmapped","sfha":null,"risk_level":"Unknown","recommended_action":"FEMA NFHL coverage was unavailable or undetermined for this location. No risk tier is assigned; consult official FEMA and local floodplain-management sources before making decisions.","data_source":"OpenStreetMap building footprint + FEMA National Flood Hazard Layer (zone-based classification)","confidence_note":"No FEMA NFHL flood zone polygon was found intersecting this footprint in the queried data. This reflects a known coverage gap in the digitized flood hazard layer for this location (common in leveed/industrial coastal areas), not a confirmed low-risk determination.","building_height_m":5,"osm_way_id":325908004},"geometry":{"type":"Polygon","coordinates":[[[-90.1828588,29.1571717],[-90.1827588,29.1571722],[-90.1827577,29.1570246],[-90.1828578,29.1570241],[-90.1828588,29.1571717]]]}},{"type":"Feature","properties":{"property_id":"PF-0019","address_label":"Structure near 29.1566, -90.1834","occupancy_type":"Unclassified structure (OSM building=yes)","flood_zone_code":"Unmapped","sfha":null,"risk_level":"Unknown","recommended_action":"FEMA NFHL coverage was unavailable or undetermined for this location. No risk tier is assigned; consult official FEMA and local floodplain-management sources before making decisions.","data_source":"OpenStreetMap building footprint + FEMA National Flood Hazard Layer (zone-based classification)","confidence_note":"No FEMA NFHL flood zone polygon was found intersecting this footprint in the queried data. This reflects a known coverage gap in the digitized flood hazard layer for this location (common in leveed/industrial coastal areas), not a confirmed low-risk determination.","building_height_m":5,"osm_way_id":325908005},"geometry":{"type":"Polygon","coordinates":[[[-90.183477,29.1566667],[-90.1833682,29.1566673],[-90.1833671,29.1565056],[-90.1834759,29.156505],[-90.183477,29.1566667]]]}},{"type":"Feature","properties":{"property_id":"PF-0020","address_label":"Structure near 29.1573, -90.1826","occupancy_type":"Unclassified structure (OSM building=yes)","flood_zone_code":"Unmapped","sfha":null,"risk_level":"Unknown","recommended_action":"FEMA NFHL coverage was unavailable or undetermined for this location. No risk tier is assigned; consult official FEMA and local floodplain-management sources before making decisions.","data_source":"OpenStreetMap building footprint + FEMA National Flood Hazard Layer (zone-based classification)","confidence_note":"No FEMA NFHL flood zone polygon was found intersecting this footprint in the queried data. This reflects a known coverage gap in the digitized flood hazard layer for this location (common in leveed/industrial coastal areas), not a confirmed low-risk determination.","building_height_m":5,"osm_way_id":325908006},"geometry":{"type":"Polygon","coordinates":[[[-90.1826074,29.1573158],[-90.1824949,29.1573164],[-90.1824943,29.1572253],[-90.1826068,29.1572246],[-90.1826074,29.1573158]]]}},{"type":"Feature","properties":{"property_id":"PF-0021","address_label":"Structure near 29.1564, -90.1840","occupancy_type":"Unclassified structure (OSM building=yes)","flood_zone_code":"Unmapped","sfha":null,"risk_level":"Unknown","recommended_action":"FEMA NFHL coverage was unavailable or undetermined for this location. No risk tier is assigned; consult official FEMA and local floodplain-management sources before making decisions.","data_source":"OpenStreetMap building footprint + FEMA National Flood Hazard Layer (zone-based classification)","confidence_note":"No FEMA NFHL flood zone polygon was found intersecting this footprint in the queried data. This reflects a known coverage gap in the digitized flood hazard layer for this location (common in leveed/industrial coastal areas), not a confirmed low-risk determination.","building_height_m":5,"osm_way_id":325908007},"geometry":{"type":"Polygon","coordinates":[[[-90.1841013,29.1564374],[-90.1838027,29.156439],[-90.183802,29.1563328],[-90.1841005,29.1563312],[-90.1841013,29.1564374]]]}},{"type":"Feature","properties":{"property_id":"PF-0022","address_label":"Structure near 29.1566, -90.1825","occupancy_type":"Unclassified structure (OSM building=yes)","flood_zone_code":"Unmapped","sfha":null,"risk_level":"Unknown","recommended_action":"FEMA NFHL coverage was unavailable or undetermined for this location. No risk tier is assigned; consult official FEMA and local floodplain-management sources before making decisions.","data_source":"OpenStreetMap building footprint + FEMA National Flood Hazard Layer (zone-based classification)","confidence_note":"No FEMA NFHL flood zone polygon was found intersecting this footprint in the queried data. This reflects a known coverage gap in the digitized flood hazard layer for this location (common in leveed/industrial coastal areas), not a confirmed low-risk determination.","building_height_m":5,"osm_way_id":325908008},"geometry":{"type":"Polygon","coordinates":[[[-90.1825902,29.1566902],[-90.1824289,29.156691],[-90.1824277,29.1565206],[-90.182589,29.1565197],[-90.1825902,29.1566902]]]}},{"type":"Feature","properties":{"property_id":"PF-0023","address_label":"Structure near 29.1573, -90.1837","occupancy_type":"Unclassified structure (OSM building=yes)","flood_zone_code":"Unmapped","sfha":null,"risk_level":"Unknown","recommended_action":"FEMA NFHL coverage was unavailable or undetermined for this location. No risk tier is assigned; consult official FEMA and local floodplain-management sources before making decisions.","data_source":"OpenStreetMap building footprint + FEMA National Flood Hazard Layer (zone-based classification)","confidence_note":"No FEMA NFHL flood zone polygon was found intersecting this footprint in the queried data. This reflects a known coverage gap in the digitized flood hazard layer for this location (common in leveed/industrial coastal areas), not a confirmed low-risk determination.","building_height_m":5,"osm_way_id":325908009},"geometry":{"type":"Polygon","coordinates":[[[-90.1838211,29.1573188],[-90.1836232,29.1573198],[-90.1836224,29.1572102],[-90.1838203,29.1572091],[-90.1838211,29.1573188]]]}},{"type":"Feature","properties":{"property_id":"PF-0024","address_label":"Structure near 29.1571, -90.1832","occupancy_type":"Unclassified structure (OSM building=yes)","flood_zone_code":"Unmapped","sfha":null,"risk_level":"Unknown","recommended_action":"FEMA NFHL coverage was unavailable or undetermined for this location. No risk tier is assigned; consult official FEMA and local floodplain-management sources before making decisions.","data_source":"OpenStreetMap building footprint + FEMA National Flood Hazard Layer (zone-based classification)","confidence_note":"No FEMA NFHL flood zone polygon was found intersecting this footprint in the queried data. This reflects a known coverage gap in the digitized flood hazard layer for this location (common in leveed/industrial coastal areas), not a confirmed low-risk determination.","building_height_m":5,"osm_way_id":325908010},"geometry":{"type":"Polygon","coordinates":[[[-90.1832397,29.1571566],[-90.1831353,29.1571572],[-90.1831344,29.1570223],[-90.1832388,29.1570218],[-90.1832397,29.1571566]]]}},{"type":"Feature","properties":{"property_id":"PF-0025","address_label":"Structure near 29.1564, -90.1825","occupancy_type":"Unclassified structure (OSM building=yes)","flood_zone_code":"Unmapped","sfha":null,"risk_level":"Unknown","recommended_action":"FEMA NFHL coverage was unavailable or undetermined for this location. No risk tier is assigned; consult official FEMA and local floodplain-management sources before making decisions.","data_source":"OpenStreetMap building footprint + FEMA National Flood Hazard Layer (zone-based classification)","confidence_note":"No FEMA NFHL flood zone polygon was found intersecting this footprint in the queried data. This reflects a known coverage gap in the digitized flood hazard layer for this location (common in leveed/industrial coastal areas), not a confirmed low-risk determination.","building_height_m":5,"osm_way_id":325908011},"geometry":{"type":"Polygon","coordinates":[[[-90.182606,29.1564608],[-90.1824712,29.1564615],[-90.1824704,29.1563531],[-90.1826053,29.1563524],[-90.182606,29.1564608]]]}},{"type":"Feature","properties":{"property_id":"PF-0026","address_label":"Structure near 29.1566, -90.1753","occupancy_type":"Unclassified structure (OSM building=yes)","flood_zone_code":"Unmapped","sfha":null,"risk_level":"Unknown","recommended_action":"FEMA NFHL coverage was unavailable or undetermined for this location. No risk tier is assigned; consult official FEMA and local floodplain-management sources before making decisions.","data_source":"OpenStreetMap building footprint + FEMA National Flood Hazard Layer (zone-based classification)","confidence_note":"No FEMA NFHL flood zone polygon was found intersecting this footprint in the queried data. This reflects a known coverage gap in the digitized flood hazard layer for this location (common in leveed/industrial coastal areas), not a confirmed low-risk determination.","building_height_m":5,"osm_way_id":325908012},"geometry":{"type":"Polygon","coordinates":[[[-90.1753507,29.1567139],[-90.1752167,29.1567181],[-90.1752093,29.1565388],[-90.1753434,29.1565347],[-90.1753507,29.1567139]]]}},{"type":"Feature","properties":{"property_id":"PF-0027","address_label":"Structure near 29.1564, -90.1830","occupancy_type":"Unclassified structure (OSM building=yes)","flood_zone_code":"Unmapped","sfha":null,"risk_level":"Unknown","recommended_action":"FEMA NFHL coverage was unavailable or undetermined for this location. No risk tier is assigned; consult official FEMA and local floodplain-management sources before making decisions.","data_source":"OpenStreetMap building footprint + FEMA National Flood Hazard Layer (zone-based classification)","confidence_note":"No FEMA NFHL flood zone polygon was found intersecting this footprint in the queried data. This reflects a known coverage gap in the digitized flood hazard layer for this location (common in leveed/industrial coastal areas), not a confirmed low-risk determination.","building_height_m":5,"osm_way_id":325908013},"geometry":{"type":"Polygon","coordinates":[[[-90.1830556,29.1564406],[-90.1829878,29.1564409],[-90.1829872,29.1563499],[-90.1830549,29.1563495],[-90.1830556,29.1564406]]]}},{"type":"Feature","properties":{"property_id":"PF-0028","address_label":"Structure near 29.1573, -90.1832","occupancy_type":"Unclassified structure (OSM building=yes)","flood_zone_code":"Unmapped","sfha":null,"risk_level":"Unknown","recommended_action":"FEMA NFHL coverage was unavailable or undetermined for this location. No risk tier is assigned; consult official FEMA and local floodplain-management sources before making decisions.","data_source":"OpenStreetMap building footprint + FEMA National Flood Hazard Layer (zone-based classification)","confidence_note":"No FEMA NFHL flood zone polygon was found intersecting this footprint in the queried data. This reflects a known coverage gap in the digitized flood hazard layer for this location (common in leveed/industrial coastal areas), not a confirmed low-risk determination.","building_height_m":5,"osm_way_id":325908014},"geometry":{"type":"Polygon","coordinates":[[[-90.1832423,29.157306],[-90.1831471,29.1573065],[-90.1831464,29.1572154],[-90.1832417,29.1572149],[-90.1832423,29.157306]]]}},{"type":"Feature","properties":{"property_id":"PF-0029","address_label":"Structure near 29.1571, -90.1841","occupancy_type":"Unclassified structure (OSM building=yes)","flood_zone_code":"Unmapped","sfha":null,"risk_level":"Unknown","recommended_action":"FEMA NFHL coverage was unavailable or undetermined for this location. No risk tier is assigned; consult official FEMA and local floodplain-management sources before making decisions.","data_source":"OpenStreetMap building footprint + FEMA National Flood Hazard Layer (zone-based classification)","confidence_note":"No FEMA NFHL flood zone polygon was found intersecting this footprint in the queried data. This reflects a known coverage gap in the digitized flood hazard layer for this location (common in leveed/industrial coastal areas), not a confirmed low-risk determination.","building_height_m":5,"osm_way_id":325908015},"geometry":{"type":"Polygon","coordinates":[[[-90.1841208,29.1571377],[-90.1839856,29.1571385],[-90.1839843,29.1569635],[-90.1841196,29.1569628],[-90.1841208,29.1571377]]]}},{"type":"Feature","properties":{"property_id":"PF-0030","address_label":"Structure near 29.1573, -90.1835","occupancy_type":"Unclassified structure (OSM building=yes)","flood_zone_code":"Unmapped","sfha":null,"risk_level":"Unknown","recommended_action":"FEMA NFHL coverage was unavailable or undetermined for this location. No risk tier is assigned; consult official FEMA and local floodplain-management sources before making decisions.","data_source":"OpenStreetMap building footprint + FEMA National Flood Hazard Layer (zone-based classification)","confidence_note":"No FEMA NFHL flood zone polygon was found intersecting this footprint in the queried data. This reflects a known coverage gap in the digitized flood hazard layer for this location (common in leveed/industrial coastal areas), not a confirmed low-risk determination.","building_height_m":5,"osm_way_id":325908016},"geometry":{"type":"Polygon","coordinates":[[[-90.1835714,29.1573112],[-90.1834011,29.1573122],[-90.1834004,29.1572102],[-90.1835707,29.1572093],[-90.1835714,29.1573112]]]}},{"type":"Feature","properties":{"property_id":"PF-0031","address_label":"Structure near 29.1566, -90.1837","occupancy_type":"Unclassified structure (OSM building=yes)","flood_zone_code":"Unmapped","sfha":null,"risk_level":"Unknown","recommended_action":"FEMA NFHL coverage was unavailable or undetermined for this location. No risk tier is assigned; consult official FEMA and local floodplain-management sources before making decisions.","data_source":"OpenStreetMap building footprint + FEMA National Flood Hazard Layer (zone-based classification)","confidence_note":"No FEMA NFHL flood zone polygon was found intersecting this footprint in the queried data. This reflects a known coverage gap in the digitized flood hazard layer for this location (common in leveed/industrial coastal areas), not a confirmed low-risk determination.","building_height_m":5,"osm_way_id":325908017},"geometry":{"type":"Polygon","coordinates":[[[-90.1837214,29.1566817],[-90.1836236,29.1566822],[-90.1836224,29.1565163],[-90.1837202,29.1565158],[-90.1837214,29.1566817]]]}},{"type":"Feature","properties":{"property_id":"PF-0032","address_label":"Structure near 29.1571, -90.1831","occupancy_type":"Unclassified structure (OSM building=yes)","flood_zone_code":"Unmapped","sfha":null,"risk_level":"Unknown","recommended_action":"FEMA NFHL coverage was unavailable or undetermined for this location. No risk tier is assigned; consult official FEMA and local floodplain-management sources before making decisions.","data_source":"OpenStreetMap building footprint + FEMA National Flood Hazard Layer (zone-based classification)","confidence_note":"No FEMA NFHL flood zone polygon was found intersecting this footprint in the queried data. This reflects a known coverage gap in the digitized flood hazard layer for this location (common in leveed/industrial coastal areas), not a confirmed low-risk determination.","building_height_m":5,"osm_way_id":325908018},"geometry":{"type":"Polygon","coordinates":[[[-90.1831128,29.1571559],[-90.1830066,29.1571564],[-90.1830057,29.1570335],[-90.1831119,29.1570329],[-90.1831128,29.1571559]]]}},{"type":"Feature","properties":{"property_id":"PF-0033","address_label":"Structure near 29.1571, -90.1836","occupancy_type":"Unclassified structure (OSM building=yes)","flood_zone_code":"Unmapped","sfha":null,"risk_level":"Unknown","recommended_action":"FEMA NFHL coverage was unavailable or undetermined for this location. No risk tier is assigned; consult official FEMA and local floodplain-management sources before making decisions.","data_source":"OpenStreetMap building footprint + FEMA National Flood Hazard Layer (zone-based classification)","confidence_note":"No FEMA NFHL flood zone polygon was found intersecting this footprint in the queried data. This reflects a known coverage gap in the digitized flood hazard layer for this location (common in leveed/industrial coastal areas), not a confirmed low-risk determination.","building_height_m":5,"osm_way_id":325908019},"geometry":{"type":"Polygon","coordinates":[[[-90.1836414,29.1571559],[-90.1835083,29.1571566],[-90.1835075,29.1570397],[-90.1836406,29.157039],[-90.1836414,29.1571559]]]}},{"type":"Feature","properties":{"property_id":"PF-0034","address_label":"Structure near 29.1564, -90.1835","occupancy_type":"Unclassified structure (OSM building=yes)","flood_zone_code":"Unmapped","sfha":null,"risk_level":"Unknown","recommended_action":"FEMA NFHL coverage was unavailable or undetermined for this location. No risk tier is assigned; consult official FEMA and local floodplain-management sources before making decisions.","data_source":"OpenStreetMap building footprint + FEMA National Flood Hazard Layer (zone-based classification)","confidence_note":"No FEMA NFHL flood zone polygon was found intersecting this footprint in the queried data. This reflects a known coverage gap in the digitized flood hazard layer for this location (common in leveed/industrial coastal areas), not a confirmed low-risk determination.","building_height_m":5,"osm_way_id":325908020},"geometry":{"type":"Polygon","coordinates":[[[-90.1835601,29.1564416],[-90.1834167,29.1564424],[-90.183416,29.156336],[-90.1835594,29.1563352],[-90.1835601,29.1564416]]]}},{"type":"Feature","properties":{"property_id":"PF-0035","address_label":"Structure near 29.1571, -90.1823","occupancy_type":"Unclassified structure (OSM building=yes)","flood_zone_code":"Unmapped","sfha":null,"risk_level":"Unknown","recommended_action":"FEMA NFHL coverage was unavailable or undetermined for this location. No risk tier is assigned; consult official FEMA and local floodplain-management sources before making decisions.","data_source":"OpenStreetMap building footprint + FEMA National Flood Hazard Layer (zone-based classification)","confidence_note":"No FEMA NFHL flood zone polygon was found intersecting this footprint in the queried data. This reflects a known coverage gap in the digitized flood hazard layer for this location (common in leveed/industrial coastal areas), not a confirmed low-risk determination.","building_height_m":5,"osm_way_id":325908021},"geometry":{"type":"Polygon","coordinates":[[[-90.1823198,29.1571679],[-90.1821879,29.1571686],[-90.1821868,29.157002],[-90.1823186,29.1570013],[-90.1823198,29.1571679]]]}},{"type":"Feature","properties":{"property_id":"PF-0036","address_label":"Structure near 29.1564, -90.1844","occupancy_type":"Unclassified structure (OSM building=yes)","flood_zone_code":"Unmapped","sfha":null,"risk_level":"Unknown","recommended_action":"FEMA NFHL coverage was unavailable or undetermined for this location. No risk tier is assigned; consult official FEMA and local floodplain-management sources before making decisions.","data_source":"OpenStreetMap building footprint + FEMA National Flood Hazard Layer (zone-based classification)","confidence_note":"No FEMA NFHL flood zone polygon was found intersecting this footprint in the queried data. This reflects a known coverage gap in the digitized flood hazard layer for this location (common in leveed/industrial coastal areas), not a confirmed low-risk determination.","building_height_m":5,"osm_way_id":325908022},"geometry":{"type":"Polygon","coordinates":[[[-90.1845459,29.1564128],[-90.1842852,29.1564142],[-90.1842845,29.1563168],[-90.1845453,29.1563154],[-90.1845459,29.1564128]]]}},{"type":"Feature","properties":{"property_id":"PF-0037","address_label":"Structure near 29.1571, -90.1829","occupancy_type":"Unclassified structure (OSM building=yes)","flood_zone_code":"Unmapped","sfha":null,"risk_level":"Unknown","recommended_action":"FEMA NFHL coverage was unavailable or undetermined for this location. No risk tier is assigned; consult official FEMA and local floodplain-management sources before making decisions.","data_source":"OpenStreetMap building footprint + FEMA National Flood Hazard Layer (zone-based classification)","confidence_note":"No FEMA NFHL flood zone polygon was found intersecting this footprint in the queried data. This reflects a known coverage gap in the digitized flood hazard layer for this location (common in leveed/industrial coastal areas), not a confirmed low-risk determination.","building_height_m":5,"osm_way_id":325908023},"geometry":{"type":"Polygon","coordinates":[[[-90.1829866,29.1571619],[-90.1828806,29.1571625],[-90.1828795,29.1570148],[-90.1829856,29.1570142],[-90.1829866,29.1571619]]]}},{"type":"Feature","properties":{"property_id":"PF-0038","address_label":"Structure near 29.1566, -90.1827","occupancy_type":"Unclassified structure (OSM building=yes)","flood_zone_code":"Unmapped","sfha":null,"risk_level":"Unknown","recommended_action":"FEMA NFHL coverage was unavailable or undetermined for this location. No risk tier is assigned; consult official FEMA and local floodplain-management sources before making decisions.","data_source":"OpenStreetMap building footprint + FEMA National Flood Hazard Layer (zone-based classification)","confidence_note":"No FEMA NFHL flood zone polygon was found intersecting this footprint in the queried data. This reflects a known coverage gap in the digitized flood hazard layer for this location (common in leveed/industrial coastal areas), not a confirmed low-risk determination.","building_height_m":5,"osm_way_id":325908024},"geometry":{"type":"Polygon","coordinates":[[[-90.1827233,29.1566966],[-90.1826169,29.1566972],[-90.1826158,29.1565376],[-90.1827222,29.1565371],[-90.1827233,29.1566966]]]}},{"type":"Feature","properties":{"property_id":"PF-0039","address_label":"Structure near 29.1566, -90.1836","occupancy_type":"Unclassified structure (OSM building=yes)","flood_zone_code":"Unmapped","sfha":null,"risk_level":"Unknown","recommended_action":"FEMA NFHL coverage was unavailable or undetermined for this location. No risk tier is assigned; consult official FEMA and local floodplain-management sources before making decisions.","data_source":"OpenStreetMap building footprint + FEMA National Flood Hazard Layer (zone-based classification)","confidence_note":"No FEMA NFHL flood zone polygon was found intersecting this footprint in the queried data. This reflects a known coverage gap in the digitized flood hazard layer for this location (common in leveed/industrial coastal areas), not a confirmed low-risk determination.","building_height_m":5,"osm_way_id":325908025},"geometry":{"type":"Polygon","coordinates":[[[-90.1836126,29.1566603],[-90.1835099,29.1566609],[-90.1835088,29.1564982],[-90.1836115,29.1564976],[-90.1836126,29.1566603]]]}},{"type":"Feature","properties":{"property_id":"PF-0040","address_label":"Structure near 29.1573, -90.1822","occupancy_type":"Unclassified structure (OSM building=yes)","flood_zone_code":"Unmapped","sfha":null,"risk_level":"Unknown","recommended_action":"FEMA NFHL coverage was unavailable or undetermined for this location. No risk tier is assigned; consult official FEMA and local floodplain-management sources before making decisions.","data_source":"OpenStreetMap building footprint + FEMA National Flood Hazard Layer (zone-based classification)","confidence_note":"No FEMA NFHL flood zone polygon was found intersecting this footprint in the queried data. This reflects a known coverage gap in the digitized flood hazard layer for this location (common in leveed/industrial coastal areas), not a confirmed low-risk determination.","building_height_m":5,"osm_way_id":325908026},"geometry":{"type":"Polygon","coordinates":[[[-90.1823371,29.1573263],[-90.1821322,29.1573274],[-90.1821315,29.157229],[-90.1823364,29.1572279],[-90.1823371,29.1573263]]]}},{"type":"Feature","properties":{"property_id":"PF-0041","address_label":"Structure near 29.1564, -90.1827","occupancy_type":"Unclassified structure (OSM building=yes)","flood_zone_code":"Unmapped","sfha":null,"risk_level":"Unknown","recommended_action":"FEMA NFHL coverage was unavailable or undetermined for this location. No risk tier is assigned; consult official FEMA and local floodplain-management sources before making decisions.","data_source":"OpenStreetMap building footprint + FEMA National Flood Hazard Layer (zone-based classification)","confidence_note":"No FEMA NFHL flood zone polygon was found intersecting this footprint in the queried data. This reflects a known coverage gap in the digitized flood hazard layer for this location (common in leveed/industrial coastal areas), not a confirmed low-risk determination.","building_height_m":5,"osm_way_id":325908027},"geometry":{"type":"Polygon","coordinates":[[[-90.1827392,29.1564704],[-90.1826411,29.1564709],[-90.1826402,29.1563477],[-90.1827383,29.1563472],[-90.1827392,29.1564704]]]}},{"type":"Feature","properties":{"property_id":"PF-0042","address_label":"Structure near 29.1561, -90.1745","occupancy_type":"Unclassified structure (OSM building=yes)","flood_zone_code":"Unmapped","sfha":null,"risk_level":"Unknown","recommended_action":"FEMA NFHL coverage was unavailable or undetermined for this location. No risk tier is assigned; consult official FEMA and local floodplain-management sources before making decisions.","data_source":"OpenStreetMap building footprint + FEMA National Flood Hazard Layer (zone-based classification)","confidence_note":"No FEMA NFHL flood zone polygon was found intersecting this footprint in the queried data. This reflects a known coverage gap in the digitized flood hazard layer for this location (common in leveed/industrial coastal areas), not a confirmed low-risk determination.","building_height_m":5,"osm_way_id":325908028},"geometry":{"type":"Polygon","coordinates":[[[-90.1746056,29.1561634],[-90.1744516,29.1561634],[-90.1744516,29.1561271],[-90.1746056,29.1561271],[-90.1746056,29.1561634]]]}},{"type":"Feature","properties":{"property_id":"PF-0043","address_label":"Structure near 29.1566, -90.1832","occupancy_type":"Unclassified structure (OSM building=yes)","flood_zone_code":"Unmapped","sfha":null,"risk_level":"Unknown","recommended_action":"FEMA NFHL coverage was unavailable or undetermined for this location. No risk tier is assigned; consult official FEMA and local floodplain-management sources before making decisions.","data_source":"OpenStreetMap building footprint + FEMA National Flood Hazard Layer (zone-based classification)","confidence_note":"No FEMA NFHL flood zone polygon was found intersecting this footprint in the queried data. This reflects a known coverage gap in the digitized flood hazard layer for this location (common in leveed/industrial coastal areas), not a confirmed low-risk determination.","building_height_m":5,"osm_way_id":325908029},"geometry":{"type":"Polygon","coordinates":[[[-90.1832254,29.1566774],[-90.1831228,29.1566779],[-90.1831216,29.1565035],[-90.1832242,29.1565029],[-90.1832254,29.1566774]]]}},{"type":"Feature","properties":{"property_id":"PF-0044","address_label":"Structure near 29.1573, -90.1830","occupancy_type":"Unclassified structure (OSM building=yes)","flood_zone_code":"Unmapped","sfha":null,"risk_level":"Unknown","recommended_action":"FEMA NFHL coverage was unavailable or undetermined for this location. No risk tier is assigned; consult official FEMA and local floodplain-management sources before making decisions.","data_source":"OpenStreetMap building footprint + FEMA National Flood Hazard Layer (zone-based classification)","confidence_note":"No FEMA NFHL flood zone polygon was found intersecting this footprint in the queried data. This reflects a known coverage gap in the digitized flood hazard layer for this location (common in leveed/industrial coastal areas), not a confirmed low-risk determination.","building_height_m":5,"osm_way_id":325908030},"geometry":{"type":"Polygon","coordinates":[[[-90.1831128,29.1573075],[-90.1829087,29.1573086],[-90.182908,29.1572147],[-90.1831121,29.1572136],[-90.1831128,29.1573075]]]}},{"type":"Feature","properties":{"property_id":"PF-0045","address_label":"Structure near 29.1571, -90.1820","occupancy_type":"Unclassified structure (OSM building=yes)","flood_zone_code":"Unmapped","sfha":null,"risk_level":"Unknown","recommended_action":"FEMA NFHL coverage was unavailable or undetermined for this location. No risk tier is assigned; consult official FEMA and local floodplain-management sources before making decisions.","data_source":"OpenStreetMap building footprint + FEMA National Flood Hazard Layer (zone-based classification)","confidence_note":"No FEMA NFHL flood zone polygon was found intersecting this footprint in the queried data. This reflects a known coverage gap in the digitized flood hazard layer for this location (common in leveed/industrial coastal areas), not a confirmed low-risk determination.","building_height_m":5,"osm_way_id":325908031},"geometry":{"type":"Polygon","coordinates":[[[-90.1820254,29.1571762],[-90.1818917,29.1571769],[-90.1818907,29.1570291],[-90.1820244,29.1570284],[-90.1820254,29.1571762]]]}},{"type":"Feature","properties":{"property_id":"PF-0046","address_label":"Structure near 29.1573, -90.1839","occupancy_type":"Unclassified structure (OSM building=yes)","flood_zone_code":"Unmapped","sfha":null,"risk_level":"Unknown","recommended_action":"FEMA NFHL coverage was unavailable or undetermined for this location. No risk tier is assigned; consult official FEMA and local floodplain-management sources before making decisions.","data_source":"OpenStreetMap building footprint + FEMA National Flood Hazard Layer (zone-based classification)","confidence_note":"No FEMA NFHL flood zone polygon was found intersecting this footprint in the queried data. This reflects a known coverage gap in the digitized flood hazard layer for this location (common in leveed/industrial coastal areas), not a confirmed low-risk determination.","building_height_m":5,"osm_way_id":325908032},"geometry":{"type":"Polygon","coordinates":[[[-90.183961,29.1572947],[-90.1838303,29.1572954],[-90.1838297,29.1572094],[-90.1839604,29.1572087],[-90.183961,29.1572947]]]}},{"type":"Feature","properties":{"property_id":"PF-0047","address_label":"Structure near 29.1565, -90.1748","occupancy_type":"Unclassified structure (OSM building=yes)","flood_zone_code":"Unmapped","sfha":null,"risk_level":"Unknown","recommended_action":"FEMA NFHL coverage was unavailable or undetermined for this location. No risk tier is assigned; consult official FEMA and local floodplain-management sources before making decisions.","data_source":"OpenStreetMap building footprint + FEMA National Flood Hazard Layer (zone-based classification)","confidence_note":"No FEMA NFHL flood zone polygon was found intersecting this footprint in the queried data. This reflects a known coverage gap in the digitized flood hazard layer for this location (common in leveed/industrial coastal areas), not a confirmed low-risk determination.","building_height_m":5,"osm_way_id":325908033},"geometry":{"type":"Polygon","coordinates":[[[-90.1748902,29.1567149],[-90.1747066,29.1567209],[-90.1746858,29.1562291],[-90.1748694,29.1562231],[-90.1748902,29.1567149]]]}},{"type":"Feature","properties":{"property_id":"PF-0048","address_label":"Structure near 29.1566, -90.1831","occupancy_type":"Unclassified structure (OSM building=yes)","flood_zone_code":"Unmapped","sfha":null,"risk_level":"Unknown","recommended_action":"FEMA NFHL coverage was unavailable or undetermined for this location. No risk tier is assigned; consult official FEMA and local floodplain-management sources before making decisions.","data_source":"OpenStreetMap building footprint + FEMA National Flood Hazard Layer (zone-based classification)","confidence_note":"No FEMA NFHL flood zone polygon was found intersecting this footprint in the queried data. This reflects a known coverage gap in the digitized flood hazard layer for this location (common in leveed/industrial coastal areas), not a confirmed low-risk determination.","building_height_m":5,"osm_way_id":325908034},"geometry":{"type":"Polygon","coordinates":[[[-90.1831081,29.1566678],[-90.1829981,29.1566684],[-90.1829969,29.1565088],[-90.183107,29.1565082],[-90.1831081,29.1566678]]]}},{"type":"Feature","properties":{"property_id":"PF-0049","address_label":"Structure near 29.1573, -90.1841","occupancy_type":"Unclassified structure (OSM building=yes)","flood_zone_code":"Unmapped","sfha":null,"risk_level":"Unknown","recommended_action":"FEMA NFHL coverage was unavailable or undetermined for this location. No risk tier is assigned; consult official FEMA and local floodplain-management sources before making decisions.","data_source":"OpenStreetMap building footprint + FEMA National Flood Hazard Layer (zone-based classification)","confidence_note":"No FEMA NFHL flood zone polygon was found intersecting this footprint in the queried data. This reflects a known coverage gap in the digitized flood hazard layer for this location (common in leveed/industrial coastal areas), not a confirmed low-risk determination.","building_height_m":5,"osm_way_id":325908035},"geometry":{"type":"Polygon","coordinates":[[[-90.1841338,29.1573112],[-90.1840301,29.1573118],[-90.1840293,29.1571943],[-90.1841329,29.1571938],[-90.1841338,29.1573112]]]}},{"type":"Feature","properties":{"property_id":"PF-0050","address_label":"Structure near 29.1566, -90.1828","occupancy_type":"Unclassified structure (OSM building=yes)","flood_zone_code":"Unmapped","sfha":null,"risk_level":"Unknown","recommended_action":"FEMA NFHL coverage was unavailable or undetermined for this location. No risk tier is assigned; consult official FEMA and local floodplain-management sources before making decisions.","data_source":"OpenStreetMap building footprint + FEMA National Flood Hazard Layer (zone-based classification)","confidence_note":"No FEMA NFHL flood zone polygon was found intersecting this footprint in the queried data. This reflects a known coverage gap in the digitized flood hazard layer for this location (common in leveed/industrial coastal areas), not a confirmed low-risk determination.","building_height_m":5,"osm_way_id":325908036},"geometry":{"type":"Polygon","coordinates":[[[-90.1828418,29.1567126],[-90.1827439,29.1567131],[-90.1827429,29.1565696],[-90.1828408,29.1565691],[-90.1828418,29.1567126]]]}},{"type":"Feature","properties":{"property_id":"PF-0051","address_label":"Structure near 29.1571, -90.1834","occupancy_type":"Unclassified structure (OSM building=yes)","flood_zone_code":"Unmapped","sfha":null,"risk_level":"Unknown","recommended_action":"FEMA NFHL coverage was unavailable or undetermined for this location. No risk tier is assigned; consult official FEMA and local floodplain-management sources before making decisions.","data_source":"OpenStreetMap building footprint + FEMA National Flood Hazard Layer (zone-based classification)","confidence_note":"No FEMA NFHL flood zone polygon was found intersecting this footprint in the queried data. This reflects a known coverage gap in the digitized flood hazard layer for this location (common in leveed/industrial coastal areas), not a confirmed low-risk determination.","building_height_m":5,"osm_way_id":325908037},"geometry":{"type":"Polygon","coordinates":[[[-90.1834954,29.1571543],[-90.1833825,29.1571549],[-90.1833814,29.1570035],[-90.1834944,29.1570029],[-90.1834954,29.1571543]]]}},{"type":"Feature","properties":{"property_id":"PF-0052","address_label":"Structure near 29.1566, -90.1839","occupancy_type":"Unclassified structure (OSM building=yes)","flood_zone_code":"Unmapped","sfha":null,"risk_level":"Unknown","recommended_action":"FEMA NFHL coverage was unavailable or undetermined for this location. No risk tier is assigned; consult official FEMA and local floodplain-management sources before making decisions.","data_source":"OpenStreetMap building footprint + FEMA National Flood Hazard Layer (zone-based classification)","confidence_note":"No FEMA NFHL flood zone polygon was found intersecting this footprint in the queried data. This reflects a known coverage gap in the digitized flood hazard layer for this location (common in leveed/industrial coastal areas), not a confirmed low-risk determination.","building_height_m":5,"osm_way_id":325908038},"geometry":{"type":"Polygon","coordinates":[[[-90.1839828,29.1566571],[-90.1838715,29.1566577],[-90.1838704,29.1565024],[-90.1839817,29.1565018],[-90.1839828,29.1566571]]]}},{"type":"Feature","properties":{"property_id":"PF-0053","address_label":"Structure near 29.1579, -90.1797","occupancy_type":"Unclassified structure (OSM building=yes)","flood_zone_code":"Unmapped","sfha":null,"risk_level":"Unknown","recommended_action":"FEMA NFHL coverage was unavailable or undetermined for this location. No risk tier is assigned; consult official FEMA and local floodplain-management sources before making decisions.","data_source":"OpenStreetMap building footprint + FEMA National Flood Hazard Layer (zone-based classification)","confidence_note":"No FEMA NFHL flood zone polygon was found intersecting this footprint in the queried data. This reflects a known coverage gap in the digitized flood hazard layer for this location (common in leveed/industrial coastal areas), not a confirmed low-risk determination.","building_height_m":5,"osm_way_id":325908039},"geometry":{"type":"Polygon","coordinates":[[[-90.1799634,29.1577346],[-90.1796726,29.1582157],[-90.1794908,29.1581319],[-90.1797815,29.1576507],[-90.1799634,29.1577346]]]}},{"type":"Feature","properties":{"property_id":"PF-0054","address_label":"Structure near 29.1564, -90.1837","occupancy_type":"Unclassified structure (OSM building=yes)","flood_zone_code":"Unmapped","sfha":null,"risk_level":"Unknown","recommended_action":"FEMA NFHL coverage was unavailable or undetermined for this location. No risk tier is assigned; consult official FEMA and local floodplain-management sources before making decisions.","data_source":"OpenStreetMap building footprint + FEMA National Flood Hazard Layer (zone-based classification)","confidence_note":"No FEMA NFHL flood zone polygon was found intersecting this footprint in the queried data. This reflects a known coverage gap in the digitized flood hazard layer for this location (common in leveed/industrial coastal areas), not a confirmed low-risk determination.","building_height_m":5,"osm_way_id":325908040},"geometry":{"type":"Polygon","coordinates":[[[-90.1837482,29.1564395],[-90.183617,29.1564402],[-90.1836163,29.1563371],[-90.1837475,29.1563364],[-90.1837482,29.1564395]]]}},{"type":"Feature","properties":{"property_id":"PF-0055","address_label":"Structure near 29.1564, -90.1745","occupancy_type":"Unclassified structure (OSM building=yes)","flood_zone_code":"Unmapped","sfha":null,"risk_level":"Unknown","recommended_action":"FEMA NFHL coverage was unavailable or undetermined for this location. No risk tier is assigned; consult official FEMA and local floodplain-management sources before making decisions.","data_source":"OpenStreetMap building footprint + FEMA National Flood Hazard Layer (zone-based classification)","confidence_note":"No FEMA NFHL flood zone polygon was found intersecting this footprint in the queried data. This reflects a known coverage gap in the digitized flood hazard layer for this location (common in leveed/industrial coastal areas), not a confirmed low-risk determination.","building_height_m":5,"osm_way_id":325908041},"geometry":{"type":"Polygon","coordinates":[[[-90.1746324,29.1566723],[-90.1744231,29.1566793],[-90.1744023,29.1562089],[-90.1746117,29.1562018],[-90.1746324,29.1566723]]]}},{"type":"Feature","properties":{"property_id":"PF-0056","address_label":"Structure near 29.1571, -90.1827","occupancy_type":"Unclassified structure (OSM building=yes)","flood_zone_code":"Unmapped","sfha":null,"risk_level":"Unknown","recommended_action":"FEMA NFHL coverage was unavailable or undetermined for this location. No risk tier is assigned; consult official FEMA and local floodplain-management sources before making decisions.","data_source":"OpenStreetMap building footprint + FEMA National Flood Hazard Layer (zone-based classification)","confidence_note":"No FEMA NFHL flood zone polygon was found intersecting this footprint in the queried data. This reflects a known coverage gap in the digitized flood hazard layer for this location (common in leveed/industrial coastal areas), not a confirmed low-risk determination.","building_height_m":5,"osm_way_id":325908042},"geometry":{"type":"Polygon","coordinates":[[[-90.1827206,29.1571717],[-90.1826257,29.1571722],[-90.1826247,29.1570321],[-90.1827196,29.1570316],[-90.1827206,29.1571717]]]}},{"type":"Feature","properties":{"property_id":"PF-0057","address_label":"Structure near 29.1566, -90.1833","occupancy_type":"Unclassified structure (OSM building=yes)","flood_zone_code":"Unmapped","sfha":null,"risk_level":"Unknown","recommended_action":"FEMA NFHL coverage was unavailable or undetermined for this location. No risk tier is assigned; consult official FEMA and local floodplain-management sources before making decisions.","data_source":"OpenStreetMap building footprint + FEMA National Flood Hazard Layer (zone-based classification)","confidence_note":"No FEMA NFHL flood zone polygon was found intersecting this footprint in the queried data. This reflects a known coverage gap in the digitized flood hazard layer for this location (common in leveed/industrial coastal areas), not a confirmed low-risk determination.","building_height_m":5,"osm_way_id":325908043},"geometry":{"type":"Polygon","coordinates":[[[-90.1833475,29.1566422],[-90.1832496,29.1566427],[-90.1832486,29.1565024],[-90.1833466,29.1565019],[-90.1833475,29.1566422]]]}},{"type":"Feature","properties":{"property_id":"PF-0058","address_label":"Structure near 29.1573, -90.1827","occupancy_type":"Unclassified structure (OSM building=yes)","flood_zone_code":"Unmapped","sfha":null,"risk_level":"Unknown","recommended_action":"FEMA NFHL coverage was unavailable or undetermined for this location. No risk tier is assigned; consult official FEMA and local floodplain-management sources before making decisions.","data_source":"OpenStreetMap building footprint + FEMA National Flood Hazard Layer (zone-based classification)","confidence_note":"No FEMA NFHL flood zone polygon was found intersecting this footprint in the queried data. This reflects a known coverage gap in the digitized flood hazard layer for this location (common in leveed/industrial coastal areas), not a confirmed low-risk determination.","building_height_m":5,"osm_way_id":325908044},"geometry":{"type":"Polygon","coordinates":[[[-90.1827249,29.157312],[-90.1826288,29.1573125],[-90.1826282,29.1572207],[-90.1827243,29.1572202],[-90.1827249,29.157312]]]}},{"type":"Feature","properties":{"property_id":"PF-0059","address_label":"Structure near 29.1571, -90.1825","occupancy_type":"Unclassified structure (OSM building=yes)","flood_zone_code":"Unmapped","sfha":null,"risk_level":"Unknown","recommended_action":"FEMA NFHL coverage was unavailable or undetermined for this location. No risk tier is assigned; consult official FEMA and local floodplain-management sources before making decisions.","data_source":"OpenStreetMap building footprint + FEMA National Flood Hazard Layer (zone-based classification)","confidence_note":"No FEMA NFHL flood zone polygon was found intersecting this footprint in the queried data. This reflects a known coverage gap in the digitized flood hazard layer for this location (common in leveed/industrial coastal areas), not a confirmed low-risk determination.","building_height_m":5,"osm_way_id":325908045},"geometry":{"type":"Polygon","coordinates":[[[-90.1826074,29.1571664],[-90.1824718,29.1571671],[-90.182471,29.157048],[-90.1826066,29.1570473],[-90.1826074,29.1571664]]]}},{"type":"Feature","properties":{"property_id":"PF-0060","address_label":"Structure near 29.1571, -90.1837","occupancy_type":"Unclassified structure (OSM building=yes)","flood_zone_code":"Unmapped","sfha":null,"risk_level":"Unknown","recommended_action":"FEMA NFHL coverage was unavailable or undetermined for this location. No risk tier is assigned; consult official FEMA and local floodplain-management sources before making decisions.","data_source":"OpenStreetMap building footprint + FEMA National Flood Hazard Layer (zone-based classification)","confidence_note":"No FEMA NFHL flood zone polygon was found intersecting this footprint in the queried data. This reflects a known coverage gap in the digitized flood hazard layer for this location (common in leveed/industrial coastal areas), not a confirmed low-risk determination.","building_height_m":5,"osm_way_id":325908046},"geometry":{"type":"Polygon","coordinates":[[[-90.1837684,29.1571596],[-90.183666,29.1571602],[-90.1836647,29.1569839],[-90.1837671,29.1569833],[-90.1837684,29.1571596]]]}},{"type":"Feature","properties":{"property_id":"PF-0061","address_label":"Structure near 29.1564, -90.1832","occupancy_type":"Unclassified structure (OSM building=yes)","flood_zone_code":"Unmapped","sfha":null,"risk_level":"Unknown","recommended_action":"FEMA NFHL coverage was unavailable or undetermined for this location. No risk tier is assigned; consult official FEMA and local floodplain-management sources before making decisions.","data_source":"OpenStreetMap building footprint + FEMA National Flood Hazard Layer (zone-based classification)","confidence_note":"No FEMA NFHL flood zone polygon was found intersecting this footprint in the queried data. This reflects a known coverage gap in the digitized flood hazard layer for this location (common in leveed/industrial coastal areas), not a confirmed low-risk determination.","building_height_m":5,"osm_way_id":325908047},"geometry":{"type":"Polygon","coordinates":[[[-90.1833598,29.1564448],[-90.1831382,29.156446],[-90.1831374,29.1563413],[-90.183359,29.1563402],[-90.1833598,29.1564448]]]}},{"type":"Feature","properties":{"property_id":"PF-0062","address_label":"Structure near 29.1573, -90.1828","occupancy_type":"Unclassified structure (OSM building=yes)","flood_zone_code":"Unmapped","sfha":null,"risk_level":"Unknown","recommended_action":"FEMA NFHL coverage was unavailable or undetermined for this location. No risk tier is assigned; consult official FEMA and local floodplain-management sources before making decisions.","data_source":"OpenStreetMap building footprint + FEMA National Flood Hazard Layer (zone-based classification)","confidence_note":"No FEMA NFHL flood zone polygon was found intersecting this footprint in the queried data. This reflects a known coverage gap in the digitized flood hazard layer for this location (common in leveed/industrial coastal areas), not a confirmed low-risk determination.","building_height_m":5,"osm_way_id":325908048},"geometry":{"type":"Polygon","coordinates":[[[-90.1828648,29.1572969],[-90.182773,29.1572974],[-90.1827724,29.15722],[-90.1828643,29.1572195],[-90.1828648,29.1572969]]]}},{"type":"Feature","properties":{"property_id":"PF-0063","address_label":"Structure near 29.1573, -90.1820","occupancy_type":"Unclassified structure (OSM building=yes)","flood_zone_code":"Unmapped","sfha":null,"risk_level":"Unknown","recommended_action":"FEMA NFHL coverage was unavailable or undetermined for this location. No risk tier is assigned; consult official FEMA and local floodplain-management sources before making decisions.","data_source":"OpenStreetMap building footprint + FEMA National Flood Hazard Layer (zone-based classification)","confidence_note":"No FEMA NFHL flood zone polygon was found intersecting this footprint in the queried data. This reflects a known coverage gap in the digitized flood hazard layer for this location (common in leveed/industrial coastal areas), not a confirmed low-risk determination.","building_height_m":5,"osm_way_id":325908049},"geometry":{"type":"Polygon","coordinates":[[[-90.1820556,29.1573233],[-90.1819414,29.1573239],[-90.1819408,29.1572267],[-90.182055,29.1572261],[-90.1820556,29.1573233]]]}},{"type":"Feature","properties":{"property_id":"PF-0064","address_label":"Structure near 29.1571, -90.1839","occupancy_type":"Unclassified structure (OSM building=yes)","flood_zone_code":"Unmapped","sfha":null,"risk_level":"Unknown","recommended_action":"FEMA NFHL coverage was unavailable or undetermined for this location. No risk tier is assigned; consult official FEMA and local floodplain-management sources before making decisions.","data_source":"OpenStreetMap building footprint + FEMA National Flood Hazard Layer (zone-based classification)","confidence_note":"No FEMA NFHL flood zone polygon was found intersecting this footprint in the queried data. This reflects a known coverage gap in the digitized flood hazard layer for this location (common in leveed/industrial coastal areas), not a confirmed low-risk determination.","building_height_m":5,"osm_way_id":325908050},"geometry":{"type":"Polygon","coordinates":[[[-90.1839679,29.1571468],[-90.1838152,29.1571476],[-90.1838142,29.1569937],[-90.1839668,29.1569928],[-90.1839679,29.1571468]]]}},{"type":"Feature","properties":{"property_id":"PF-0065","address_label":"Structure near 29.1564, -90.1829","occupancy_type":"Unclassified structure (OSM building=yes)","flood_zone_code":"Unmapped","sfha":null,"risk_level":"Unknown","recommended_action":"FEMA NFHL coverage was unavailable or undetermined for this location. No risk tier is assigned; consult official FEMA and local floodplain-management sources before making decisions.","data_source":"OpenStreetMap building footprint + FEMA National Flood Hazard Layer (zone-based classification)","confidence_note":"No FEMA NFHL flood zone polygon was found intersecting this footprint in the queried data. This reflects a known coverage gap in the digitized flood hazard layer for this location (common in leveed/industrial coastal areas), not a confirmed low-risk determination.","building_height_m":5,"osm_way_id":325908051},"geometry":{"type":"Polygon","coordinates":[[[-90.1829542,29.1564608],[-90.1828597,29.1564613],[-90.1828589,29.1563488],[-90.1829534,29.1563483],[-90.1829542,29.1564608]]]}},{"type":"Feature","properties":{"property_id":"PF-0066","address_label":"Structure near 29.1573, -90.1833","occupancy_type":"Unclassified structure (OSM building=yes)","flood_zone_code":"Unmapped","sfha":null,"risk_level":"Unknown","recommended_action":"FEMA NFHL coverage was unavailable or undetermined for this location. No risk tier is assigned; consult official FEMA and local floodplain-management sources before making decisions.","data_source":"OpenStreetMap building footprint + FEMA National Flood Hazard Layer (zone-based classification)","confidence_note":"No FEMA NFHL flood zone polygon was found intersecting this footprint in the queried data. This reflects a known coverage gap in the digitized flood hazard layer for this location (common in leveed/industrial coastal areas), not a confirmed low-risk determination.","building_height_m":5,"osm_way_id":325908052},"geometry":{"type":"Polygon","coordinates":[[[-90.1833866,29.1573037],[-90.1832767,29.1573043],[-90.183276,29.1572124],[-90.1833859,29.1572118],[-90.1833866,29.1573037]]]}},{"type":"Feature","properties":{"property_id":"PF-0067","address_label":"Structure near 29.1568, -90.1761","occupancy_type":"Unclassified structure (OSM building=yes)","flood_zone_code":"Unmapped","sfha":null,"risk_level":"Unknown","recommended_action":"FEMA NFHL coverage was unavailable or undetermined for this location. No risk tier is assigned; consult official FEMA and local floodplain-management sources before making decisions.","data_source":"OpenStreetMap building footprint + FEMA National Flood Hazard Layer (zone-based classification)","confidence_note":"No FEMA NFHL flood zone polygon was found intersecting this footprint in the queried data. This reflects a known coverage gap in the digitized flood hazard layer for this location (common in leveed/industrial coastal areas), not a confirmed low-risk determination.","building_height_m":5,"osm_way_id":325908053},"geometry":{"type":"Polygon","coordinates":[[[-90.1761125,29.1568018],[-90.17612,29.1569605],[-90.1760389,29.1569634],[-90.1760313,29.1568019],[-90.1760118,29.1568026],[-90.1760062,29.1566839],[-90.1761734,29.1566779],[-90.1761791,29.1567995],[-90.1761125,29.1568018]]]}},{"type":"Feature","properties":{"property_id":"PF-0068","address_label":"Structure near 29.1568, -90.1759","occupancy_type":"Unclassified structure (OSM building=yes)","flood_zone_code":"Unmapped","sfha":null,"risk_level":"Unknown","recommended_action":"FEMA NFHL coverage was unavailable or undetermined for this location. No risk tier is assigned; consult official FEMA and local floodplain-management sources before making decisions.","data_source":"OpenStreetMap building footprint + FEMA National Flood Hazard Layer (zone-based classification)","confidence_note":"No FEMA NFHL flood zone polygon was found intersecting this footprint in the queried data. This reflects a known coverage gap in the digitized flood hazard layer for this location (common in leveed/industrial coastal areas), not a confirmed low-risk determination.","building_height_m":5,"osm_way_id":325908054},"geometry":{"type":"Polygon","coordinates":[[[-90.1759595,29.1566106],[-90.1759636,29.156845],[-90.1759495,29.1568452],[-90.1759515,29.1569597],[-90.175885,29.1569606],[-90.175883,29.1568463],[-90.1758634,29.1568466],[-90.1758593,29.156612],[-90.1759595,29.1566106]]]}},{"type":"Feature","properties":{"property_id":"PF-0069","address_label":"Structure near 29.1559, -90.1840","occupancy_type":"Unclassified structure (OSM building=yes)","flood_zone_code":"Unmapped","sfha":null,"risk_level":"Unknown","recommended_action":"FEMA NFHL coverage was unavailable or undetermined for this location. No risk tier is assigned; consult official FEMA and local floodplain-management sources before making decisions.","data_source":"OpenStreetMap building footprint + FEMA National Flood Hazard Layer (zone-based classification)","confidence_note":"No FEMA NFHL flood zone polygon was found intersecting this footprint in the queried data. This reflects a known coverage gap in the digitized flood hazard layer for this location (common in leveed/industrial coastal areas), not a confirmed low-risk determination.","building_height_m":5,"osm_way_id":333847148},"geometry":{"type":"Polygon","coordinates":[[[-90.1840915,29.1559459],[-90.183999,29.1559469],[-90.1839973,29.1558186],[-90.1840898,29.1558176],[-90.1840915,29.1559459]]]}},{"type":"Feature","properties":{"property_id":"PF-0070","address_label":"Structure near 29.1559, -90.1815","occupancy_type":"Unclassified structure (OSM building=yes)","flood_zone_code":"Unmapped","sfha":null,"risk_level":"Unknown","recommended_action":"FEMA NFHL coverage was unavailable or undetermined for this location. No risk tier is assigned; consult official FEMA and local floodplain-management sources before making decisions.","data_source":"OpenStreetMap building footprint + FEMA National Flood Hazard Layer (zone-based classification)","confidence_note":"No FEMA NFHL flood zone polygon was found intersecting this footprint in the queried data. This reflects a known coverage gap in the digitized flood hazard layer for this location (common in leveed/industrial coastal areas), not a confirmed low-risk determination.","building_height_m":5,"osm_way_id":333847150},"geometry":{"type":"Polygon","coordinates":[[[-90.1815868,29.1559669],[-90.1813981,29.1559693],[-90.1813965,29.1558748],[-90.1815853,29.1558724],[-90.1815868,29.1559669]]]}},{"type":"Feature","properties":{"property_id":"PF-0071","address_label":"Structure near 29.1571, -90.1815","occupancy_type":"Unclassified structure (OSM building=yes)","flood_zone_code":"Unmapped","sfha":null,"risk_level":"Unknown","recommended_action":"FEMA NFHL coverage was unavailable or undetermined for this location. No risk tier is assigned; consult official FEMA and local floodplain-management sources before making decisions.","data_source":"OpenStreetMap building footprint + FEMA National Flood Hazard Layer (zone-based classification)","confidence_note":"No FEMA NFHL flood zone polygon was found intersecting this footprint in the queried data. This reflects a known coverage gap in the digitized flood hazard layer for this location (common in leveed/industrial coastal areas), not a confirmed low-risk determination.","building_height_m":5,"osm_way_id":333847151},"geometry":{"type":"Polygon","coordinates":[[[-90.1814499,29.1571873],[-90.181446,29.1571067],[-90.1815647,29.1571023],[-90.1815686,29.1571829],[-90.1814499,29.1571873]]]}},{"type":"Feature","properties":{"property_id":"PF-0072","address_label":"Structure near 29.1567, -90.1813","occupancy_type":"Unclassified structure (OSM building=yes)","flood_zone_code":"Unmapped","sfha":null,"risk_level":"Unknown","recommended_action":"FEMA NFHL coverage was unavailable or undetermined for this location. No risk tier is assigned; consult official FEMA and local floodplain-management sources before making decisions.","data_source":"OpenStreetMap building footprint + FEMA National Flood Hazard Layer (zone-based classification)","confidence_note":"No FEMA NFHL flood zone polygon was found intersecting this footprint in the queried data. This reflects a known coverage gap in the digitized flood hazard layer for this location (common in leveed/industrial coastal areas), not a confirmed low-risk determination.","building_height_m":5,"osm_way_id":333847152},"geometry":{"type":"Polygon","coordinates":[[[-90.181355,29.1567714],[-90.1812462,29.1567714],[-90.1812462,29.1566927],[-90.181355,29.1566927],[-90.181355,29.1567714]]]}},{"type":"Feature","properties":{"property_id":"PF-0073","address_label":"Structure near 29.1558, -90.1847","occupancy_type":"Unclassified structure (OSM building=yes)","flood_zone_code":"Unmapped","sfha":null,"risk_level":"Unknown","recommended_action":"FEMA NFHL coverage was unavailable or undetermined for this location. No risk tier is assigned; consult official FEMA and local floodplain-management sources before making decisions.","data_source":"OpenStreetMap building footprint + FEMA National Flood Hazard Layer (zone-based classification)","confidence_note":"No FEMA NFHL flood zone polygon was found intersecting this footprint in the queried data. This reflects a known coverage gap in the digitized flood hazard layer for this location (common in leveed/industrial coastal areas), not a confirmed low-risk determination.","building_height_m":5,"osm_way_id":333847154},"geometry":{"type":"Polygon","coordinates":[[[-90.1847201,29.1559555],[-90.1846119,29.1559573],[-90.184607,29.1557273],[-90.1847152,29.1557255],[-90.1847201,29.1559555]]]}},{"type":"Feature","properties":{"property_id":"PF-0074","address_label":"Structure near 29.1559, -90.1848","occupancy_type":"Unclassified structure (OSM building=yes)","flood_zone_code":"Unmapped","sfha":null,"risk_level":"Unknown","recommended_action":"FEMA NFHL coverage was unavailable or undetermined for this location. No risk tier is assigned; consult official FEMA and local floodplain-management sources before making decisions.","data_source":"OpenStreetMap building footprint + FEMA National Flood Hazard Layer (zone-based classification)","confidence_note":"No FEMA NFHL flood zone polygon was found intersecting this footprint in the queried data. This reflects a known coverage gap in the digitized flood hazard layer for this location (common in leveed/industrial coastal areas), not a confirmed low-risk determination.","building_height_m":5,"osm_way_id":333847155},"geometry":{"type":"Polygon","coordinates":[[[-90.1848356,29.1557863],[-90.1848388,29.1559688],[-90.1847403,29.1559701],[-90.1847371,29.1557876],[-90.1848356,29.1557863]]]}},{"type":"Feature","properties":{"property_id":"PF-0075","address_label":"Structure near 29.1570, -90.1815","occupancy_type":"Unclassified structure (OSM building=yes)","flood_zone_code":"Unmapped","sfha":null,"risk_level":"Unknown","recommended_action":"FEMA NFHL coverage was unavailable or undetermined for this location. No risk tier is assigned; consult official FEMA and local floodplain-management sources before making decisions.","data_source":"OpenStreetMap building footprint + FEMA National Flood Hazard Layer (zone-based classification)","confidence_note":"No FEMA NFHL flood zone polygon was found intersecting this footprint in the queried data. This reflects a known coverage gap in the digitized flood hazard layer for this location (common in leveed/industrial coastal areas), not a confirmed low-risk determination.","building_height_m":5,"osm_way_id":333847156},"geometry":{"type":"Polygon","coordinates":[[[-90.1816031,29.1570794],[-90.181423,29.1570832],[-90.1814198,29.1569685],[-90.1816,29.1569647],[-90.1816031,29.1570794]]]}},{"type":"Feature","properties":{"property_id":"PF-0076","address_label":"Structure near 29.1567, -90.1815","occupancy_type":"Unclassified structure (OSM building=yes)","flood_zone_code":"Unmapped","sfha":null,"risk_level":"Unknown","recommended_action":"FEMA NFHL coverage was unavailable or undetermined for this location. No risk tier is assigned; consult official FEMA and local floodplain-management sources before making decisions.","data_source":"OpenStreetMap building footprint + FEMA National Flood Hazard Layer (zone-based classification)","confidence_note":"No FEMA NFHL flood zone polygon was found intersecting this footprint in the queried data. This reflects a known coverage gap in the digitized flood hazard layer for this location (common in leveed/industrial coastal areas), not a confirmed low-risk determination.","building_height_m":5,"osm_way_id":333847157},"geometry":{"type":"Polygon","coordinates":[[[-90.1815728,29.1568056],[-90.1814092,29.156808],[-90.1814069,29.1566873],[-90.1815705,29.1566849],[-90.1815728,29.1568056]]]}},{"type":"Feature","properties":{"property_id":"PF-0077","address_label":"Structure near 29.1562, -90.1815","occupancy_type":"Unclassified structure (OSM building=yes)","flood_zone_code":"Unmapped","sfha":null,"risk_level":"Unknown","recommended_action":"FEMA NFHL coverage was unavailable or undetermined for this location. No risk tier is assigned; consult official FEMA and local floodplain-management sources before making decisions.","data_source":"OpenStreetMap building footprint + FEMA National Flood Hazard Layer (zone-based classification)","confidence_note":"No FEMA NFHL flood zone polygon was found intersecting this footprint in the queried data. This reflects a known coverage gap in the digitized flood hazard layer for this location (common in leveed/industrial coastal areas), not a confirmed low-risk determination.","building_height_m":5,"osm_way_id":333847159},"geometry":{"type":"Polygon","coordinates":[[[-90.1816281,29.1562515],[-90.1814599,29.156255],[-90.1814567,29.1561367],[-90.1816249,29.1561332],[-90.1816281,29.1562515]]]}},{"type":"Feature","properties":{"property_id":"PF-0078","address_label":"Structure near 29.1559, -90.1838","occupancy_type":"Unclassified structure (OSM building=yes)","flood_zone_code":"Unmapped","sfha":null,"risk_level":"Unknown","recommended_action":"FEMA NFHL coverage was unavailable or undetermined for this location. No risk tier is assigned; consult official FEMA and local floodplain-management sources before making decisions.","data_source":"OpenStreetMap building footprint + FEMA National Flood Hazard Layer (zone-based classification)","confidence_note":"No FEMA NFHL flood zone polygon was found intersecting this footprint in the queried data. This reflects a known coverage gap in the digitized flood hazard layer for this location (common in leveed/industrial coastal areas), not a confirmed low-risk determination.","building_height_m":5,"osm_way_id":333847160},"geometry":{"type":"Polygon","coordinates":[[[-90.1838339,29.1559588],[-90.1837388,29.1559604],[-90.1837354,29.1558069],[-90.1838305,29.1558053],[-90.1838339,29.1559588]]]}},{"type":"Feature","properties":{"property_id":"PF-0079","address_label":"Structure near 29.1563, -90.1815","occupancy_type":"Unclassified structure (OSM building=yes)","flood_zone_code":"Unmapped","sfha":null,"risk_level":"Unknown","recommended_action":"FEMA NFHL coverage was unavailable or undetermined for this location. No risk tier is assigned; consult official FEMA and local floodplain-management sources before making decisions.","data_source":"OpenStreetMap building footprint + FEMA National Flood Hazard Layer (zone-based classification)","confidence_note":"No FEMA NFHL flood zone polygon was found intersecting this footprint in the queried data. This reflects a known coverage gap in the digitized flood hazard layer for this location (common in leveed/industrial coastal areas), not a confirmed low-risk determination.","building_height_m":5,"osm_way_id":333847161},"geometry":{"type":"Polygon","coordinates":[[[-90.1816156,29.1563864],[-90.1814133,29.1563903],[-90.1814105,29.1562777],[-90.1816128,29.1562739],[-90.1816156,29.1563864]]]}},{"type":"Feature","properties":{"property_id":"PF-0080","address_label":"Structure near 29.1559, -90.1839","occupancy_type":"Unclassified structure (OSM building=yes)","flood_zone_code":"Unmapped","sfha":null,"risk_level":"Unknown","recommended_action":"FEMA NFHL coverage was unavailable or undetermined for this location. No risk tier is assigned; consult official FEMA and local floodplain-management sources before making decisions.","data_source":"OpenStreetMap building footprint + FEMA National Flood Hazard Layer (zone-based classification)","confidence_note":"No FEMA NFHL flood zone polygon was found intersecting this footprint in the queried data. This reflects a known coverage gap in the digitized flood hazard layer for this location (common in leveed/industrial coastal areas), not a confirmed low-risk determination.","building_height_m":5,"osm_way_id":333847162},"geometry":{"type":"Polygon","coordinates":[[[-90.1839695,29.1559499],[-90.1838605,29.1559519],[-90.1838577,29.1558364],[-90.1839667,29.1558344],[-90.1839695,29.1559499]]]}},{"type":"Feature","properties":{"property_id":"PF-0081","address_label":"Structure near 29.1556, -90.1815","occupancy_type":"Unclassified structure (OSM building=yes)","flood_zone_code":"Unmapped","sfha":null,"risk_level":"Unknown","recommended_action":"FEMA NFHL coverage was unavailable or undetermined for this location. No risk tier is assigned; consult official FEMA and local floodplain-management sources before making decisions.","data_source":"OpenStreetMap building footprint + FEMA National Flood Hazard Layer (zone-based classification)","confidence_note":"No FEMA NFHL flood zone polygon was found intersecting this footprint in the queried data. This reflects a known coverage gap in the digitized flood hazard layer for this location (common in leveed/industrial coastal areas), not a confirmed low-risk determination.","building_height_m":5,"osm_way_id":333847166},"geometry":{"type":"Polygon","coordinates":[[[-90.1815872,29.1556992],[-90.1813948,29.1556982],[-90.1813955,29.1555987],[-90.1815878,29.1555997],[-90.1815872,29.1556992]]]}},{"type":"Feature","properties":{"property_id":"PF-0082","address_label":"Structure near 29.1559, -90.1842","occupancy_type":"Unclassified structure (OSM building=yes)","flood_zone_code":"Unmapped","sfha":null,"risk_level":"Unknown","recommended_action":"FEMA NFHL coverage was unavailable or undetermined for this location. No risk tier is assigned; consult official FEMA and local floodplain-management sources before making decisions.","data_source":"OpenStreetMap building footprint + FEMA National Flood Hazard Layer (zone-based classification)","confidence_note":"No FEMA NFHL flood zone polygon was found intersecting this footprint in the queried data. This reflects a known coverage gap in the digitized flood hazard layer for this location (common in leveed/industrial coastal areas), not a confirmed low-risk determination.","building_height_m":5,"osm_way_id":333847168},"geometry":{"type":"Polygon","coordinates":[[[-90.1842164,29.1559464],[-90.1841223,29.1559477],[-90.18412,29.1558159],[-90.1842142,29.1558147],[-90.1842164,29.1559464]]]}},{"type":"Feature","properties":{"property_id":"PF-0083","address_label":"Structure near 29.1028, -90.1940","occupancy_type":"Unclassified structure (OSM building=yes)","flood_zone_code":"Unmapped","sfha":null,"risk_level":"Unknown","recommended_action":"FEMA NFHL coverage was unavailable or undetermined for this location. No risk tier is assigned; consult official FEMA and local floodplain-management sources before making decisions.","data_source":"OpenStreetMap building footprint + FEMA National Flood Hazard Layer (zone-based classification)","confidence_note":"No FEMA NFHL flood zone polygon was found intersecting this footprint in the queried data. This reflects a known coverage gap in the digitized flood hazard layer for this location (common in leveed/industrial coastal areas), not a confirmed low-risk determination.","building_height_m":5,"osm_way_id":978211768},"geometry":{"type":"Polygon","coordinates":[[[-90.1940977,29.1027667],[-90.1940706,29.1027503],[-90.194039,29.1027424],[-90.1940061,29.1027437],[-90.1939755,29.1027542],[-90.1939503,29.1027727],[-90.1939332,29.1027974],[-90.1939261,29.1028254],[-90.1939297,29.102854],[-90.1939436,29.1028801],[-90.1939663,29.1029009],[-90.1939955,29.1029143],[-90.1940293,29.1029187],[-90.1940629,29.1029131],[-90.1940924,29.1028979],[-90.1941145,29.1028751],[-90.1941266,29.1028471],[-90.1941274,29.1028172],[-90.1941173,29.1027898],[-90.1940977,29.1027667]]]}},{"type":"Feature","properties":{"property_id":"PF-0084","address_label":"Structure near 29.1033, -90.1940","occupancy_type":"Unclassified structure (OSM building=yes)","flood_zone_code":"Unmapped","sfha":null,"risk_level":"Unknown","recommended_action":"FEMA NFHL coverage was unavailable or undetermined for this location. No risk tier is assigned; consult official FEMA and local floodplain-management sources before making decisions.","data_source":"OpenStreetMap building footprint + FEMA National Flood Hazard Layer (zone-based classification)","confidence_note":"No FEMA NFHL flood zone polygon was found intersecting this footprint in the queried data. This reflects a known coverage gap in the digitized flood hazard layer for this location (common in leveed/industrial coastal areas), not a confirmed low-risk determination.","building_height_m":5,"osm_way_id":978211769},"geometry":{"type":"Polygon","coordinates":[[[-90.194047,29.1032271],[-90.1940151,29.1032195],[-90.1939822,29.1032211],[-90.1939516,29.1032319],[-90.1939265,29.1032506],[-90.1939096,29.1032754],[-90.1939027,29.1033036],[-90.1939064,29.1033323],[-90.1939205,29.1033584],[-90.1939434,29.1033792],[-90.1939726,29.1033925],[-90.1940052,29.1033969],[-90.1940393,29.1033915],[-90.1940694,29.1033765],[-90.1940919,29.1033535],[-90.1941043,29.1033252],[-90.1941052,29.1032949],[-90.1940943,29.1032661],[-90.1940743,29.1032432],[-90.194047,29.1032271]]]}},{"type":"Feature","properties":{"property_id":"PF-0085","address_label":"Structure near 29.1038, -90.1940","occupancy_type":"Unclassified structure (OSM building=yes)","flood_zone_code":"Unmapped","sfha":null,"risk_level":"Unknown","recommended_action":"FEMA NFHL coverage was unavailable or undetermined for this location. No risk tier is assigned; consult official FEMA and local floodplain-management sources before making decisions.","data_source":"OpenStreetMap building footprint + FEMA National Flood Hazard Layer (zone-based classification)","confidence_note":"No FEMA NFHL flood zone polygon was found intersecting this footprint in the queried data. This reflects a known coverage gap in the digitized flood hazard layer for this location (common in leveed/industrial coastal areas), not a confirmed low-risk determination.","building_height_m":5,"osm_way_id":978211770},"geometry":{"type":"Polygon","coordinates":[[[-90.1940395,29.1036911],[-90.1940064,29.1036868],[-90.1939735,29.1036918],[-90.1939441,29.1037058],[-90.1939214,29.1037273],[-90.1939078,29.1037539],[-90.1939045,29.103783],[-90.1939121,29.1038114],[-90.1939296,29.1038363],[-90.1939553,29.103855],[-90.1939865,29.1038655],[-90.1940199,29.1038668],[-90.1940538,29.103858],[-90.1940822,29.1038397],[-90.194102,29.1038141],[-90.1941107,29.1037842],[-90.1941074,29.1037534],[-90.1940925,29.1037254],[-90.1940692,29.1037045],[-90.1940395,29.1036911]]]}},{"type":"Feature","properties":{"property_id":"PF-0086","address_label":"Structure near 29.1046, -90.1940","occupancy_type":"Unclassified structure (OSM building=yes)","flood_zone_code":"Unmapped","sfha":null,"risk_level":"Unknown","recommended_action":"FEMA NFHL coverage was unavailable or undetermined for this location. No risk tier is assigned; consult official FEMA and local floodplain-management sources before making decisions.","data_source":"OpenStreetMap building footprint + FEMA National Flood Hazard Layer (zone-based classification)","confidence_note":"No FEMA NFHL flood zone polygon was found intersecting this footprint in the queried data. This reflects a known coverage gap in the digitized flood hazard layer for this location (common in leveed/industrial coastal areas), not a confirmed low-risk determination.","building_height_m":5,"osm_way_id":978211771},"geometry":{"type":"Polygon","coordinates":[[[-90.1940178,29.1045255],[-90.1939954,29.1045185],[-90.1939716,29.1045182],[-90.1939489,29.1045246],[-90.1939299,29.1045371],[-90.1939165,29.1045543],[-90.1939103,29.1045744],[-90.1939118,29.1045952],[-90.1939209,29.1046144],[-90.1939367,29.10463],[-90.1939574,29.1046403],[-90.1939808,29.1046442],[-90.1940045,29.1046412],[-90.1940259,29.1046316],[-90.1940425,29.1046164],[-90.1940525,29.1045973],[-90.1940548,29.1045764],[-90.1940492,29.104556],[-90.1940364,29.1045385],[-90.1940178,29.1045255]]]}},{"type":"Feature","properties":{"property_id":"PF-0087","address_label":"Structure near 29.1038, -90.1932","occupancy_type":"Unclassified structure (OSM building=yes)","flood_zone_code":"Unmapped","sfha":null,"risk_level":"Unknown","recommended_action":"FEMA NFHL coverage was unavailable or undetermined for this location. No risk tier is assigned; consult official FEMA and local floodplain-management sources before making decisions.","data_source":"OpenStreetMap building footprint + FEMA National Flood Hazard Layer (zone-based classification)","confidence_note":"No FEMA NFHL flood zone polygon was found intersecting this footprint in the queried data. This reflects a known coverage gap in the digitized flood hazard layer for this location (common in leveed/industrial coastal areas), not a confirmed low-risk determination.","building_height_m":5,"osm_way_id":978211772},"geometry":{"type":"Polygon","coordinates":[[[-90.1933316,29.1036426],[-90.1932854,29.1036239],[-90.1932348,29.1036193],[-90.1931851,29.1036293],[-90.1931419,29.1036528],[-90.1931097,29.1036873],[-90.1930921,29.1037291],[-90.193091,29.1037736],[-90.1931064,29.103816],[-90.1931368,29.1038517],[-90.1931788,29.1038769],[-90.1932279,29.1038889],[-90.1932788,29.1038862],[-90.193326,29.1038692],[-90.1933643,29.1038397],[-90.1933896,29.103801],[-90.1933991,29.1037572],[-90.1933917,29.103713],[-90.1933684,29.1036734],[-90.1933316,29.1036426]]]}},{"type":"Feature","properties":{"property_id":"PF-0088","address_label":"Structure near 29.1046, -90.1932","occupancy_type":"Unclassified structure (OSM building=yes)","flood_zone_code":"Unmapped","sfha":null,"risk_level":"Unknown","recommended_action":"FEMA NFHL coverage was unavailable or undetermined for this location. No risk tier is assigned; consult official FEMA and local floodplain-management sources before making decisions.","data_source":"OpenStreetMap building footprint + FEMA National Flood Hazard Layer (zone-based classification)","confidence_note":"No FEMA NFHL flood zone polygon was found intersecting this footprint in the queried data. This reflects a known coverage gap in the digitized flood hazard layer for this location (common in leveed/industrial coastal areas), not a confirmed low-risk determination.","building_height_m":5,"osm_way_id":978211773},"geometry":{"type":"Polygon","coordinates":[[[-90.1932412,29.1045115],[-90.1932179,29.1045077],[-90.1931946,29.1045107],[-90.1931735,29.1045201],[-90.1931571,29.104535],[-90.193147,29.1045536],[-90.1931444,29.1045742],[-90.1931495,29.1045943],[-90.1931617,29.104612],[-90.1931798,29.1046252],[-90.1932019,29.1046327],[-90.1932255,29.1046335],[-90.1932486,29.1046274],[-90.1932681,29.1046151],[-90.1932819,29.1045978],[-90.1932884,29.1045775],[-90.1932869,29.1045564],[-90.1932775,29.104537],[-90.1932618,29.1045216],[-90.1932412,29.1045115]]]}},{"type":"Feature","properties":{"property_id":"PF-0089","address_label":"Structure near 29.1037, -90.1922","occupancy_type":"Unclassified structure (OSM building=yes)","flood_zone_code":"Unmapped","sfha":null,"risk_level":"Unknown","recommended_action":"FEMA NFHL coverage was unavailable or undetermined for this location. No risk tier is assigned; consult official FEMA and local floodplain-management sources before making decisions.","data_source":"OpenStreetMap building footprint + FEMA National Flood Hazard Layer (zone-based classification)","confidence_note":"No FEMA NFHL flood zone polygon was found intersecting this footprint in the queried data. This reflects a known coverage gap in the digitized flood hazard layer for this location (common in leveed/industrial coastal areas), not a confirmed low-risk determination.","building_height_m":5,"osm_way_id":978211774},"geometry":{"type":"Polygon","coordinates":[[[-90.1922356,29.103602],[-90.1921848,29.1035901],[-90.1921324,29.103593],[-90.1920838,29.1036105],[-90.1920441,29.1036406],[-90.1920176,29.1036802],[-90.192007,29.1037252],[-90.1920135,29.1037708],[-90.1920363,29.1038121],[-90.1920731,29.1038449],[-90.19212,29.1038657],[-90.192172,29.1038722],[-90.1922259,29.1038631],[-90.1922732,29.1038388],[-90.1923085,29.1038022],[-90.1923277,29.1037573],[-90.1923287,29.1037094],[-90.1923113,29.1036639],[-90.1922793,29.1036275],[-90.1922356,29.103602]]]}},{"type":"Feature","properties":{"property_id":"PF-0090","address_label":"Structure near 29.1045, -90.1921","occupancy_type":"Unclassified structure (OSM building=yes)","flood_zone_code":"Unmapped","sfha":null,"risk_level":"Unknown","recommended_action":"FEMA NFHL coverage was unavailable or undetermined for this location. No risk tier is assigned; consult official FEMA and local floodplain-management sources before making decisions.","data_source":"OpenStreetMap building footprint + FEMA National Flood Hazard Layer (zone-based classification)","confidence_note":"No FEMA NFHL flood zone polygon was found intersecting this footprint in the queried data. This reflects a known coverage gap in the digitized flood hazard layer for this location (common in leveed/industrial coastal areas), not a confirmed low-risk determination.","building_height_m":5,"osm_way_id":978211775},"geometry":{"type":"Polygon","coordinates":[[[-90.1921642,29.1044087],[-90.1921085,29.1044068],[-90.1920555,29.1044218],[-90.1920114,29.1044516],[-90.1919817,29.1044928],[-90.1919699,29.1045403],[-90.1919773,29.1045886],[-90.1920032,29.1046317],[-90.1920444,29.1046645],[-90.1920959,29.104683],[-90.1921515,29.1046851],[-90.1921977,29.1046734],[-90.1922379,29.1046504],[-90.1922684,29.1046179],[-90.1922866,29.1045791],[-90.1922908,29.1045372],[-90.1922807,29.1044962],[-90.1922572,29.1044596],[-90.1922158,29.104427],[-90.1921642,29.1044087]]]}},{"type":"Feature","properties":{"property_id":"PF-0091","address_label":"Structure near 29.1054, -90.1940","occupancy_type":"Unclassified structure (OSM building=yes)","flood_zone_code":"Unmapped","sfha":null,"risk_level":"Unknown","recommended_action":"FEMA NFHL coverage was unavailable or undetermined for this location. No risk tier is assigned; consult official FEMA and local floodplain-management sources before making decisions.","data_source":"OpenStreetMap building footprint + FEMA National Flood Hazard Layer (zone-based classification)","confidence_note":"No FEMA NFHL flood zone polygon was found intersecting this footprint in the queried data. This reflects a known coverage gap in the digitized flood hazard layer for this location (common in leveed/industrial coastal areas), not a confirmed low-risk determination.","building_height_m":5,"osm_way_id":978211776},"geometry":{"type":"Polygon","coordinates":[[[-90.1939851,29.1053457],[-90.1939631,29.1053411],[-90.1939405,29.1053429],[-90.1939199,29.105351],[-90.1939033,29.1053645],[-90.1938926,29.1053819],[-90.193889,29.1054015],[-90.1938927,29.105421],[-90.1939035,29.1054383],[-90.1939201,29.1054518],[-90.1939408,29.1054598],[-90.1939634,29.1054615],[-90.1939857,29.1054566],[-90.1940049,29.1054457],[-90.194019,29.1054298],[-90.1940263,29.1054107],[-90.1940261,29.1053907],[-90.1940183,29.1053717],[-90.1940042,29.1053563],[-90.1939851,29.1053457]]]}},{"type":"Feature","properties":{"property_id":"PF-0092","address_label":"Structure near 29.1056, -90.1938","occupancy_type":"Unclassified structure (OSM building=yes)","flood_zone_code":"Unmapped","sfha":null,"risk_level":"Unknown","recommended_action":"FEMA NFHL coverage was unavailable or undetermined for this location. No risk tier is assigned; consult official FEMA and local floodplain-management sources before making decisions.","data_source":"OpenStreetMap building footprint + FEMA National Flood Hazard Layer (zone-based classification)","confidence_note":"No FEMA NFHL flood zone polygon was found intersecting this footprint in the queried data. This reflects a known coverage gap in the digitized flood hazard layer for this location (common in leveed/industrial coastal areas), not a confirmed low-risk determination.","building_height_m":5,"osm_way_id":978211777},"geometry":{"type":"Polygon","coordinates":[[[-90.1938012,29.1055611],[-90.1937841,29.1055575],[-90.1937667,29.1055592],[-90.1937509,29.105566],[-90.1937388,29.1055771],[-90.1937317,29.1055911],[-90.1937305,29.1056065],[-90.1937354,29.1056212],[-90.1937457,29.1056336],[-90.1937603,29.1056422],[-90.1937773,29.1056459],[-90.1937925,29.1056449],[-90.1938066,29.10564],[-90.1938184,29.1056316],[-90.1938269,29.1056206],[-90.1938312,29.1056078],[-90.193831,29.1055945],[-90.1938263,29.1055819],[-90.1938158,29.1055696],[-90.1938012,29.1055611]]]}},{"type":"Feature","properties":{"property_id":"PF-0093","address_label":"Structure near 29.1056, -90.1934","occupancy_type":"Unclassified structure (OSM building=yes)","flood_zone_code":"Unmapped","sfha":null,"risk_level":"Unknown","recommended_action":"FEMA NFHL coverage was unavailable or undetermined for this location. No risk tier is assigned; consult official FEMA and local floodplain-management sources before making decisions.","data_source":"OpenStreetMap building footprint + FEMA National Flood Hazard Layer (zone-based classification)","confidence_note":"No FEMA NFHL flood zone polygon was found intersecting this footprint in the queried data. This reflects a known coverage gap in the digitized flood hazard layer for this location (common in leveed/industrial coastal areas), not a confirmed low-risk determination.","building_height_m":5,"osm_way_id":978211778},"geometry":{"type":"Polygon","coordinates":[[[-90.1933705,29.1055598],[-90.1933535,29.1055562],[-90.193336,29.1055579],[-90.1933202,29.1055647],[-90.1933081,29.1055758],[-90.193301,29.1055898],[-90.1932998,29.1056052],[-90.1933047,29.1056199],[-90.193315,29.1056323],[-90.1933296,29.1056409],[-90.1933467,29.1056446],[-90.1933618,29.1056436],[-90.1933759,29.1056387],[-90.1933877,29.1056303],[-90.1933962,29.1056192],[-90.1934005,29.1056065],[-90.1934003,29.1055932],[-90.1933956,29.1055806],[-90.1933852,29.1055683],[-90.1933705,29.1055598]]]}},{"type":"Feature","properties":{"property_id":"PF-0094","address_label":"Structure near 29.1054, -90.1932","occupancy_type":"Unclassified structure (OSM building=yes)","flood_zone_code":"Unmapped","sfha":null,"risk_level":"Unknown","recommended_action":"FEMA NFHL coverage was unavailable or undetermined for this location. No risk tier is assigned; consult official FEMA and local floodplain-management sources before making decisions.","data_source":"OpenStreetMap building footprint + FEMA National Flood Hazard Layer (zone-based classification)","confidence_note":"No FEMA NFHL flood zone polygon was found intersecting this footprint in the queried data. This reflects a known coverage gap in the digitized flood hazard layer for this location (common in leveed/industrial coastal areas), not a confirmed low-risk determination.","building_height_m":5,"osm_way_id":978211779},"geometry":{"type":"Polygon","coordinates":[[[-90.1932299,29.1053444],[-90.1932079,29.1053398],[-90.1931854,29.1053416],[-90.1931648,29.1053497],[-90.1931482,29.1053632],[-90.1931375,29.1053806],[-90.1931339,29.1054001],[-90.1931376,29.1054196],[-90.1931484,29.105437],[-90.193165,29.1054505],[-90.1931857,29.1054585],[-90.1932083,29.1054602],[-90.1932306,29.1054553],[-90.1932498,29.1054444],[-90.1932639,29.1054285],[-90.1932712,29.1054094],[-90.193271,29.1053893],[-90.1932632,29.1053704],[-90.1932491,29.105355],[-90.1932299,29.1053444]]]}},{"type":"Feature","properties":{"property_id":"PF-0095","address_label":"Structure near 29.1051, -90.1939","occupancy_type":"Unclassified structure (OSM building=yes)","flood_zone_code":"Unmapped","sfha":null,"risk_level":"Unknown","recommended_action":"FEMA NFHL coverage was unavailable or undetermined for this location. No risk tier is assigned; consult official FEMA and local floodplain-management sources before making decisions.","data_source":"OpenStreetMap building footprint + FEMA National Flood Hazard Layer (zone-based classification)","confidence_note":"No FEMA NFHL flood zone polygon was found intersecting this footprint in the queried data. This reflects a known coverage gap in the digitized flood hazard layer for this location (common in leveed/industrial coastal areas), not a confirmed low-risk determination.","building_height_m":5,"osm_way_id":978211780},"geometry":{"type":"Polygon","coordinates":[[[-90.1939146,29.1051644],[-90.1939129,29.1051016],[-90.1938075,29.1051038],[-90.1938092,29.1051666],[-90.1939146,29.1051644]]]}},{"type":"Feature","properties":{"property_id":"PF-0096","address_label":"Structure near 29.1052, -90.1934","occupancy_type":"Unclassified structure (OSM building=yes)","flood_zone_code":"Unmapped","sfha":null,"risk_level":"Unknown","recommended_action":"FEMA NFHL coverage was unavailable or undetermined for this location. No risk tier is assigned; consult official FEMA and local floodplain-management sources before making decisions.","data_source":"OpenStreetMap building footprint + FEMA National Flood Hazard Layer (zone-based classification)","confidence_note":"No FEMA NFHL flood zone polygon was found intersecting this footprint in the queried data. This reflects a known coverage gap in the digitized flood hazard layer for this location (common in leveed/industrial coastal areas), not a confirmed low-risk determination.","building_height_m":5,"osm_way_id":978211781},"geometry":{"type":"Polygon","coordinates":[[[-90.1934941,29.1052488],[-90.1934964,29.105141],[-90.1932907,29.1051376],[-90.1932883,29.1052454],[-90.1934941,29.1052488]]]}},{"type":"Feature","properties":{"property_id":"PF-0097","address_label":"Structure near 29.1060, -90.1933","occupancy_type":"Unclassified structure (OSM building=yes)","flood_zone_code":"Unmapped","sfha":null,"risk_level":"Unknown","recommended_action":"FEMA NFHL coverage was unavailable or undetermined for this location. No risk tier is assigned; consult official FEMA and local floodplain-management sources before making decisions.","data_source":"OpenStreetMap building footprint + FEMA National Flood Hazard Layer (zone-based classification)","confidence_note":"No FEMA NFHL flood zone polygon was found intersecting this footprint in the queried data. This reflects a known coverage gap in the digitized flood hazard layer for this location (common in leveed/industrial coastal areas), not a confirmed low-risk determination.","building_height_m":5,"osm_way_id":978211782},"geometry":{"type":"Polygon","coordinates":[[[-90.1934702,29.1060614],[-90.1934727,29.1059712],[-90.1932195,29.1059659],[-90.1932171,29.1060562],[-90.1934702,29.1060614]]]}},{"type":"Feature","properties":{"property_id":"PF-0098","address_label":"Structure near 29.1060, -90.1930","occupancy_type":"Unclassified structure (OSM building=yes)","flood_zone_code":"Unmapped","sfha":null,"risk_level":"Unknown","recommended_action":"FEMA NFHL coverage was unavailable or undetermined for this location. No risk tier is assigned; consult official FEMA and local floodplain-management sources before making decisions.","data_source":"OpenStreetMap building footprint + FEMA National Flood Hazard Layer (zone-based classification)","confidence_note":"No FEMA NFHL flood zone polygon was found intersecting this footprint in the queried data. This reflects a known coverage gap in the digitized flood hazard layer for this location (common in leveed/industrial coastal areas), not a confirmed low-risk determination.","building_height_m":5,"osm_way_id":978211783},"geometry":{"type":"Polygon","coordinates":[[[-90.1930907,29.1060143],[-90.1930923,29.1059312],[-90.1929541,29.1059292],[-90.1929525,29.1060122],[-90.1930907,29.1060143]]]}},{"type":"Feature","properties":{"property_id":"PF-0099","address_label":"Structure near 29.1060, -90.1929","occupancy_type":"Unclassified structure (OSM building=yes)","flood_zone_code":"Unmapped","sfha":null,"risk_level":"Unknown","recommended_action":"FEMA NFHL coverage was unavailable or undetermined for this location. No risk tier is assigned; consult official FEMA and local floodplain-management sources before making decisions.","data_source":"OpenStreetMap building footprint + FEMA National Flood Hazard Layer (zone-based classification)","confidence_note":"No FEMA NFHL flood zone polygon was found intersecting this footprint in the queried data. This reflects a known coverage gap in the digitized flood hazard layer for this location (common in leveed/industrial coastal areas), not a confirmed low-risk determination.","building_height_m":5,"osm_way_id":978211784},"geometry":{"type":"Polygon","coordinates":[[[-90.1929129,29.1060113],[-90.1929133,29.1059214],[-90.1927879,29.1059209],[-90.1927874,29.1060109],[-90.1929129,29.1060113]]]}},{"type":"Feature","properties":{"property_id":"PF-0100","address_label":"Structure near 29.1057, -90.1927","occupancy_type":"Unclassified structure (OSM building=yes)","flood_zone_code":"Unmapped","sfha":null,"risk_level":"Unknown","recommended_action":"FEMA NFHL coverage was unavailable or undetermined for this location. No risk tier is assigned; consult official FEMA and local floodplain-management sources before making decisions.","data_source":"OpenStreetMap building footprint + FEMA National Flood Hazard Layer (zone-based classification)","confidence_note":"No FEMA NFHL flood zone polygon was found intersecting this footprint in the queried data. This reflects a known coverage gap in the digitized flood hazard layer for this location (common in leveed/industrial coastal areas), not a confirmed low-risk determination.","building_height_m":5,"osm_way_id":978211785},"geometry":{"type":"Polygon","coordinates":[[[-90.1927211,29.1057619],[-90.1927248,29.1056805],[-90.1926269,29.1056771],[-90.1926231,29.1057585],[-90.1927211,29.1057619]]]}},{"type":"Feature","properties":{"property_id":"PF-0101","address_label":"Structure near 29.1051, -90.1926","occupancy_type":"Unclassified structure (OSM building=yes)","flood_zone_code":"Unmapped","sfha":null,"risk_level":"Unknown","recommended_action":"FEMA NFHL coverage was unavailable or undetermined for this location. No risk tier is assigned; consult official FEMA and local floodplain-management sources before making decisions.","data_source":"OpenStreetMap building footprint + FEMA National Flood Hazard Layer (zone-based classification)","confidence_note":"No FEMA NFHL flood zone polygon was found intersecting this footprint in the queried data. This reflects a known coverage gap in the digitized flood hazard layer for this location (common in leveed/industrial coastal areas), not a confirmed low-risk determination.","building_height_m":5,"osm_way_id":978211786},"geometry":{"type":"Polygon","coordinates":[[[-90.1926871,29.1052076],[-90.192692,29.1050869],[-90.1926086,29.1050843],[-90.1926037,29.1052051],[-90.1926871,29.1052076]]]}},{"type":"Feature","properties":{"property_id":"PF-0102","address_label":"Structure near 29.1053, -90.1926","occupancy_type":"Unclassified structure (OSM building=yes)","flood_zone_code":"Unmapped","sfha":null,"risk_level":"Unknown","recommended_action":"FEMA NFHL coverage was unavailable or undetermined for this location. No risk tier is assigned; consult official FEMA and local floodplain-management sources before making decisions.","data_source":"OpenStreetMap building footprint + FEMA National Flood Hazard Layer (zone-based classification)","confidence_note":"No FEMA NFHL flood zone polygon was found intersecting this footprint in the queried data. This reflects a known coverage gap in the digitized flood hazard layer for this location (common in leveed/industrial coastal areas), not a confirmed low-risk determination.","building_height_m":5,"osm_way_id":978211787},"geometry":{"type":"Polygon","coordinates":[[[-90.1926505,29.1053418],[-90.1926522,29.1052673],[-90.1925915,29.1052662],[-90.1925898,29.1053407],[-90.1926505,29.1053418]]]}},{"type":"Feature","properties":{"property_id":"PF-0103","address_label":"Structure near 29.1060, -90.1920","occupancy_type":"Unclassified structure (OSM building=yes)","flood_zone_code":"Unmapped","sfha":null,"risk_level":"Unknown","recommended_action":"FEMA NFHL coverage was unavailable or undetermined for this location. No risk tier is assigned; consult official FEMA and local floodplain-management sources before making decisions.","data_source":"OpenStreetMap building footprint + FEMA National Flood Hazard Layer (zone-based classification)","confidence_note":"No FEMA NFHL flood zone polygon was found intersecting this footprint in the queried data. This reflects a known coverage gap in the digitized flood hazard layer for this location (common in leveed/industrial coastal areas), not a confirmed low-risk determination.","building_height_m":5,"osm_way_id":978211788},"geometry":{"type":"Polygon","coordinates":[[[-90.1920305,29.10604],[-90.1920454,29.1059348],[-90.1919717,29.1059269],[-90.191957,29.1060321],[-90.1920305,29.10604]]]}},{"type":"Feature","properties":{"property_id":"PF-0104","address_label":"Structure near 29.1060, -90.1919","occupancy_type":"Unclassified structure (OSM building=yes)","flood_zone_code":"Unmapped","sfha":null,"risk_level":"Unknown","recommended_action":"FEMA NFHL coverage was unavailable or undetermined for this location. No risk tier is assigned; consult official FEMA and local floodplain-management sources before making decisions.","data_source":"OpenStreetMap building footprint + FEMA National Flood Hazard Layer (zone-based classification)","confidence_note":"No FEMA NFHL flood zone polygon was found intersecting this footprint in the queried data. This reflects a known coverage gap in the digitized flood hazard layer for this location (common in leveed/industrial coastal areas), not a confirmed low-risk determination.","building_height_m":5,"osm_way_id":978211789},"geometry":{"type":"Polygon","coordinates":[[[-90.1919381,29.1060283],[-90.1919529,29.1059231],[-90.1918793,29.1059151],[-90.1918645,29.1060204],[-90.1919381,29.1060283]]]}},{"type":"Feature","properties":{"property_id":"PF-0105","address_label":"Structure near 29.1054, -90.1921","occupancy_type":"Unclassified structure (OSM building=yes)","flood_zone_code":"Unmapped","sfha":null,"risk_level":"Unknown","recommended_action":"FEMA NFHL coverage was unavailable or undetermined for this location. No risk tier is assigned; consult official FEMA and local floodplain-management sources before making decisions.","data_source":"OpenStreetMap building footprint + FEMA National Flood Hazard Layer (zone-based classification)","confidence_note":"No FEMA NFHL flood zone polygon was found intersecting this footprint in the queried data. This reflects a known coverage gap in the digitized flood hazard layer for this location (common in leveed/industrial coastal areas), not a confirmed low-risk determination.","building_height_m":5,"osm_way_id":978211790},"geometry":{"type":"Polygon","coordinates":[[[-90.1921537,29.1054379],[-90.1921537,29.1053924],[-90.1920821,29.1053925],[-90.1920821,29.1054379],[-90.1921537,29.1054379]]]}},{"type":"Feature","properties":{"property_id":"PF-0106","address_label":"Structure near 29.1039, -90.1912","occupancy_type":"Unclassified structure (OSM building=yes)","flood_zone_code":"Unmapped","sfha":null,"risk_level":"Unknown","recommended_action":"FEMA NFHL coverage was unavailable or undetermined for this location. No risk tier is assigned; consult official FEMA and local floodplain-management sources before making decisions.","data_source":"OpenStreetMap building footprint + FEMA National Flood Hazard Layer (zone-based classification)","confidence_note":"No FEMA NFHL flood zone polygon was found intersecting this footprint in the queried data. This reflects a known coverage gap in the digitized flood hazard layer for this location (common in leveed/industrial coastal areas), not a confirmed low-risk determination.","building_height_m":5,"osm_way_id":978211791},"geometry":{"type":"Polygon","coordinates":[[[-90.1912896,29.1039361],[-90.1912822,29.1038812],[-90.191201,29.1038896],[-90.1912085,29.1039445],[-90.1912896,29.1039361]]]}},{"type":"Feature","properties":{"property_id":"PF-0107","address_label":"Structure near 29.1073, -90.1944","occupancy_type":"Unclassified structure (OSM building=yes)","flood_zone_code":"Unmapped","sfha":null,"risk_level":"Unknown","recommended_action":"FEMA NFHL coverage was unavailable or undetermined for this location. No risk tier is assigned; consult official FEMA and local floodplain-management sources before making decisions.","data_source":"OpenStreetMap building footprint + FEMA National Flood Hazard Layer (zone-based classification)","confidence_note":"No FEMA NFHL flood zone polygon was found intersecting this footprint in the queried data. This reflects a known coverage gap in the digitized flood hazard layer for this location (common in leveed/industrial coastal areas), not a confirmed low-risk determination.","building_height_m":5,"osm_way_id":978211793},"geometry":{"type":"Polygon","coordinates":[[[-90.1944368,29.1073823],[-90.1944384,29.1072908],[-90.1943591,29.1072897],[-90.1943575,29.1073812],[-90.1944368,29.1073823]]]}},{"type":"Feature","properties":{"property_id":"PF-0108","address_label":"Structure near 29.1138, -90.1846","occupancy_type":"Unclassified structure (OSM building=yes)","flood_zone_code":"Unmapped","sfha":null,"risk_level":"Unknown","recommended_action":"FEMA NFHL coverage was unavailable or undetermined for this location. No risk tier is assigned; consult official FEMA and local floodplain-management sources before making decisions.","data_source":"OpenStreetMap building footprint + FEMA National Flood Hazard Layer (zone-based classification)","confidence_note":"No FEMA NFHL flood zone polygon was found intersecting this footprint in the queried data. This reflects a known coverage gap in the digitized flood hazard layer for this location (common in leveed/industrial coastal areas), not a confirmed low-risk determination.","building_height_m":5,"osm_way_id":978213153},"geometry":{"type":"Polygon","coordinates":[[[-90.1847136,29.1138981],[-90.1847087,29.1137596],[-90.1845716,29.1137633],[-90.1845766,29.1139018],[-90.1847136,29.1138981]]]}},{"type":"Feature","properties":{"property_id":"PF-0109","address_label":"Structure near 29.1141, -90.1899","occupancy_type":"Unclassified structure (OSM building=yes)","flood_zone_code":"Unmapped","sfha":null,"risk_level":"Unknown","recommended_action":"FEMA NFHL coverage was unavailable or undetermined for this location. No risk tier is assigned; consult official FEMA and local floodplain-management sources before making decisions.","data_source":"OpenStreetMap building footprint + FEMA National Flood Hazard Layer (zone-based classification)","confidence_note":"No FEMA NFHL flood zone polygon was found intersecting this footprint in the queried data. This reflects a known coverage gap in the digitized flood hazard layer for this location (common in leveed/industrial coastal areas), not a confirmed low-risk determination.","building_height_m":5,"osm_way_id":978213154},"geometry":{"type":"Polygon","coordinates":[[[-90.1899747,29.11411],[-90.1899774,29.1140458],[-90.1898327,29.1140412],[-90.18983,29.1141055],[-90.1899747,29.11411]]]}},{"type":"Feature","properties":{"property_id":"PF-0110","address_label":"Structure near 29.1141, -90.1896","occupancy_type":"Unclassified structure (OSM building=yes)","flood_zone_code":"Unmapped","sfha":null,"risk_level":"Unknown","recommended_action":"FEMA NFHL coverage was unavailable or undetermined for this location. No risk tier is assigned; consult official FEMA and local floodplain-management sources before making decisions.","data_source":"OpenStreetMap building footprint + FEMA National Flood Hazard Layer (zone-based classification)","confidence_note":"No FEMA NFHL flood zone polygon was found intersecting this footprint in the queried data. This reflects a known coverage gap in the digitized flood hazard layer for this location (common in leveed/industrial coastal areas), not a confirmed low-risk determination.","building_height_m":5,"osm_way_id":978213155},"geometry":{"type":"Polygon","coordinates":[[[-90.1896839,29.1141158],[-90.1896907,29.1139953],[-90.1896051,29.1139916],[-90.1895983,29.1141121],[-90.1896839,29.1141158]]]}},{"type":"Feature","properties":{"property_id":"PF-0111","address_label":"Structure near 29.1140, -90.1893","occupancy_type":"Unclassified structure (OSM building=yes)","flood_zone_code":"Unmapped","sfha":null,"risk_level":"Unknown","recommended_action":"FEMA NFHL coverage was unavailable or undetermined for this location. No risk tier is assigned; consult official FEMA and local floodplain-management sources before making decisions.","data_source":"OpenStreetMap building footprint + FEMA National Flood Hazard Layer (zone-based classification)","confidence_note":"No FEMA NFHL flood zone polygon was found intersecting this footprint in the queried data. This reflects a known coverage gap in the digitized flood hazard layer for this location (common in leveed/industrial coastal areas), not a confirmed low-risk determination.","building_height_m":5,"osm_way_id":978213156},"geometry":{"type":"Polygon","coordinates":[[[-90.189389,29.1140909],[-90.1893919,29.1139767],[-90.1893001,29.113975],[-90.1892973,29.1140891],[-90.189389,29.1140909]]]}},{"type":"Feature","properties":{"property_id":"PF-0112","address_label":"Structure near 29.1140, -90.1890","occupancy_type":"Unclassified structure (OSM building=yes)","flood_zone_code":"Unmapped","sfha":null,"risk_level":"Unknown","recommended_action":"FEMA NFHL coverage was unavailable or undetermined for this location. No risk tier is assigned; consult official FEMA and local floodplain-management sources before making decisions.","data_source":"OpenStreetMap building footprint + FEMA National Flood Hazard Layer (zone-based classification)","confidence_note":"No FEMA NFHL flood zone polygon was found intersecting this footprint in the queried data. This reflects a known coverage gap in the digitized flood hazard layer for this location (common in leveed/industrial coastal areas), not a confirmed low-risk determination.","building_height_m":5,"osm_way_id":978213157},"geometry":{"type":"Polygon","coordinates":[[[-90.1891133,29.1140933],[-90.1891214,29.1138994],[-90.1890221,29.1138963],[-90.1890168,29.1140243],[-90.1889636,29.1140226],[-90.1889609,29.1140884],[-90.1891133,29.1140933]]]}},{"type":"Feature","properties":{"property_id":"PF-0113","address_label":"Structure near 29.1143, -90.1907","occupancy_type":"Unclassified structure (OSM building=yes)","flood_zone_code":"Unmapped","sfha":null,"risk_level":"Unknown","recommended_action":"FEMA NFHL coverage was unavailable or undetermined for this location. No risk tier is assigned; consult official FEMA and local floodplain-management sources before making decisions.","data_source":"OpenStreetMap building footprint + FEMA National Flood Hazard Layer (zone-based classification)","confidence_note":"No FEMA NFHL flood zone polygon was found intersecting this footprint in the queried data. This reflects a known coverage gap in the digitized flood hazard layer for this location (common in leveed/industrial coastal areas), not a confirmed low-risk determination.","building_height_m":5,"osm_way_id":978213158},"geometry":{"type":"Polygon","coordinates":[[[-90.1907069,29.1143788],[-90.1906825,29.11429],[-90.190601,29.1143071],[-90.1906255,29.1143959],[-90.1907069,29.1143788]]]}},{"type":"Feature","properties":{"property_id":"PF-0114","address_label":"Structure near 29.1152, -90.1911","occupancy_type":"Unclassified structure (OSM building=yes)","flood_zone_code":"Unmapped","sfha":null,"risk_level":"Unknown","recommended_action":"FEMA NFHL coverage was unavailable or undetermined for this location. No risk tier is assigned; consult official FEMA and local floodplain-management sources before making decisions.","data_source":"OpenStreetMap building footprint + FEMA National Flood Hazard Layer (zone-based classification)","confidence_note":"No FEMA NFHL flood zone polygon was found intersecting this footprint in the queried data. This reflects a known coverage gap in the digitized flood hazard layer for this location (common in leveed/industrial coastal areas), not a confirmed low-risk determination.","building_height_m":5,"osm_way_id":978213159},"geometry":{"type":"Polygon","coordinates":[[[-90.1911652,29.1152692],[-90.1911335,29.115151],[-90.1909878,29.1151809],[-90.1910196,29.115299],[-90.1911652,29.1152692]]]}},{"type":"Feature","properties":{"property_id":"PF-0115","address_label":"Structure near 29.1135, -90.1922","occupancy_type":"Unclassified structure (OSM building=yes)","flood_zone_code":"Unmapped","sfha":null,"risk_level":"Unknown","recommended_action":"FEMA NFHL coverage was unavailable or undetermined for this location. No risk tier is assigned; consult official FEMA and local floodplain-management sources before making decisions.","data_source":"OpenStreetMap building footprint + FEMA National Flood Hazard Layer (zone-based classification)","confidence_note":"No FEMA NFHL flood zone polygon was found intersecting this footprint in the queried data. This reflects a known coverage gap in the digitized flood hazard layer for this location (common in leveed/industrial coastal areas), not a confirmed low-risk determination.","building_height_m":5,"osm_way_id":978213160},"geometry":{"type":"Polygon","coordinates":[[[-90.1922681,29.1135134],[-90.1922636,29.1133883],[-90.1920964,29.1133929],[-90.1921009,29.1135179],[-90.1922681,29.1135134]]]}},{"type":"Feature","properties":{"property_id":"PF-0116","address_label":"Structure near 29.1134, -90.1926","occupancy_type":"Unclassified structure (OSM building=yes)","flood_zone_code":"Unmapped","sfha":null,"risk_level":"Unknown","recommended_action":"FEMA NFHL coverage was unavailable or undetermined for this location. No risk tier is assigned; consult official FEMA and local floodplain-management sources before making decisions.","data_source":"OpenStreetMap building footprint + FEMA National Flood Hazard Layer (zone-based classification)","confidence_note":"No FEMA NFHL flood zone polygon was found intersecting this footprint in the queried data. This reflects a known coverage gap in the digitized flood hazard layer for this location (common in leveed/industrial coastal areas), not a confirmed low-risk determination.","building_height_m":5,"osm_way_id":978213161},"geometry":{"type":"Polygon","coordinates":[[[-90.1926852,29.1134902],[-90.1927624,29.1133603],[-90.1926297,29.1133001],[-90.1926034,29.1133443],[-90.1925432,29.113317],[-90.1924923,29.1134026],[-90.1926852,29.1134902]]]}},{"type":"Feature","properties":{"property_id":"PF-0117","address_label":"Structure near 29.1138, -90.1927","occupancy_type":"Unclassified structure (OSM building=yes)","flood_zone_code":"Unmapped","sfha":null,"risk_level":"Unknown","recommended_action":"FEMA NFHL coverage was unavailable or undetermined for this location. No risk tier is assigned; consult official FEMA and local floodplain-management sources before making decisions.","data_source":"OpenStreetMap building footprint + FEMA National Flood Hazard Layer (zone-based classification)","confidence_note":"No FEMA NFHL flood zone polygon was found intersecting this footprint in the queried data. This reflects a known coverage gap in the digitized flood hazard layer for this location (common in leveed/industrial coastal areas), not a confirmed low-risk determination.","building_height_m":5,"osm_way_id":978213162},"geometry":{"type":"Polygon","coordinates":[[[-90.1927824,29.1140779],[-90.192771,29.1136028],[-90.1926781,29.1136045],[-90.1926896,29.1140796],[-90.1927824,29.1140779]]]}},{"type":"Feature","properties":{"property_id":"PF-0118","address_label":"Structure near 29.1138, -90.1926","occupancy_type":"Unclassified structure (OSM building=yes)","flood_zone_code":"Unmapped","sfha":null,"risk_level":"Unknown","recommended_action":"FEMA NFHL coverage was unavailable or undetermined for this location. No risk tier is assigned; consult official FEMA and local floodplain-management sources before making decisions.","data_source":"OpenStreetMap building footprint + FEMA National Flood Hazard Layer (zone-based classification)","confidence_note":"No FEMA NFHL flood zone polygon was found intersecting this footprint in the queried data. This reflects a known coverage gap in the digitized flood hazard layer for this location (common in leveed/industrial coastal areas), not a confirmed low-risk determination.","building_height_m":5,"osm_way_id":978213163},"geometry":{"type":"Polygon","coordinates":[[[-90.1926585,29.1140764],[-90.1926408,29.1135949],[-90.1925454,29.1135976],[-90.1925632,29.1140791],[-90.1926585,29.1140764]]]}},{"type":"Feature","properties":{"property_id":"PF-0119","address_label":"Structure near 29.1141, -90.1927","occupancy_type":"Unclassified structure (OSM building=yes)","flood_zone_code":"Unmapped","sfha":null,"risk_level":"Unknown","recommended_action":"FEMA NFHL coverage was unavailable or undetermined for this location. No risk tier is assigned; consult official FEMA and local floodplain-management sources before making decisions.","data_source":"OpenStreetMap building footprint + FEMA National Flood Hazard Layer (zone-based classification)","confidence_note":"No FEMA NFHL flood zone polygon was found intersecting this footprint in the queried data. This reflects a known coverage gap in the digitized flood hazard layer for this location (common in leveed/industrial coastal areas), not a confirmed low-risk determination.","building_height_m":5,"osm_way_id":978213164},"geometry":{"type":"Polygon","coordinates":[[[-90.1927602,29.114187],[-90.1927592,29.1141067],[-90.1925783,29.1141084],[-90.1925793,29.1141887],[-90.1927602,29.114187]]]}},{"type":"Feature","properties":{"property_id":"PF-0120","address_label":"Structure near 29.1138, -90.1954","occupancy_type":"Unclassified structure (OSM building=yes)","flood_zone_code":"Unmapped","sfha":null,"risk_level":"Unknown","recommended_action":"FEMA NFHL coverage was unavailable or undetermined for this location. No risk tier is assigned; consult official FEMA and local floodplain-management sources before making decisions.","data_source":"OpenStreetMap building footprint + FEMA National Flood Hazard Layer (zone-based classification)","confidence_note":"No FEMA NFHL flood zone polygon was found intersecting this footprint in the queried data. This reflects a known coverage gap in the digitized flood hazard layer for this location (common in leveed/industrial coastal areas), not a confirmed low-risk determination.","building_height_m":5,"osm_way_id":978213165},"geometry":{"type":"Polygon","coordinates":[[[-90.1954284,29.1138803],[-90.1955125,29.1137034],[-90.195297,29.1136252],[-90.1952129,29.1138021],[-90.1954284,29.1138803]]]}},{"type":"Feature","properties":{"property_id":"PF-0121","address_label":"Structure near 29.1142, -90.1952","occupancy_type":"Unclassified structure (OSM building=yes)","flood_zone_code":"Unmapped","sfha":null,"risk_level":"Unknown","recommended_action":"FEMA NFHL coverage was unavailable or undetermined for this location. No risk tier is assigned; consult official FEMA and local floodplain-management sources before making decisions.","data_source":"OpenStreetMap building footprint + FEMA National Flood Hazard Layer (zone-based classification)","confidence_note":"No FEMA NFHL flood zone polygon was found intersecting this footprint in the queried data. This reflects a known coverage gap in the digitized flood hazard layer for this location (common in leveed/industrial coastal areas), not a confirmed low-risk determination.","building_height_m":5,"osm_way_id":978213166},"geometry":{"type":"Polygon","coordinates":[[[-90.1952732,29.1141492],[-90.1952483,29.1141384],[-90.1952208,29.114135],[-90.1951935,29.1141393],[-90.1951692,29.1141511],[-90.1951504,29.1141689],[-90.195139,29.1141911],[-90.1951363,29.1142152],[-90.1951425,29.1142389],[-90.1951569,29.1142596],[-90.1951781,29.1142752],[-90.1952039,29.1142842],[-90.1952338,29.1142854],[-90.1952624,29.1142775],[-90.1952862,29.1142616],[-90.1953023,29.1142396],[-90.1953089,29.1142141],[-90.1953052,29.1141881],[-90.1952928,29.1141664],[-90.1952732,29.1141492]]]}},{"type":"Feature","properties":{"property_id":"PF-0122","address_label":"Structure near 29.1147, -90.1986","occupancy_type":"Unclassified structure (OSM building=yes)","flood_zone_code":"Unmapped","sfha":null,"risk_level":"Unknown","recommended_action":"FEMA NFHL coverage was unavailable or undetermined for this location. No risk tier is assigned; consult official FEMA and local floodplain-management sources before making decisions.","data_source":"OpenStreetMap building footprint + FEMA National Flood Hazard Layer (zone-based classification)","confidence_note":"No FEMA NFHL flood zone polygon was found intersecting this footprint in the queried data. This reflects a known coverage gap in the digitized flood hazard layer for this location (common in leveed/industrial coastal areas), not a confirmed low-risk determination.","building_height_m":5,"osm_way_id":978213167},"geometry":{"type":"Polygon","coordinates":[[[-90.1987535,29.114823],[-90.1987623,29.1146725],[-90.198409,29.1146568],[-90.1984002,29.1148072],[-90.1987535,29.114823]]]}},{"type":"Feature","properties":{"property_id":"PF-0123","address_label":"Structure near 29.1151, -90.1984","occupancy_type":"Unclassified structure (OSM building=yes)","flood_zone_code":"Unmapped","sfha":null,"risk_level":"Unknown","recommended_action":"FEMA NFHL coverage was unavailable or undetermined for this location. No risk tier is assigned; consult official FEMA and local floodplain-management sources before making decisions.","data_source":"OpenStreetMap building footprint + FEMA National Flood Hazard Layer (zone-based classification)","confidence_note":"No FEMA NFHL flood zone polygon was found intersecting this footprint in the queried data. This reflects a known coverage gap in the digitized flood hazard layer for this location (common in leveed/industrial coastal areas), not a confirmed low-risk determination.","building_height_m":5,"osm_way_id":978213168},"geometry":{"type":"Polygon","coordinates":[[[-90.1984382,29.1151572],[-90.198448,29.1150809],[-90.1983095,29.1150674],[-90.1982997,29.1151436],[-90.1984382,29.1151572]]]}},{"type":"Feature","properties":{"property_id":"PF-0124","address_label":"Structure near 29.1166, -90.1984","occupancy_type":"Unclassified structure (OSM building=yes)","flood_zone_code":"Unmapped","sfha":null,"risk_level":"Unknown","recommended_action":"FEMA NFHL coverage was unavailable or undetermined for this location. No risk tier is assigned; consult official FEMA and local floodplain-management sources before making decisions.","data_source":"OpenStreetMap building footprint + FEMA National Flood Hazard Layer (zone-based classification)","confidence_note":"No FEMA NFHL flood zone polygon was found intersecting this footprint in the queried data. This reflects a known coverage gap in the digitized flood hazard layer for this location (common in leveed/industrial coastal areas), not a confirmed low-risk determination.","building_height_m":5,"osm_way_id":978213169},"geometry":{"type":"Polygon","coordinates":[[[-90.198512,29.1167294],[-90.1985043,29.1164463],[-90.1982892,29.1164507],[-90.1982969,29.1167338],[-90.198512,29.1167294]]]}},{"type":"Feature","properties":{"property_id":"PF-0125","address_label":"Structure near 29.1172, -90.1974","occupancy_type":"Unclassified structure (OSM building=yes)","flood_zone_code":"Unmapped","sfha":null,"risk_level":"Unknown","recommended_action":"FEMA NFHL coverage was unavailable or undetermined for this location. No risk tier is assigned; consult official FEMA and local floodplain-management sources before making decisions.","data_source":"OpenStreetMap building footprint + FEMA National Flood Hazard Layer (zone-based classification)","confidence_note":"No FEMA NFHL flood zone polygon was found intersecting this footprint in the queried data. This reflects a known coverage gap in the digitized flood hazard layer for this location (common in leveed/industrial coastal areas), not a confirmed low-risk determination.","building_height_m":5,"osm_way_id":978213170},"geometry":{"type":"Polygon","coordinates":[[[-90.197737,29.1173517],[-90.1975812,29.1169879],[-90.1971158,29.11714],[-90.1972715,29.1175037],[-90.197737,29.1173517]]]}},{"type":"Feature","properties":{"property_id":"PF-0126","address_label":"Structure near 29.1170, -90.1972","occupancy_type":"Unclassified structure (OSM building=yes)","flood_zone_code":"Unmapped","sfha":null,"risk_level":"Unknown","recommended_action":"FEMA NFHL coverage was unavailable or undetermined for this location. No risk tier is assigned; consult official FEMA and local floodplain-management sources before making decisions.","data_source":"OpenStreetMap building footprint + FEMA National Flood Hazard Layer (zone-based classification)","confidence_note":"No FEMA NFHL flood zone polygon was found intersecting this footprint in the queried data. This reflects a known coverage gap in the digitized flood hazard layer for this location (common in leveed/industrial coastal areas), not a confirmed low-risk determination.","building_height_m":5,"osm_way_id":978213171},"geometry":{"type":"Polygon","coordinates":[[[-90.1973466,29.1170034],[-90.1972924,29.116883],[-90.1970523,29.1169655],[-90.1971065,29.1170859],[-90.1973466,29.1170034]]]}},{"type":"Feature","properties":{"property_id":"PF-0127","address_label":"Structure near 29.1175, -90.1962","occupancy_type":"Unclassified structure (OSM building=yes)","flood_zone_code":"Unmapped","sfha":null,"risk_level":"Unknown","recommended_action":"FEMA NFHL coverage was unavailable or undetermined for this location. No risk tier is assigned; consult official FEMA and local floodplain-management sources before making decisions.","data_source":"OpenStreetMap building footprint + FEMA National Flood Hazard Layer (zone-based classification)","confidence_note":"No FEMA NFHL flood zone polygon was found intersecting this footprint in the queried data. This reflects a known coverage gap in the digitized flood hazard layer for this location (common in leveed/industrial coastal areas), not a confirmed low-risk determination.","building_height_m":5,"osm_way_id":978213172},"geometry":{"type":"Polygon","coordinates":[[[-90.1963588,29.1176404],[-90.1962471,29.117337],[-90.1960975,29.1173791],[-90.1962093,29.1176824],[-90.1963588,29.1176404]]]}},{"type":"Feature","properties":{"property_id":"PF-0128","address_label":"Structure near 29.1165, -90.1987","occupancy_type":"Unclassified structure (OSM building=yes)","flood_zone_code":"Unmapped","sfha":null,"risk_level":"Unknown","recommended_action":"FEMA NFHL coverage was unavailable or undetermined for this location. No risk tier is assigned; consult official FEMA and local floodplain-management sources before making decisions.","data_source":"OpenStreetMap building footprint + FEMA National Flood Hazard Layer (zone-based classification)","confidence_note":"No FEMA NFHL flood zone polygon was found intersecting this footprint in the queried data. This reflects a known coverage gap in the digitized flood hazard layer for this location (common in leveed/industrial coastal areas), not a confirmed low-risk determination.","building_height_m":5,"osm_way_id":978213173},"geometry":{"type":"Polygon","coordinates":[[[-90.1987874,29.1164807],[-90.1987871,29.1164393],[-90.1985651,29.1164402],[-90.1985653,29.1164817],[-90.1987874,29.1164807]]]}},{"type":"Feature","properties":{"property_id":"PF-0129","address_label":"Structure near 29.1170, -90.1942","occupancy_type":"Unclassified structure (OSM building=yes)","flood_zone_code":"Unmapped","sfha":null,"risk_level":"Unknown","recommended_action":"FEMA NFHL coverage was unavailable or undetermined for this location. No risk tier is assigned; consult official FEMA and local floodplain-management sources before making decisions.","data_source":"OpenStreetMap building footprint + FEMA National Flood Hazard Layer (zone-based classification)","confidence_note":"No FEMA NFHL flood zone polygon was found intersecting this footprint in the queried data. This reflects a known coverage gap in the digitized flood hazard layer for this location (common in leveed/industrial coastal areas), not a confirmed low-risk determination.","building_height_m":5,"osm_way_id":978213174},"geometry":{"type":"Polygon","coordinates":[[[-90.1942616,29.1170893],[-90.1942065,29.116946],[-90.1940799,29.1169832],[-90.194135,29.1171265],[-90.1942616,29.1170893]]]}},{"type":"Feature","properties":{"property_id":"PF-0130","address_label":"Structure near 29.1173, -90.1943","occupancy_type":"Unclassified structure (OSM building=yes)","flood_zone_code":"Unmapped","sfha":null,"risk_level":"Unknown","recommended_action":"FEMA NFHL coverage was unavailable or undetermined for this location. No risk tier is assigned; consult official FEMA and local floodplain-management sources before making decisions.","data_source":"OpenStreetMap building footprint + FEMA National Flood Hazard Layer (zone-based classification)","confidence_note":"No FEMA NFHL flood zone polygon was found intersecting this footprint in the queried data. This reflects a known coverage gap in the digitized flood hazard layer for this location (common in leveed/industrial coastal areas), not a confirmed low-risk determination.","building_height_m":5,"osm_way_id":978213175},"geometry":{"type":"Polygon","coordinates":[[[-90.1944114,29.1173939],[-90.1943607,29.117264],[-90.1942375,29.1173008],[-90.1942883,29.1174306],[-90.1944114,29.1173939]]]}},{"type":"Feature","properties":{"property_id":"PF-0131","address_label":"Structure near 29.1184, -90.1942","occupancy_type":"Unclassified structure (OSM building=yes)","flood_zone_code":"Unmapped","sfha":null,"risk_level":"Unknown","recommended_action":"FEMA NFHL coverage was unavailable or undetermined for this location. No risk tier is assigned; consult official FEMA and local floodplain-management sources before making decisions.","data_source":"OpenStreetMap building footprint + FEMA National Flood Hazard Layer (zone-based classification)","confidence_note":"No FEMA NFHL flood zone polygon was found intersecting this footprint in the queried data. This reflects a known coverage gap in the digitized flood hazard layer for this location (common in leveed/industrial coastal areas), not a confirmed low-risk determination.","building_height_m":5,"osm_way_id":978213176},"geometry":{"type":"Polygon","coordinates":[[[-90.1942999,29.118453],[-90.1942587,29.1183524],[-90.1940288,29.1184243],[-90.19407,29.1185249],[-90.1942999,29.118453]]]}},{"type":"Feature","properties":{"property_id":"PF-0132","address_label":"Structure near 29.1186, -90.1943","occupancy_type":"Unclassified structure (OSM building=yes)","flood_zone_code":"Unmapped","sfha":null,"risk_level":"Unknown","recommended_action":"FEMA NFHL coverage was unavailable or undetermined for this location. No risk tier is assigned; consult official FEMA and local floodplain-management sources before making decisions.","data_source":"OpenStreetMap building footprint + FEMA National Flood Hazard Layer (zone-based classification)","confidence_note":"No FEMA NFHL flood zone polygon was found intersecting this footprint in the queried data. This reflects a known coverage gap in the digitized flood hazard layer for this location (common in leveed/industrial coastal areas), not a confirmed low-risk determination.","building_height_m":5,"osm_way_id":978213177},"geometry":{"type":"Polygon","coordinates":[[[-90.1944814,29.1186185],[-90.1944308,29.1184936],[-90.1940705,29.118605],[-90.1941212,29.11873],[-90.1944814,29.1186185]]]}},{"type":"Feature","properties":{"property_id":"PF-0133","address_label":"Structure near 29.1185, -90.1946","occupancy_type":"Unclassified structure (OSM building=yes)","flood_zone_code":"Unmapped","sfha":null,"risk_level":"Unknown","recommended_action":"FEMA NFHL coverage was unavailable or undetermined for this location. No risk tier is assigned; consult official FEMA and local floodplain-management sources before making decisions.","data_source":"OpenStreetMap building footprint + FEMA National Flood Hazard Layer (zone-based classification)","confidence_note":"No FEMA NFHL flood zone polygon was found intersecting this footprint in the queried data. This reflects a known coverage gap in the digitized flood hazard layer for this location (common in leveed/industrial coastal areas), not a confirmed low-risk determination.","building_height_m":5,"osm_way_id":978213178},"geometry":{"type":"Polygon","coordinates":[[[-90.1946773,29.118479],[-90.194657,29.1184273],[-90.1945555,29.1184575],[-90.1945758,29.1185093],[-90.1946773,29.118479]]]}},{"type":"Feature","properties":{"property_id":"PF-0134","address_label":"Structure near 29.1191, -90.1948","occupancy_type":"Unclassified structure (OSM building=yes)","flood_zone_code":"Unmapped","sfha":null,"risk_level":"Unknown","recommended_action":"FEMA NFHL coverage was unavailable or undetermined for this location. No risk tier is assigned; consult official FEMA and local floodplain-management sources before making decisions.","data_source":"OpenStreetMap building footprint + FEMA National Flood Hazard Layer (zone-based classification)","confidence_note":"No FEMA NFHL flood zone polygon was found intersecting this footprint in the queried data. This reflects a known coverage gap in the digitized flood hazard layer for this location (common in leveed/industrial coastal areas), not a confirmed low-risk determination.","building_height_m":5,"osm_way_id":978213179},"geometry":{"type":"Polygon","coordinates":[[[-90.1950997,29.1191913],[-90.1949785,29.118907],[-90.194451,29.1190787],[-90.1945722,29.1193629],[-90.1950997,29.1191913]]]}},{"type":"Feature","properties":{"property_id":"PF-0135","address_label":"Structure near 29.1190, -90.1954","occupancy_type":"Unclassified structure (OSM building=yes)","flood_zone_code":"Unmapped","sfha":null,"risk_level":"Unknown","recommended_action":"FEMA NFHL coverage was unavailable or undetermined for this location. No risk tier is assigned; consult official FEMA and local floodplain-management sources before making decisions.","data_source":"OpenStreetMap building footprint + FEMA National Flood Hazard Layer (zone-based classification)","confidence_note":"No FEMA NFHL flood zone polygon was found intersecting this footprint in the queried data. This reflects a known coverage gap in the digitized flood hazard layer for this location (common in leveed/industrial coastal areas), not a confirmed low-risk determination.","building_height_m":5,"osm_way_id":978213180},"geometry":{"type":"Polygon","coordinates":[[[-90.1954977,29.1189736],[-90.1954599,29.1188831],[-90.1952704,29.1189434],[-90.1953082,29.1190339],[-90.1954977,29.1189736]]]}},{"type":"Feature","properties":{"property_id":"PF-0136","address_label":"Structure near 29.1187, -90.1953","occupancy_type":"Unclassified structure (OSM building=yes)","flood_zone_code":"Unmapped","sfha":null,"risk_level":"Unknown","recommended_action":"FEMA NFHL coverage was unavailable or undetermined for this location. No risk tier is assigned; consult official FEMA and local floodplain-management sources before making decisions.","data_source":"OpenStreetMap building footprint + FEMA National Flood Hazard Layer (zone-based classification)","confidence_note":"No FEMA NFHL flood zone polygon was found intersecting this footprint in the queried data. This reflects a known coverage gap in the digitized flood hazard layer for this location (common in leveed/industrial coastal areas), not a confirmed low-risk determination.","building_height_m":5,"osm_way_id":978213181},"geometry":{"type":"Polygon","coordinates":[[[-90.1955101,29.1187787],[-90.1954204,29.1185633],[-90.1951122,29.1186614],[-90.1952019,29.1188767],[-90.1955101,29.1187787]]]}},{"type":"Feature","properties":{"property_id":"PF-0137","address_label":"Structure near 29.1195, -90.1955","occupancy_type":"Unclassified structure (OSM building=yes)","flood_zone_code":"Unmapped","sfha":null,"risk_level":"Unknown","recommended_action":"FEMA NFHL coverage was unavailable or undetermined for this location. No risk tier is assigned; consult official FEMA and local floodplain-management sources before making decisions.","data_source":"OpenStreetMap building footprint + FEMA National Flood Hazard Layer (zone-based classification)","confidence_note":"No FEMA NFHL flood zone polygon was found intersecting this footprint in the queried data. This reflects a known coverage gap in the digitized flood hazard layer for this location (common in leveed/industrial coastal areas), not a confirmed low-risk determination.","building_height_m":5,"osm_way_id":978213182},"geometry":{"type":"Polygon","coordinates":[[[-90.1955605,29.1195612],[-90.1955055,29.1194312],[-90.1954435,29.1194512],[-90.1954986,29.1195812],[-90.1955605,29.1195612]]]}},{"type":"Feature","properties":{"property_id":"PF-0138","address_label":"Structure near 29.1198, -90.1948","occupancy_type":"Unclassified structure (OSM building=yes)","flood_zone_code":"Unmapped","sfha":null,"risk_level":"Unknown","recommended_action":"FEMA NFHL coverage was unavailable or undetermined for this location. No risk tier is assigned; consult official FEMA and local floodplain-management sources before making decisions.","data_source":"OpenStreetMap building footprint + FEMA National Flood Hazard Layer (zone-based classification)","confidence_note":"No FEMA NFHL flood zone polygon was found intersecting this footprint in the queried data. This reflects a known coverage gap in the digitized flood hazard layer for this location (common in leveed/industrial coastal areas), not a confirmed low-risk determination.","building_height_m":5,"osm_way_id":978213183},"geometry":{"type":"Polygon","coordinates":[[[-90.1951197,29.1198186],[-90.1950543,29.119657],[-90.1945314,29.1198183],[-90.1945967,29.11998],[-90.1951197,29.1198186]]]}},{"type":"Feature","properties":{"property_id":"PF-0139","address_label":"Structure near 29.1206, -90.1953","occupancy_type":"Unclassified structure (OSM building=yes)","flood_zone_code":"Unmapped","sfha":null,"risk_level":"Unknown","recommended_action":"FEMA NFHL coverage was unavailable or undetermined for this location. No risk tier is assigned; consult official FEMA and local floodplain-management sources before making decisions.","data_source":"OpenStreetMap building footprint + FEMA National Flood Hazard Layer (zone-based classification)","confidence_note":"No FEMA NFHL flood zone polygon was found intersecting this footprint in the queried data. This reflects a known coverage gap in the digitized flood hazard layer for this location (common in leveed/industrial coastal areas), not a confirmed low-risk determination.","building_height_m":5,"osm_way_id":978213184},"geometry":{"type":"Polygon","coordinates":[[[-90.1954674,29.1206877],[-90.1953708,29.1204388],[-90.195196,29.1204906],[-90.1952927,29.1207395],[-90.1954674,29.1206877]]]}},{"type":"Feature","properties":{"property_id":"PF-0140","address_label":"Structure near 29.1202, -90.1964","occupancy_type":"Unclassified structure (OSM building=yes)","flood_zone_code":"Unmapped","sfha":null,"risk_level":"Unknown","recommended_action":"FEMA NFHL coverage was unavailable or undetermined for this location. No risk tier is assigned; consult official FEMA and local floodplain-management sources before making decisions.","data_source":"OpenStreetMap building footprint + FEMA National Flood Hazard Layer (zone-based classification)","confidence_note":"No FEMA NFHL flood zone polygon was found intersecting this footprint in the queried data. This reflects a known coverage gap in the digitized flood hazard layer for this location (common in leveed/industrial coastal areas), not a confirmed low-risk determination.","building_height_m":5,"osm_way_id":978214553},"geometry":{"type":"Polygon","coordinates":[[[-90.1965047,29.1202817],[-90.1964231,29.1200883],[-90.1962998,29.120128],[-90.1963815,29.1203214],[-90.1965047,29.1202817]]]}},{"type":"Feature","properties":{"property_id":"PF-0141","address_label":"Structure near 29.1203, -90.1959","occupancy_type":"Unclassified structure (OSM building=yes)","flood_zone_code":"Unmapped","sfha":null,"risk_level":"Unknown","recommended_action":"FEMA NFHL coverage was unavailable or undetermined for this location. No risk tier is assigned; consult official FEMA and local floodplain-management sources before making decisions.","data_source":"OpenStreetMap building footprint + FEMA National Flood Hazard Layer (zone-based classification)","confidence_note":"No FEMA NFHL flood zone polygon was found intersecting this footprint in the queried data. This reflects a known coverage gap in the digitized flood hazard layer for this location (common in leveed/industrial coastal areas), not a confirmed low-risk determination.","building_height_m":5,"osm_way_id":978214554},"geometry":{"type":"Polygon","coordinates":[[[-90.1960216,29.1202464],[-90.1960026,29.1201993],[-90.1957851,29.1202662],[-90.1958624,29.1204581],[-90.1959428,29.1204333],[-90.1959281,29.1203971],[-90.1959681,29.1203848],[-90.1959243,29.1202764],[-90.1960216,29.1202464]]]}},{"type":"Feature","properties":{"property_id":"PF-0142","address_label":"Structure near 29.1215, -90.1962","occupancy_type":"Unclassified structure (OSM building=yes)","flood_zone_code":"Unmapped","sfha":null,"risk_level":"Unknown","recommended_action":"FEMA NFHL coverage was unavailable or undetermined for this location. No risk tier is assigned; consult official FEMA and local floodplain-management sources before making decisions.","data_source":"OpenStreetMap building footprint + FEMA National Flood Hazard Layer (zone-based classification)","confidence_note":"No FEMA NFHL flood zone polygon was found intersecting this footprint in the queried data. This reflects a known coverage gap in the digitized flood hazard layer for this location (common in leveed/industrial coastal areas), not a confirmed low-risk determination.","building_height_m":5,"osm_way_id":978214555},"geometry":{"type":"Polygon","coordinates":[[[-90.1963137,29.1215485],[-90.1962571,29.1214152],[-90.1961248,29.121458],[-90.1961813,29.1215913],[-90.1963137,29.1215485]]]}},{"type":"Feature","properties":{"property_id":"PF-0143","address_label":"Structure near 29.1223, -90.1952","occupancy_type":"Unclassified structure (OSM building=yes)","flood_zone_code":"Unmapped","sfha":null,"risk_level":"Unknown","recommended_action":"FEMA NFHL coverage was unavailable or undetermined for this location. No risk tier is assigned; consult official FEMA and local floodplain-management sources before making decisions.","data_source":"OpenStreetMap building footprint + FEMA National Flood Hazard Layer (zone-based classification)","confidence_note":"No FEMA NFHL flood zone polygon was found intersecting this footprint in the queried data. This reflects a known coverage gap in the digitized flood hazard layer for this location (common in leveed/industrial coastal areas), not a confirmed low-risk determination.","building_height_m":5,"osm_way_id":978214556},"geometry":{"type":"Polygon","coordinates":[[[-90.1952818,29.122379],[-90.1952872,29.1223302],[-90.1950607,29.1223111],[-90.1950553,29.1223599],[-90.1952818,29.122379]]]}},{"type":"Feature","properties":{"property_id":"PF-0144","address_label":"Structure near 29.1222, -90.1952","occupancy_type":"Unclassified structure (OSM building=yes)","flood_zone_code":"Unmapped","sfha":null,"risk_level":"Unknown","recommended_action":"FEMA NFHL coverage was unavailable or undetermined for this location. No risk tier is assigned; consult official FEMA and local floodplain-management sources before making decisions.","data_source":"OpenStreetMap building footprint + FEMA National Flood Hazard Layer (zone-based classification)","confidence_note":"No FEMA NFHL flood zone polygon was found intersecting this footprint in the queried data. This reflects a known coverage gap in the digitized flood hazard layer for this location (common in leveed/industrial coastal areas), not a confirmed low-risk determination.","building_height_m":5,"osm_way_id":978214557},"geometry":{"type":"Polygon","coordinates":[[[-90.1952706,29.1222646],[-90.1952749,29.1222244],[-90.1950613,29.1222069],[-90.1950569,29.122247],[-90.1952706,29.1222646]]]}},{"type":"Feature","properties":{"property_id":"PF-0145","address_label":"Structure near 29.1224, -90.1956","occupancy_type":"Unclassified structure (OSM building=yes)","flood_zone_code":"Unmapped","sfha":null,"risk_level":"Unknown","recommended_action":"FEMA NFHL coverage was unavailable or undetermined for this location. No risk tier is assigned; consult official FEMA and local floodplain-management sources before making decisions.","data_source":"OpenStreetMap building footprint + FEMA National Flood Hazard Layer (zone-based classification)","confidence_note":"No FEMA NFHL flood zone polygon was found intersecting this footprint in the queried data. This reflects a known coverage gap in the digitized flood hazard layer for this location (common in leveed/industrial coastal areas), not a confirmed low-risk determination.","building_height_m":5,"osm_way_id":978214558},"geometry":{"type":"Polygon","coordinates":[[[-90.1957248,29.1224237],[-90.1957274,29.1223655],[-90.195547,29.1223592],[-90.1955444,29.1224174],[-90.1957248,29.1224237]]]}},{"type":"Feature","properties":{"property_id":"PF-0146","address_label":"Structure near 29.1224, -90.1959","occupancy_type":"Unclassified structure (OSM building=yes)","flood_zone_code":"Unmapped","sfha":null,"risk_level":"Unknown","recommended_action":"FEMA NFHL coverage was unavailable or undetermined for this location. No risk tier is assigned; consult official FEMA and local floodplain-management sources before making decisions.","data_source":"OpenStreetMap building footprint + FEMA National Flood Hazard Layer (zone-based classification)","confidence_note":"No FEMA NFHL flood zone polygon was found intersecting this footprint in the queried data. This reflects a known coverage gap in the digitized flood hazard layer for this location (common in leveed/industrial coastal areas), not a confirmed low-risk determination.","building_height_m":5,"osm_way_id":978214559},"geometry":{"type":"Polygon","coordinates":[[[-90.196026,29.1224199],[-90.1960297,29.1223773],[-90.1958033,29.1223625],[-90.1957997,29.1224052],[-90.196026,29.1224199]]]}},{"type":"Feature","properties":{"property_id":"PF-0147","address_label":"Structure near 29.1224, -90.1962","occupancy_type":"Unclassified structure (OSM building=yes)","flood_zone_code":"Unmapped","sfha":null,"risk_level":"Unknown","recommended_action":"FEMA NFHL coverage was unavailable or undetermined for this location. No risk tier is assigned; consult official FEMA and local floodplain-management sources before making decisions.","data_source":"OpenStreetMap building footprint + FEMA National Flood Hazard Layer (zone-based classification)","confidence_note":"No FEMA NFHL flood zone polygon was found intersecting this footprint in the queried data. This reflects a known coverage gap in the digitized flood hazard layer for this location (common in leveed/industrial coastal areas), not a confirmed low-risk determination.","building_height_m":5,"osm_way_id":978214560},"geometry":{"type":"Polygon","coordinates":[[[-90.1962397,29.1224265],[-90.1962428,29.1223966],[-90.1961114,29.1223864],[-90.1961083,29.1224163],[-90.1962397,29.1224265]]]}},{"type":"Feature","properties":{"property_id":"PF-0148","address_label":"Structure near 29.1227, -90.1961","occupancy_type":"Unclassified structure (OSM building=yes)","flood_zone_code":"Unmapped","sfha":null,"risk_level":"Unknown","recommended_action":"FEMA NFHL coverage was unavailable or undetermined for this location. No risk tier is assigned; consult official FEMA and local floodplain-management sources before making decisions.","data_source":"OpenStreetMap building footprint + FEMA National Flood Hazard Layer (zone-based classification)","confidence_note":"No FEMA NFHL flood zone polygon was found intersecting this footprint in the queried data. This reflects a known coverage gap in the digitized flood hazard layer for this location (common in leveed/industrial coastal areas), not a confirmed low-risk determination.","building_height_m":5,"osm_way_id":978214561},"geometry":{"type":"Polygon","coordinates":[[[-90.1961872,29.1227882],[-90.1961947,29.122653],[-90.1959457,29.1226424],[-90.1959382,29.1227777],[-90.1961872,29.1227882]]]}},{"type":"Feature","properties":{"property_id":"PF-0149","address_label":"Structure near 29.1227, -90.1954","occupancy_type":"Unclassified structure (OSM building=yes)","flood_zone_code":"Unmapped","sfha":null,"risk_level":"Unknown","recommended_action":"FEMA NFHL coverage was unavailable or undetermined for this location. No risk tier is assigned; consult official FEMA and local floodplain-management sources before making decisions.","data_source":"OpenStreetMap building footprint + FEMA National Flood Hazard Layer (zone-based classification)","confidence_note":"No FEMA NFHL flood zone polygon was found intersecting this footprint in the queried data. This reflects a known coverage gap in the digitized flood hazard layer for this location (common in leveed/industrial coastal areas), not a confirmed low-risk determination.","building_height_m":5,"osm_way_id":978214562},"geometry":{"type":"Polygon","coordinates":[[[-90.195602,29.122784],[-90.195611,29.1226489],[-90.1951059,29.1226233],[-90.195097,29.1227585],[-90.195602,29.122784]]]}},{"type":"Feature","properties":{"property_id":"PF-0150","address_label":"Structure near 29.1235, -90.1950","occupancy_type":"Unclassified structure (OSM building=yes)","flood_zone_code":"Unmapped","sfha":null,"risk_level":"Unknown","recommended_action":"FEMA NFHL coverage was unavailable or undetermined for this location. No risk tier is assigned; consult official FEMA and local floodplain-management sources before making decisions.","data_source":"OpenStreetMap building footprint + FEMA National Flood Hazard Layer (zone-based classification)","confidence_note":"No FEMA NFHL flood zone polygon was found intersecting this footprint in the queried data. This reflects a known coverage gap in the digitized flood hazard layer for this location (common in leveed/industrial coastal areas), not a confirmed low-risk determination.","building_height_m":5,"osm_way_id":978214563},"geometry":{"type":"Polygon","coordinates":[[[-90.1951246,29.1235965],[-90.1951642,29.1233533],[-90.1949555,29.1233273],[-90.1949159,29.1235705],[-90.1951246,29.1235965]]]}},{"type":"Feature","properties":{"property_id":"PF-0151","address_label":"Structure near 29.1242, -90.1948","occupancy_type":"Unclassified structure (OSM building=yes)","flood_zone_code":"Unmapped","sfha":null,"risk_level":"Unknown","recommended_action":"FEMA NFHL coverage was unavailable or undetermined for this location. No risk tier is assigned; consult official FEMA and local floodplain-management sources before making decisions.","data_source":"OpenStreetMap building footprint + FEMA National Flood Hazard Layer (zone-based classification)","confidence_note":"No FEMA NFHL flood zone polygon was found intersecting this footprint in the queried data. This reflects a known coverage gap in the digitized flood hazard layer for this location (common in leveed/industrial coastal areas), not a confirmed low-risk determination.","building_height_m":5,"osm_way_id":978214564},"geometry":{"type":"Polygon","coordinates":[[[-90.1950353,29.1243512],[-90.1950878,29.1242232],[-90.1948336,29.1241437],[-90.1946763,29.1239873],[-90.1945653,29.1240725],[-90.1947587,29.1242647],[-90.1950353,29.1243512]]]}},{"type":"Feature","properties":{"property_id":"PF-0152","address_label":"Structure near 29.1244, -90.1953","occupancy_type":"Unclassified structure (OSM building tag)","flood_zone_code":"Unmapped","sfha":null,"risk_level":"Unknown","recommended_action":"FEMA NFHL coverage was unavailable or undetermined for this location. No risk tier is assigned; consult official FEMA and local floodplain-management sources before making decisions.","data_source":"OpenStreetMap building footprint + FEMA National Flood Hazard Layer (zone-based classification)","confidence_note":"No FEMA NFHL flood zone polygon was found intersecting this footprint in the queried data. This reflects a known coverage gap in the digitized flood hazard layer for this location (common in leveed/industrial coastal areas), not a confirmed low-risk determination.","building_height_m":5,"osm_way_id":978214565},"geometry":{"type":"Polygon","coordinates":[[[-90.1953242,29.1243957],[-90.1953537,29.1243421],[-90.1951993,29.1243322],[-90.195172,29.1243878],[-90.1953242,29.1243957]]]}},{"type":"Feature","properties":{"property_id":"PF-0153","address_label":"Structure near 29.1244, -90.1965","occupancy_type":"Unclassified structure (OSM building=yes)","flood_zone_code":"Unmapped","sfha":null,"risk_level":"Unknown","recommended_action":"FEMA NFHL coverage was unavailable or undetermined for this location. No risk tier is assigned; consult official FEMA and local floodplain-management sources before making decisions.","data_source":"OpenStreetMap building footprint + FEMA National Flood Hazard Layer (zone-based classification)","confidence_note":"No FEMA NFHL flood zone polygon was found intersecting this footprint in the queried data. This reflects a known coverage gap in the digitized flood hazard layer for this location (common in leveed/industrial coastal areas), not a confirmed low-risk determination.","building_height_m":5,"osm_way_id":978214566},"geometry":{"type":"Polygon","coordinates":[[[-90.1966358,29.1244911],[-90.1966398,29.1244046],[-90.1963991,29.1243961],[-90.1963951,29.1244826],[-90.1966358,29.1244911]]]}},{"type":"Feature","properties":{"property_id":"PF-0154","address_label":"Structure near 29.1229, -90.1974","occupancy_type":"Unclassified structure (OSM building=yes)","flood_zone_code":"Unmapped","sfha":null,"risk_level":"Unknown","recommended_action":"FEMA NFHL coverage was unavailable or undetermined for this location. No risk tier is assigned; consult official FEMA and local floodplain-management sources before making decisions.","data_source":"OpenStreetMap building footprint + FEMA National Flood Hazard Layer (zone-based classification)","confidence_note":"No FEMA NFHL flood zone polygon was found intersecting this footprint in the queried data. This reflects a known coverage gap in the digitized flood hazard layer for this location (common in leveed/industrial coastal areas), not a confirmed low-risk determination.","building_height_m":5,"osm_way_id":978214567},"geometry":{"type":"Polygon","coordinates":[[[-90.1975354,29.1228979],[-90.1975423,29.122825],[-90.1973045,29.1228076],[-90.1972975,29.1228805],[-90.1975354,29.1228979]]]}},{"type":"Feature","properties":{"property_id":"PF-0155","address_label":"Structure near 29.1232, -90.1980","occupancy_type":"Unclassified structure (OSM building=yes)","flood_zone_code":"Unmapped","sfha":null,"risk_level":"Unknown","recommended_action":"FEMA NFHL coverage was unavailable or undetermined for this location. No risk tier is assigned; consult official FEMA and local floodplain-management sources before making decisions.","data_source":"OpenStreetMap building footprint + FEMA National Flood Hazard Layer (zone-based classification)","confidence_note":"No FEMA NFHL flood zone polygon was found intersecting this footprint in the queried data. This reflects a known coverage gap in the digitized flood hazard layer for this location (common in leveed/industrial coastal areas), not a confirmed low-risk determination.","building_height_m":5,"osm_way_id":978214568},"geometry":{"type":"Polygon","coordinates":[[[-90.1983111,29.123242],[-90.1983208,29.1231198],[-90.1977672,29.1230862],[-90.1977575,29.1232085],[-90.1983111,29.123242]]]}},{"type":"Feature","properties":{"property_id":"PF-0156","address_label":"Structure near 29.1235, -90.1978","occupancy_type":"Unclassified structure (OSM building=yes)","flood_zone_code":"Unmapped","sfha":null,"risk_level":"Unknown","recommended_action":"FEMA NFHL coverage was unavailable or undetermined for this location. No risk tier is assigned; consult official FEMA and local floodplain-management sources before making decisions.","data_source":"OpenStreetMap building footprint + FEMA National Flood Hazard Layer (zone-based classification)","confidence_note":"No FEMA NFHL flood zone polygon was found intersecting this footprint in the queried data. This reflects a known coverage gap in the digitized flood hazard layer for this location (common in leveed/industrial coastal areas), not a confirmed low-risk determination.","building_height_m":5,"osm_way_id":978214569},"geometry":{"type":"Polygon","coordinates":[[[-90.1980401,29.1237119],[-90.1980622,29.1233641],[-90.1978096,29.1233518],[-90.197806,29.1234086],[-90.1977338,29.1234051],[-90.1977244,29.1235531],[-90.1977996,29.1235568],[-90.1977905,29.1236997],[-90.1980401,29.1237119]]]}},{"type":"Feature","properties":{"property_id":"PF-0157","address_label":"Structure near 29.1243, -90.1987","occupancy_type":"Unclassified structure (OSM building=yes)","flood_zone_code":"Unmapped","sfha":null,"risk_level":"Unknown","recommended_action":"FEMA NFHL coverage was unavailable or undetermined for this location. No risk tier is assigned; consult official FEMA and local floodplain-management sources before making decisions.","data_source":"OpenStreetMap building footprint + FEMA National Flood Hazard Layer (zone-based classification)","confidence_note":"No FEMA NFHL flood zone polygon was found intersecting this footprint in the queried data. This reflects a known coverage gap in the digitized flood hazard layer for this location (common in leveed/industrial coastal areas), not a confirmed low-risk determination.","building_height_m":5,"osm_way_id":978214570},"geometry":{"type":"Polygon","coordinates":[[[-90.1987866,29.1241693],[-90.198753,29.1241631],[-90.1987188,29.1241667],[-90.1986878,29.1241796],[-90.1986632,29.1242006],[-90.1986476,29.1242273],[-90.1986427,29.124257],[-90.1986489,29.1242866],[-90.1986657,29.1243128],[-90.1986912,29.1243329],[-90.1987227,29.1243448],[-90.198757,29.1243472],[-90.1987915,29.1243394],[-90.198821,29.1243221],[-90.1988423,29.1242972],[-90.1988529,29.1242675],[-90.1988516,29.1242364],[-90.1988385,29.1242074],[-90.1988161,29.1241846],[-90.1987866,29.1241693]]]}},{"type":"Feature","properties":{"property_id":"PF-0158","address_label":"Structure near 29.1242, -90.1984","occupancy_type":"Unclassified structure (OSM building=yes)","flood_zone_code":"Unmapped","sfha":null,"risk_level":"Unknown","recommended_action":"FEMA NFHL coverage was unavailable or undetermined for this location. No risk tier is assigned; consult official FEMA and local floodplain-management sources before making decisions.","data_source":"OpenStreetMap building footprint + FEMA National Flood Hazard Layer (zone-based classification)","confidence_note":"No FEMA NFHL flood zone polygon was found intersecting this footprint in the queried data. This reflects a known coverage gap in the digitized flood hazard layer for this location (common in leveed/industrial coastal areas), not a confirmed low-risk determination.","building_height_m":5,"osm_way_id":978214571},"geometry":{"type":"Polygon","coordinates":[[[-90.198493,29.1241684],[-90.198463,29.1241603],[-90.1984317,29.1241611],[-90.1984023,29.1241707],[-90.1983781,29.1241881],[-90.1983616,29.1242114],[-90.1983547,29.1242381],[-90.198358,29.1242654],[-90.1983712,29.1242902],[-90.1983929,29.12431],[-90.1984208,29.1243225],[-90.1984518,29.1243265],[-90.198483,29.1243214],[-90.1985105,29.1243077],[-90.1985314,29.1242869],[-90.1985434,29.1242612],[-90.1985451,29.1242336],[-90.1985363,29.124207],[-90.1985183,29.1241845],[-90.198493,29.1241684]]]}},{"type":"Feature","properties":{"property_id":"PF-0159","address_label":"Structure near 29.1245, -90.1985","occupancy_type":"Unclassified structure (OSM building=yes)","flood_zone_code":"Unmapped","sfha":null,"risk_level":"Unknown","recommended_action":"FEMA NFHL coverage was unavailable or undetermined for this location. No risk tier is assigned; consult official FEMA and local floodplain-management sources before making decisions.","data_source":"OpenStreetMap building footprint + FEMA National Flood Hazard Layer (zone-based classification)","confidence_note":"No FEMA NFHL flood zone polygon was found intersecting this footprint in the queried data. This reflects a known coverage gap in the digitized flood hazard layer for this location (common in leveed/industrial coastal areas), not a confirmed low-risk determination.","building_height_m":5,"osm_way_id":978214572},"geometry":{"type":"Polygon","coordinates":[[[-90.1985094,29.1243821],[-90.1984787,29.1243681],[-90.1984443,29.1243641],[-90.1984104,29.1243705],[-90.198381,29.1243866],[-90.1983595,29.1244104],[-90.1983486,29.1244392],[-90.1983495,29.1244695],[-90.1983621,29.1244977],[-90.1983848,29.1245206],[-90.1984151,29.1245353],[-90.1984453,29.1245402],[-90.1984756,29.1245369],[-90.1985035,29.1245258],[-90.1985263,29.124508],[-90.1985419,29.1244849],[-90.1985489,29.1244589],[-90.1985465,29.1244322],[-90.198533,29.1244043],[-90.1985094,29.1243821]]]}},{"type":"Feature","properties":{"property_id":"PF-0160","address_label":"Structure near 29.1245, -90.1987","occupancy_type":"Unclassified structure (OSM building=yes)","flood_zone_code":"Unmapped","sfha":null,"risk_level":"Unknown","recommended_action":"FEMA NFHL coverage was unavailable or undetermined for this location. No risk tier is assigned; consult official FEMA and local floodplain-management sources before making decisions.","data_source":"OpenStreetMap building footprint + FEMA National Flood Hazard Layer (zone-based classification)","confidence_note":"No FEMA NFHL flood zone polygon was found intersecting this footprint in the queried data. This reflects a known coverage gap in the digitized flood hazard layer for this location (common in leveed/industrial coastal areas), not a confirmed low-risk determination.","building_height_m":5,"osm_way_id":978214573},"geometry":{"type":"Polygon","coordinates":[[[-90.1987888,29.1244012],[-90.198758,29.1243873],[-90.1987236,29.1243833],[-90.1986897,29.1243897],[-90.1986603,29.1244057],[-90.1986389,29.1244296],[-90.1986279,29.1244583],[-90.1986288,29.1244886],[-90.1986414,29.1245169],[-90.1986642,29.1245397],[-90.1986945,29.1245544],[-90.1987246,29.1245593],[-90.198755,29.1245561],[-90.1987829,29.124545],[-90.1988056,29.1245271],[-90.1988212,29.1245041],[-90.1988282,29.124478],[-90.1988259,29.1244514],[-90.1988123,29.1244235],[-90.1987888,29.1244012]]]}},{"type":"Feature","properties":{"property_id":"PF-0161","address_label":"Structure near 29.1252, -90.1983","occupancy_type":"Unclassified structure (OSM building=yes)","flood_zone_code":"Unmapped","sfha":null,"risk_level":"Unknown","recommended_action":"FEMA NFHL coverage was unavailable or undetermined for this location. No risk tier is assigned; consult official FEMA and local floodplain-management sources before making decisions.","data_source":"OpenStreetMap building footprint + FEMA National Flood Hazard Layer (zone-based classification)","confidence_note":"No FEMA NFHL flood zone polygon was found intersecting this footprint in the queried data. This reflects a known coverage gap in the digitized flood hazard layer for this location (common in leveed/industrial coastal areas), not a confirmed low-risk determination.","building_height_m":5,"osm_way_id":978215059},"geometry":{"type":"Polygon","coordinates":[[[-90.1984694,29.1253438],[-90.1984879,29.1250746],[-90.1980992,29.1250542],[-90.1980807,29.1253234],[-90.1984694,29.1253438]]]}},{"type":"Feature","properties":{"property_id":"PF-0162","address_label":"Structure near 29.1252, -90.1976","occupancy_type":"Unclassified structure (OSM building=yes)","flood_zone_code":"Unmapped","sfha":null,"risk_level":"Unknown","recommended_action":"FEMA NFHL coverage was unavailable or undetermined for this location. No risk tier is assigned; consult official FEMA and local floodplain-management sources before making decisions.","data_source":"OpenStreetMap building footprint + FEMA National Flood Hazard Layer (zone-based classification)","confidence_note":"No FEMA NFHL flood zone polygon was found intersecting this footprint in the queried data. This reflects a known coverage gap in the digitized flood hazard layer for this location (common in leveed/industrial coastal areas), not a confirmed low-risk determination.","building_height_m":5,"osm_way_id":978215060},"geometry":{"type":"Polygon","coordinates":[[[-90.1978424,29.1252478],[-90.1978541,29.1250812],[-90.1974376,29.1250588],[-90.1974259,29.1252254],[-90.1978424,29.1252478]]]}},{"type":"Feature","properties":{"property_id":"PF-0163","address_label":"Structure near 29.1263, -90.1972","occupancy_type":"Unclassified structure (OSM building=yes)","flood_zone_code":"Unmapped","sfha":null,"risk_level":"Unknown","recommended_action":"FEMA NFHL coverage was unavailable or undetermined for this location. No risk tier is assigned; consult official FEMA and local floodplain-management sources before making decisions.","data_source":"OpenStreetMap building footprint + FEMA National Flood Hazard Layer (zone-based classification)","confidence_note":"No FEMA NFHL flood zone polygon was found intersecting this footprint in the queried data. This reflects a known coverage gap in the digitized flood hazard layer for this location (common in leveed/industrial coastal areas), not a confirmed low-risk determination.","building_height_m":5,"osm_way_id":978215061},"geometry":{"type":"Polygon","coordinates":[[[-90.1973273,29.1265013],[-90.1973598,29.1261692],[-90.1971523,29.1261537],[-90.1971198,29.1264859],[-90.1973273,29.1265013]]]}},{"type":"Feature","properties":{"property_id":"PF-0164","address_label":"Structure near 29.1263, -90.1965","occupancy_type":"Unclassified structure (OSM building=yes)","flood_zone_code":"Unmapped","sfha":null,"risk_level":"Unknown","recommended_action":"FEMA NFHL coverage was unavailable or undetermined for this location. No risk tier is assigned; consult official FEMA and local floodplain-management sources before making decisions.","data_source":"OpenStreetMap building footprint + FEMA National Flood Hazard Layer (zone-based classification)","confidence_note":"No FEMA NFHL flood zone polygon was found intersecting this footprint in the queried data. This reflects a known coverage gap in the digitized flood hazard layer for this location (common in leveed/industrial coastal areas), not a confirmed low-risk determination.","building_height_m":5,"osm_way_id":978215062},"geometry":{"type":"Polygon","coordinates":[[[-90.1966134,29.1265905],[-90.1966377,29.1260672],[-90.1963591,29.1260573],[-90.1963348,29.1265806],[-90.1966134,29.1265905]]]}},{"type":"Feature","properties":{"property_id":"PF-0165","address_label":"Structure near 29.1257, -90.1969","occupancy_type":"Unclassified structure (OSM building=yes)","flood_zone_code":"Unmapped","sfha":null,"risk_level":"Unknown","recommended_action":"FEMA NFHL coverage was unavailable or undetermined for this location. No risk tier is assigned; consult official FEMA and local floodplain-management sources before making decisions.","data_source":"OpenStreetMap building footprint + FEMA National Flood Hazard Layer (zone-based classification)","confidence_note":"No FEMA NFHL flood zone polygon was found intersecting this footprint in the queried data. This reflects a known coverage gap in the digitized flood hazard layer for this location (common in leveed/industrial coastal areas), not a confirmed low-risk determination.","building_height_m":5,"osm_way_id":978215063},"geometry":{"type":"Polygon","coordinates":[[[-90.1970932,29.1260498],[-90.1971353,29.1254294],[-90.196699,29.1254068],[-90.1966568,29.1260272],[-90.1970932,29.1260498]]]}},{"type":"Feature","properties":{"property_id":"PF-0166","address_label":"Structure near 29.1255, -90.1966","occupancy_type":"Unclassified structure (OSM building=yes)","flood_zone_code":"Unmapped","sfha":null,"risk_level":"Unknown","recommended_action":"FEMA NFHL coverage was unavailable or undetermined for this location. No risk tier is assigned; consult official FEMA and local floodplain-management sources before making decisions.","data_source":"OpenStreetMap building footprint + FEMA National Flood Hazard Layer (zone-based classification)","confidence_note":"No FEMA NFHL flood zone polygon was found intersecting this footprint in the queried data. This reflects a known coverage gap in the digitized flood hazard layer for this location (common in leveed/industrial coastal areas), not a confirmed low-risk determination.","building_height_m":5,"osm_way_id":978215064},"geometry":{"type":"Polygon","coordinates":[[[-90.196635,29.1256193],[-90.1966433,29.1254087],[-90.1965056,29.1254046],[-90.1964974,29.1256152],[-90.196635,29.1256193]]]}},{"type":"Feature","properties":{"property_id":"PF-0167","address_label":"Structure near 29.1270, -90.1970","occupancy_type":"Unclassified structure (OSM building=yes)","flood_zone_code":"Unmapped","sfha":null,"risk_level":"Unknown","recommended_action":"FEMA NFHL coverage was unavailable or undetermined for this location. No risk tier is assigned; consult official FEMA and local floodplain-management sources before making decisions.","data_source":"OpenStreetMap building footprint + FEMA National Flood Hazard Layer (zone-based classification)","confidence_note":"No FEMA NFHL flood zone polygon was found intersecting this footprint in the queried data. This reflects a known coverage gap in the digitized flood hazard layer for this location (common in leveed/industrial coastal areas), not a confirmed low-risk determination.","building_height_m":5,"osm_way_id":978215065},"geometry":{"type":"Polygon","coordinates":[[[-90.1972179,29.1270593],[-90.1972282,29.1268897],[-90.1968411,29.1268718],[-90.1968308,29.1270414],[-90.1972179,29.1270593]]]}},{"type":"Feature","properties":{"property_id":"PF-0168","address_label":"Structure near 29.1272, -90.1969","occupancy_type":"Unclassified structure (OSM building=yes)","flood_zone_code":"Unmapped","sfha":null,"risk_level":"Unknown","recommended_action":"FEMA NFHL coverage was unavailable or undetermined for this location. No risk tier is assigned; consult official FEMA and local floodplain-management sources before making decisions.","data_source":"OpenStreetMap building footprint + FEMA National Flood Hazard Layer (zone-based classification)","confidence_note":"No FEMA NFHL flood zone polygon was found intersecting this footprint in the queried data. This reflects a known coverage gap in the digitized flood hazard layer for this location (common in leveed/industrial coastal areas), not a confirmed low-risk determination.","building_height_m":5,"osm_way_id":978215066},"geometry":{"type":"Polygon","coordinates":[[[-90.1971265,29.1273102],[-90.1971368,29.1271407],[-90.1967497,29.1271227],[-90.1967394,29.1272924],[-90.1971265,29.1273102]]]}},{"type":"Feature","properties":{"property_id":"PF-0169","address_label":"Structure near 29.1272, -90.1966","occupancy_type":"Unclassified structure (OSM building=yes)","flood_zone_code":"Unmapped","sfha":null,"risk_level":"Unknown","recommended_action":"FEMA NFHL coverage was unavailable or undetermined for this location. No risk tier is assigned; consult official FEMA and local floodplain-management sources before making decisions.","data_source":"OpenStreetMap building footprint + FEMA National Flood Hazard Layer (zone-based classification)","confidence_note":"No FEMA NFHL flood zone polygon was found intersecting this footprint in the queried data. This reflects a known coverage gap in the digitized flood hazard layer for this location (common in leveed/industrial coastal areas), not a confirmed low-risk determination.","building_height_m":5,"osm_way_id":978215067},"geometry":{"type":"Polygon","coordinates":[[[-90.1966364,29.1273575],[-90.1966616,29.127],[-90.1964636,29.1269893],[-90.1964386,29.1273469],[-90.1966364,29.1273575]]]}},{"type":"Feature","properties":{"property_id":"PF-0170","address_label":"Structure near 29.1279, -90.1968","occupancy_type":"Unclassified structure (OSM building=yes)","flood_zone_code":"Unmapped","sfha":null,"risk_level":"Unknown","recommended_action":"FEMA NFHL coverage was unavailable or undetermined for this location. No risk tier is assigned; consult official FEMA and local floodplain-management sources before making decisions.","data_source":"OpenStreetMap building footprint + FEMA National Flood Hazard Layer (zone-based classification)","confidence_note":"No FEMA NFHL flood zone polygon was found intersecting this footprint in the queried data. This reflects a known coverage gap in the digitized flood hazard layer for this location (common in leveed/industrial coastal areas), not a confirmed low-risk determination.","building_height_m":5,"osm_way_id":978215068},"geometry":{"type":"Polygon","coordinates":[[[-90.1970092,29.1279973],[-90.1970174,29.1277839],[-90.1966385,29.1277727],[-90.1966302,29.1279862],[-90.1970092,29.1279973]]]}},{"type":"Feature","properties":{"property_id":"PF-0171","address_label":"Structure near 29.1275, -90.1956","occupancy_type":"Unclassified structure (OSM building=yes)","flood_zone_code":"Unmapped","sfha":null,"risk_level":"Unknown","recommended_action":"FEMA NFHL coverage was unavailable or undetermined for this location. No risk tier is assigned; consult official FEMA and local floodplain-management sources before making decisions.","data_source":"OpenStreetMap building footprint + FEMA National Flood Hazard Layer (zone-based classification)","confidence_note":"No FEMA NFHL flood zone polygon was found intersecting this footprint in the queried data. This reflects a known coverage gap in the digitized flood hazard layer for this location (common in leveed/industrial coastal areas), not a confirmed low-risk determination.","building_height_m":5,"osm_way_id":978215069},"geometry":{"type":"Polygon","coordinates":[[[-90.1957337,29.1276407],[-90.1957242,29.1273469],[-90.1955108,29.1273522],[-90.1955204,29.127646],[-90.1957337,29.1276407]]]}},{"type":"Feature","properties":{"property_id":"PF-0172","address_label":"Structure near 29.1259, -90.1935","occupancy_type":"Unclassified structure (OSM building=yes)","flood_zone_code":"Unmapped","sfha":null,"risk_level":"Unknown","recommended_action":"FEMA NFHL coverage was unavailable or undetermined for this location. No risk tier is assigned; consult official FEMA and local floodplain-management sources before making decisions.","data_source":"OpenStreetMap building footprint + FEMA National Flood Hazard Layer (zone-based classification)","confidence_note":"No FEMA NFHL flood zone polygon was found intersecting this footprint in the queried data. This reflects a known coverage gap in the digitized flood hazard layer for this location (common in leveed/industrial coastal areas), not a confirmed low-risk determination.","building_height_m":5,"osm_way_id":978215070},"geometry":{"type":"Polygon","coordinates":[[[-90.1935305,29.1259494],[-90.1936183,29.1258483],[-90.1935594,29.1258093],[-90.1934716,29.1259103],[-90.1935305,29.1259494]]]}},{"type":"Feature","properties":{"property_id":"PF-0173","address_label":"Structure near 29.1261, -90.1932","occupancy_type":"Unclassified structure (OSM building=yes)","flood_zone_code":"Unmapped","sfha":null,"risk_level":"Unknown","recommended_action":"FEMA NFHL coverage was unavailable or undetermined for this location. No risk tier is assigned; consult official FEMA and local floodplain-management sources before making decisions.","data_source":"OpenStreetMap building footprint + FEMA National Flood Hazard Layer (zone-based classification)","confidence_note":"No FEMA NFHL flood zone polygon was found intersecting this footprint in the queried data. This reflects a known coverage gap in the digitized flood hazard layer for this location (common in leveed/industrial coastal areas), not a confirmed low-risk determination.","building_height_m":5,"osm_way_id":978215071},"geometry":{"type":"Polygon","coordinates":[[[-90.1932822,29.1262296],[-90.1933165,29.1261911],[-90.1931294,29.1260637],[-90.193095,29.1261022],[-90.1932822,29.1262296]]]}},{"type":"Feature","properties":{"property_id":"PF-0174","address_label":"Structure near 29.1263, -90.1932","occupancy_type":"Unclassified structure (OSM building=yes)","flood_zone_code":"Unmapped","sfha":null,"risk_level":"Unknown","recommended_action":"FEMA NFHL coverage was unavailable or undetermined for this location. No risk tier is assigned; consult official FEMA and local floodplain-management sources before making decisions.","data_source":"OpenStreetMap building footprint + FEMA National Flood Hazard Layer (zone-based classification)","confidence_note":"No FEMA NFHL flood zone polygon was found intersecting this footprint in the queried data. This reflects a known coverage gap in the digitized flood hazard layer for this location (common in leveed/industrial coastal areas), not a confirmed low-risk determination.","building_height_m":5,"osm_way_id":978215072},"geometry":{"type":"Polygon","coordinates":[[[-90.1931984,29.126386],[-90.1932791,29.126302],[-90.1932072,29.1262493],[-90.1931265,29.1263333],[-90.1931984,29.126386]]]}},{"type":"Feature","properties":{"property_id":"PF-0175","address_label":"Structure near 29.1270, -90.1931","occupancy_type":"Unclassified structure (OSM building=yes)","flood_zone_code":"Unmapped","sfha":null,"risk_level":"Unknown","recommended_action":"FEMA NFHL coverage was unavailable or undetermined for this location. No risk tier is assigned; consult official FEMA and local floodplain-management sources before making decisions.","data_source":"OpenStreetMap building footprint + FEMA National Flood Hazard Layer (zone-based classification)","confidence_note":"No FEMA NFHL flood zone polygon was found intersecting this footprint in the queried data. This reflects a known coverage gap in the digitized flood hazard layer for this location (common in leveed/industrial coastal areas), not a confirmed low-risk determination.","building_height_m":5,"osm_way_id":978215073},"geometry":{"type":"Polygon","coordinates":[[[-90.1931173,29.1270637],[-90.193187,29.126987],[-90.193042,29.1268865],[-90.1929723,29.1269632],[-90.1931173,29.1270637]]]}},{"type":"Feature","properties":{"property_id":"PF-0176","address_label":"Structure near 29.1270, -90.1926","occupancy_type":"Unclassified structure (OSM building=yes)","flood_zone_code":"Unmapped","sfha":null,"risk_level":"Unknown","recommended_action":"FEMA NFHL coverage was unavailable or undetermined for this location. No risk tier is assigned; consult official FEMA and local floodplain-management sources before making decisions.","data_source":"OpenStreetMap building footprint + FEMA National Flood Hazard Layer (zone-based classification)","confidence_note":"No FEMA NFHL flood zone polygon was found intersecting this footprint in the queried data. This reflects a known coverage gap in the digitized flood hazard layer for this location (common in leveed/industrial coastal areas), not a confirmed low-risk determination.","building_height_m":5,"osm_way_id":978215074},"geometry":{"type":"Polygon","coordinates":[[[-90.1926694,29.1271177],[-90.1927434,29.1270371],[-90.1925488,29.1269009],[-90.1924748,29.1269816],[-90.1926694,29.1271177]]]}},{"type":"Feature","properties":{"property_id":"PF-0177","address_label":"Structure near 29.1268, -90.1925","occupancy_type":"Unclassified structure (OSM building=yes)","flood_zone_code":"Unmapped","sfha":null,"risk_level":"Unknown","recommended_action":"FEMA NFHL coverage was unavailable or undetermined for this location. No risk tier is assigned; consult official FEMA and local floodplain-management sources before making decisions.","data_source":"OpenStreetMap building footprint + FEMA National Flood Hazard Layer (zone-based classification)","confidence_note":"No FEMA NFHL flood zone polygon was found intersecting this footprint in the queried data. This reflects a known coverage gap in the digitized flood hazard layer for this location (common in leveed/industrial coastal areas), not a confirmed low-risk determination.","building_height_m":5,"osm_way_id":978215075},"geometry":{"type":"Polygon","coordinates":[[[-90.1925189,29.1268955],[-90.1926206,29.1267827],[-90.1925516,29.1267352],[-90.1924498,29.126848],[-90.1925189,29.1268955]]]}},{"type":"Feature","properties":{"property_id":"PF-0178","address_label":"Structure near 29.1274, -90.1925","occupancy_type":"Unclassified structure (OSM building=yes)","flood_zone_code":"Unmapped","sfha":null,"risk_level":"Unknown","recommended_action":"FEMA NFHL coverage was unavailable or undetermined for this location. No risk tier is assigned; consult official FEMA and local floodplain-management sources before making decisions.","data_source":"OpenStreetMap building footprint + FEMA National Flood Hazard Layer (zone-based classification)","confidence_note":"No FEMA NFHL flood zone polygon was found intersecting this footprint in the queried data. This reflects a known coverage gap in the digitized flood hazard layer for this location (common in leveed/industrial coastal areas), not a confirmed low-risk determination.","building_height_m":5,"osm_way_id":978215076},"geometry":{"type":"Polygon","coordinates":[[[-90.1925635,29.1275082],[-90.1926706,29.1273918],[-90.1925125,29.1272808],[-90.1924054,29.1273971],[-90.1925635,29.1275082]]]}},{"type":"Feature","properties":{"property_id":"PF-0179","address_label":"Structure near 29.1281, -90.1916","occupancy_type":"Unclassified structure (OSM building=yes)","flood_zone_code":"Unmapped","sfha":null,"risk_level":"Unknown","recommended_action":"FEMA NFHL coverage was unavailable or undetermined for this location. No risk tier is assigned; consult official FEMA and local floodplain-management sources before making decisions.","data_source":"OpenStreetMap building footprint + FEMA National Flood Hazard Layer (zone-based classification)","confidence_note":"No FEMA NFHL flood zone polygon was found intersecting this footprint in the queried data. This reflects a known coverage gap in the digitized flood hazard layer for this location (common in leveed/industrial coastal areas), not a confirmed low-risk determination.","building_height_m":5,"osm_way_id":978215077},"geometry":{"type":"Polygon","coordinates":[[[-90.1916801,29.1283501],[-90.1918582,29.1281469],[-90.1915514,29.1279416],[-90.1913732,29.1281448],[-90.1916801,29.1283501]]]}},{"type":"Feature","properties":{"property_id":"PF-0180","address_label":"Structure near 29.1269, -90.1898","occupancy_type":"Unclassified structure (OSM building=yes)","flood_zone_code":"Unmapped","sfha":null,"risk_level":"Unknown","recommended_action":"FEMA NFHL coverage was unavailable or undetermined for this location. No risk tier is assigned; consult official FEMA and local floodplain-management sources before making decisions.","data_source":"OpenStreetMap building footprint + FEMA National Flood Hazard Layer (zone-based classification)","confidence_note":"No FEMA NFHL flood zone polygon was found intersecting this footprint in the queried data. This reflects a known coverage gap in the digitized flood hazard layer for this location (common in leveed/industrial coastal areas), not a confirmed low-risk determination.","building_height_m":5,"osm_way_id":978215078},"geometry":{"type":"Polygon","coordinates":[[[-90.1897872,29.1269341],[-90.1898371,29.1268819],[-90.1897265,29.1268012],[-90.1896766,29.1268533],[-90.1897872,29.1269341]]]}},{"type":"Feature","properties":{"property_id":"PF-0181","address_label":"Structure near 29.1268, -90.1896","occupancy_type":"Unclassified structure (OSM building=yes)","flood_zone_code":"Unmapped","sfha":null,"risk_level":"Unknown","recommended_action":"FEMA NFHL coverage was unavailable or undetermined for this location. No risk tier is assigned; consult official FEMA and local floodplain-management sources before making decisions.","data_source":"OpenStreetMap building footprint + FEMA National Flood Hazard Layer (zone-based classification)","confidence_note":"No FEMA NFHL flood zone polygon was found intersecting this footprint in the queried data. This reflects a known coverage gap in the digitized flood hazard layer for this location (common in leveed/industrial coastal areas), not a confirmed low-risk determination.","building_height_m":5,"osm_way_id":978215079},"geometry":{"type":"Polygon","coordinates":[[[-90.189603,29.1268643],[-90.189667,29.1267947],[-90.1896057,29.1267518],[-90.1895417,29.1268214],[-90.189603,29.1268643]]]}},{"type":"Feature","properties":{"property_id":"PF-0182","address_label":"Structure near 29.1278, -90.1889","occupancy_type":"Unclassified structure (OSM building=yes)","flood_zone_code":"Unmapped","sfha":null,"risk_level":"Unknown","recommended_action":"FEMA NFHL coverage was unavailable or undetermined for this location. No risk tier is assigned; consult official FEMA and local floodplain-management sources before making decisions.","data_source":"OpenStreetMap building footprint + FEMA National Flood Hazard Layer (zone-based classification)","confidence_note":"No FEMA NFHL flood zone polygon was found intersecting this footprint in the queried data. This reflects a known coverage gap in the digitized flood hazard layer for this location (common in leveed/industrial coastal areas), not a confirmed low-risk determination.","building_height_m":5,"osm_way_id":978215080},"geometry":{"type":"Polygon","coordinates":[[[-90.1889005,29.1278926],[-90.1889757,29.1278161],[-90.188843,29.1277236],[-90.1887729,29.1277975],[-90.1889005,29.1278926]]]}},{"type":"Feature","properties":{"property_id":"PF-0183","address_label":"Structure near 29.1288, -90.1880","occupancy_type":"Unclassified structure (OSM building=yes)","flood_zone_code":"Unmapped","sfha":null,"risk_level":"Unknown","recommended_action":"FEMA NFHL coverage was unavailable or undetermined for this location. No risk tier is assigned; consult official FEMA and local floodplain-management sources before making decisions.","data_source":"OpenStreetMap building footprint + FEMA National Flood Hazard Layer (zone-based classification)","confidence_note":"No FEMA NFHL flood zone polygon was found intersecting this footprint in the queried data. This reflects a known coverage gap in the digitized flood hazard layer for this location (common in leveed/industrial coastal areas), not a confirmed low-risk determination.","building_height_m":5,"osm_way_id":978215082},"geometry":{"type":"Polygon","coordinates":[[[-90.1879686,29.1289446],[-90.188087,29.128805],[-90.1879911,29.128743],[-90.1879068,29.1288425],[-90.1879369,29.1288619],[-90.1879028,29.1289021],[-90.1879686,29.1289446]]]}},{"type":"Feature","properties":{"property_id":"PF-0184","address_label":"Structure near 29.1291, -90.1877","occupancy_type":"Unclassified structure (OSM building=yes)","flood_zone_code":"Unmapped","sfha":null,"risk_level":"Unknown","recommended_action":"FEMA NFHL coverage was unavailable or undetermined for this location. No risk tier is assigned; consult official FEMA and local floodplain-management sources before making decisions.","data_source":"OpenStreetMap building footprint + FEMA National Flood Hazard Layer (zone-based classification)","confidence_note":"No FEMA NFHL flood zone polygon was found intersecting this footprint in the queried data. This reflects a known coverage gap in the digitized flood hazard layer for this location (common in leveed/industrial coastal areas), not a confirmed low-risk determination.","building_height_m":5,"osm_way_id":978215083},"geometry":{"type":"Polygon","coordinates":[[[-90.1876947,29.1291638],[-90.187764,29.129089],[-90.1876976,29.1290422],[-90.1876284,29.129117],[-90.1876947,29.1291638]]]}},{"type":"Feature","properties":{"property_id":"PF-0185","address_label":"Structure near 29.1295, -90.1875","occupancy_type":"Unclassified structure (OSM building=yes)","flood_zone_code":"Unmapped","sfha":null,"risk_level":"Unknown","recommended_action":"FEMA NFHL coverage was unavailable or undetermined for this location. No risk tier is assigned; consult official FEMA and local floodplain-management sources before making decisions.","data_source":"OpenStreetMap building footprint + FEMA National Flood Hazard Layer (zone-based classification)","confidence_note":"No FEMA NFHL flood zone polygon was found intersecting this footprint in the queried data. This reflects a known coverage gap in the digitized flood hazard layer for this location (common in leveed/industrial coastal areas), not a confirmed low-risk determination.","building_height_m":5,"osm_way_id":978215085},"geometry":{"type":"Polygon","coordinates":[[[-90.1875309,29.129485],[-90.1875965,29.1294185],[-90.1874955,29.1293425],[-90.1874329,29.129406],[-90.1874568,29.129424],[-90.1874084,29.1294731],[-90.1873905,29.1294596],[-90.1873375,29.1295133],[-90.1873888,29.1295518],[-90.1874517,29.129488],[-90.1874701,29.1295019],[-90.1875056,29.1294659],[-90.1875309,29.129485]]]}},{"type":"Feature","properties":{"property_id":"PF-0186","address_label":"Structure near 29.1301, -90.1901","occupancy_type":"Unclassified structure (OSM building=yes)","flood_zone_code":"Unmapped","sfha":null,"risk_level":"Unknown","recommended_action":"FEMA NFHL coverage was unavailable or undetermined for this location. No risk tier is assigned; consult official FEMA and local floodplain-management sources before making decisions.","data_source":"OpenStreetMap building footprint + FEMA National Flood Hazard Layer (zone-based classification)","confidence_note":"No FEMA NFHL flood zone polygon was found intersecting this footprint in the queried data. This reflects a known coverage gap in the digitized flood hazard layer for this location (common in leveed/industrial coastal areas), not a confirmed low-risk determination.","building_height_m":5,"osm_way_id":978215086},"geometry":{"type":"Polygon","coordinates":[[[-90.1901708,29.1302359],[-90.1902485,29.1301485],[-90.190103,29.1300498],[-90.1900253,29.1301373],[-90.1901708,29.1302359]]]}},{"type":"Feature","properties":{"property_id":"PF-0187","address_label":"Structure near 29.1303, -90.1900","occupancy_type":"Unclassified structure (OSM building=yes)","flood_zone_code":"Unmapped","sfha":null,"risk_level":"Unknown","recommended_action":"FEMA NFHL coverage was unavailable or undetermined for this location. No risk tier is assigned; consult official FEMA and local floodplain-management sources before making decisions.","data_source":"OpenStreetMap building footprint + FEMA National Flood Hazard Layer (zone-based classification)","confidence_note":"No FEMA NFHL flood zone polygon was found intersecting this footprint in the queried data. This reflects a known coverage gap in the digitized flood hazard layer for this location (common in leveed/industrial coastal areas), not a confirmed low-risk determination.","building_height_m":5,"osm_way_id":978215087},"geometry":{"type":"Polygon","coordinates":[[[-90.1899703,29.1303661],[-90.1900734,29.1302457],[-90.1899799,29.1301846],[-90.1898768,29.130305],[-90.1899703,29.1303661]]]}},{"type":"Feature","properties":{"property_id":"PF-0188","address_label":"Structure near 29.1144, -90.2039","occupancy_type":"Unclassified structure (OSM building=yes)","flood_zone_code":"Unmapped","sfha":null,"risk_level":"Unknown","recommended_action":"FEMA NFHL coverage was unavailable or undetermined for this location. No risk tier is assigned; consult official FEMA and local floodplain-management sources before making decisions.","data_source":"OpenStreetMap building footprint + FEMA National Flood Hazard Layer (zone-based classification)","confidence_note":"No FEMA NFHL flood zone polygon was found intersecting this footprint in the queried data. This reflects a known coverage gap in the digitized flood hazard layer for this location (common in leveed/industrial coastal areas), not a confirmed low-risk determination.","building_height_m":5,"osm_way_id":978215643},"geometry":{"type":"Polygon","coordinates":[[[-90.203942,29.1144611],[-90.2038993,29.1143287],[-90.2037713,29.1143602],[-90.2038141,29.1144926],[-90.203942,29.1144611]]]}},{"type":"Feature","properties":{"property_id":"PF-0189","address_label":"Structure near 29.1142, -90.2045","occupancy_type":"Unclassified structure (OSM building=yes)","flood_zone_code":"Unmapped","sfha":null,"risk_level":"Unknown","recommended_action":"FEMA NFHL coverage was unavailable or undetermined for this location. No risk tier is assigned; consult official FEMA and local floodplain-management sources before making decisions.","data_source":"OpenStreetMap building footprint + FEMA National Flood Hazard Layer (zone-based classification)","confidence_note":"No FEMA NFHL flood zone polygon was found intersecting this footprint in the queried data. This reflects a known coverage gap in the digitized flood hazard layer for this location (common in leveed/industrial coastal areas), not a confirmed low-risk determination.","building_height_m":5,"osm_way_id":978215644},"geometry":{"type":"Polygon","coordinates":[[[-90.2047543,29.1141821],[-90.2047257,29.1140652],[-90.2042128,29.1141611],[-90.2042415,29.1142781],[-90.2047543,29.1141821]]]}},{"type":"Feature","properties":{"property_id":"PF-0190","address_label":"Structure near 29.1147, -90.2049","occupancy_type":"Unclassified structure (OSM building=yes)","flood_zone_code":"Unmapped","sfha":null,"risk_level":"Unknown","recommended_action":"FEMA NFHL coverage was unavailable or undetermined for this location. No risk tier is assigned; consult official FEMA and local floodplain-management sources before making decisions.","data_source":"OpenStreetMap building footprint + FEMA National Flood Hazard Layer (zone-based classification)","confidence_note":"No FEMA NFHL flood zone polygon was found intersecting this footprint in the queried data. This reflects a known coverage gap in the digitized flood hazard layer for this location (common in leveed/industrial coastal areas), not a confirmed low-risk determination.","building_height_m":5,"osm_way_id":978215645},"geometry":{"type":"Polygon","coordinates":[[[-90.2051048,29.1147151],[-90.2051045,29.1145893],[-90.2049282,29.1145896],[-90.2049284,29.1146653],[-90.2047712,29.1146656],[-90.2047715,29.1147759],[-90.204925,29.1147756],[-90.2049248,29.1147155],[-90.2051048,29.1147151]]]}},{"type":"Feature","properties":{"property_id":"PF-0191","address_label":"Structure near 29.1144, -90.2052","occupancy_type":"Unclassified structure (OSM building=yes)","flood_zone_code":"Unmapped","sfha":null,"risk_level":"Unknown","recommended_action":"FEMA NFHL coverage was unavailable or undetermined for this location. No risk tier is assigned; consult official FEMA and local floodplain-management sources before making decisions.","data_source":"OpenStreetMap building footprint + FEMA National Flood Hazard Layer (zone-based classification)","confidence_note":"No FEMA NFHL flood zone polygon was found intersecting this footprint in the queried data. This reflects a known coverage gap in the digitized flood hazard layer for this location (common in leveed/industrial coastal areas), not a confirmed low-risk determination.","building_height_m":5,"osm_way_id":978215646},"geometry":{"type":"Polygon","coordinates":[[[-90.2052529,29.1145358],[-90.2052419,29.1142206],[-90.2051492,29.1142231],[-90.2051604,29.1145383],[-90.2052529,29.1145358]]]}},{"type":"Feature","properties":{"property_id":"PF-0192","address_label":"Structure near 29.1146, -90.2055","occupancy_type":"Unclassified structure (OSM building=yes)","flood_zone_code":"Unmapped","sfha":null,"risk_level":"Unknown","recommended_action":"FEMA NFHL coverage was unavailable or undetermined for this location. No risk tier is assigned; consult official FEMA and local floodplain-management sources before making decisions.","data_source":"OpenStreetMap building footprint + FEMA National Flood Hazard Layer (zone-based classification)","confidence_note":"No FEMA NFHL flood zone polygon was found intersecting this footprint in the queried data. This reflects a known coverage gap in the digitized flood hazard layer for this location (common in leveed/industrial coastal areas), not a confirmed low-risk determination.","building_height_m":5,"osm_way_id":978215647},"geometry":{"type":"Polygon","coordinates":[[[-90.2057104,29.1145857],[-90.2055815,29.1144665],[-90.2053053,29.1146944],[-90.2054342,29.1148136],[-90.2057104,29.1145857]]]}},{"type":"Feature","properties":{"property_id":"PF-0193","address_label":"Structure near 29.1146, -90.2064","occupancy_type":"Unclassified structure (OSM building=yes)","flood_zone_code":"Unmapped","sfha":null,"risk_level":"Unknown","recommended_action":"FEMA NFHL coverage was unavailable or undetermined for this location. No risk tier is assigned; consult official FEMA and local floodplain-management sources before making decisions.","data_source":"OpenStreetMap building footprint + FEMA National Flood Hazard Layer (zone-based classification)","confidence_note":"No FEMA NFHL flood zone polygon was found intersecting this footprint in the queried data. This reflects a known coverage gap in the digitized flood hazard layer for this location (common in leveed/industrial coastal areas), not a confirmed low-risk determination.","building_height_m":5,"osm_way_id":978215648},"geometry":{"type":"Polygon","coordinates":[[[-90.206416,29.1147122],[-90.206456,29.1145871],[-90.2062998,29.114549],[-90.2062597,29.114674],[-90.206416,29.1147122]]]}},{"type":"Feature","properties":{"property_id":"PF-0194","address_label":"Structure near 29.1137, -90.2077","occupancy_type":"Unclassified structure (OSM building=yes)","flood_zone_code":"Unmapped","sfha":null,"risk_level":"Unknown","recommended_action":"FEMA NFHL coverage was unavailable or undetermined for this location. No risk tier is assigned; consult official FEMA and local floodplain-management sources before making decisions.","data_source":"OpenStreetMap building footprint + FEMA National Flood Hazard Layer (zone-based classification)","confidence_note":"No FEMA NFHL flood zone polygon was found intersecting this footprint in the queried data. This reflects a known coverage gap in the digitized flood hazard layer for this location (common in leveed/industrial coastal areas), not a confirmed low-risk determination.","building_height_m":5,"osm_way_id":978215649},"geometry":{"type":"Polygon","coordinates":[[[-90.2076481,29.1139589],[-90.2078612,29.1135261],[-90.2077022,29.1134663],[-90.2074891,29.1138992],[-90.2076481,29.1139589]]]}},{"type":"Feature","properties":{"property_id":"PF-0195","address_label":"Structure near 29.1139, -90.2074","occupancy_type":"Unclassified structure (OSM building=yes)","flood_zone_code":"Unmapped","sfha":null,"risk_level":"Unknown","recommended_action":"FEMA NFHL coverage was unavailable or undetermined for this location. No risk tier is assigned; consult official FEMA and local floodplain-management sources before making decisions.","data_source":"OpenStreetMap building footprint + FEMA National Flood Hazard Layer (zone-based classification)","confidence_note":"No FEMA NFHL flood zone polygon was found intersecting this footprint in the queried data. This reflects a known coverage gap in the digitized flood hazard layer for this location (common in leveed/industrial coastal areas), not a confirmed low-risk determination.","building_height_m":5,"osm_way_id":978215650},"geometry":{"type":"Polygon","coordinates":[[[-90.2073713,29.11405],[-90.207494,29.1137929],[-90.2073531,29.1137416],[-90.2072304,29.1139987],[-90.2073713,29.11405]]]}},{"type":"Feature","properties":{"property_id":"PF-0196","address_label":"Structure near 29.1136, -90.2075","occupancy_type":"Unclassified structure (OSM building=yes)","flood_zone_code":"Unmapped","sfha":null,"risk_level":"Unknown","recommended_action":"FEMA NFHL coverage was unavailable or undetermined for this location. No risk tier is assigned; consult official FEMA and local floodplain-management sources before making decisions.","data_source":"OpenStreetMap building footprint + FEMA National Flood Hazard Layer (zone-based classification)","confidence_note":"No FEMA NFHL flood zone polygon was found intersecting this footprint in the queried data. This reflects a known coverage gap in the digitized flood hazard layer for this location (common in leveed/industrial coastal areas), not a confirmed low-risk determination.","building_height_m":5,"osm_way_id":978215651},"geometry":{"type":"Polygon","coordinates":[[[-90.2076055,29.1136186],[-90.2075614,29.1134664],[-90.2074197,29.1134977],[-90.2074638,29.1136499],[-90.2076055,29.1136186]]]}},{"type":"Feature","properties":{"property_id":"PF-0197","address_label":"Structure near 29.1144, -90.2083","occupancy_type":"Unclassified structure (OSM building=yes)","flood_zone_code":"Unmapped","sfha":null,"risk_level":"Unknown","recommended_action":"FEMA NFHL coverage was unavailable or undetermined for this location. No risk tier is assigned; consult official FEMA and local floodplain-management sources before making decisions.","data_source":"OpenStreetMap building footprint + FEMA National Flood Hazard Layer (zone-based classification)","confidence_note":"No FEMA NFHL flood zone polygon was found intersecting this footprint in the queried data. This reflects a known coverage gap in the digitized flood hazard layer for this location (common in leveed/industrial coastal areas), not a confirmed low-risk determination.","building_height_m":5,"osm_way_id":978215652},"geometry":{"type":"Polygon","coordinates":[[[-90.2085747,29.1143797],[-90.208528,29.1142779],[-90.2080001,29.1144631],[-90.2080469,29.1145649],[-90.2085747,29.1143797]]]}},{"type":"Feature","properties":{"property_id":"PF-0198","address_label":"Structure near 29.1149, -90.2076","occupancy_type":"Unclassified structure (OSM building=yes)","flood_zone_code":"Unmapped","sfha":null,"risk_level":"Unknown","recommended_action":"FEMA NFHL coverage was unavailable or undetermined for this location. No risk tier is assigned; consult official FEMA and local floodplain-management sources before making decisions.","data_source":"OpenStreetMap building footprint + FEMA National Flood Hazard Layer (zone-based classification)","confidence_note":"No FEMA NFHL flood zone polygon was found intersecting this footprint in the queried data. This reflects a known coverage gap in the digitized flood hazard layer for this location (common in leveed/industrial coastal areas), not a confirmed low-risk determination.","building_height_m":5,"osm_way_id":978215653},"geometry":{"type":"Polygon","coordinates":[[[-90.2076746,29.1148294],[-90.2076455,29.1148239],[-90.207616,29.1148273],[-90.2075896,29.1148394],[-90.2075695,29.1148585],[-90.207558,29.1148825],[-90.2075565,29.1149085],[-90.2075652,29.1149334],[-90.2075831,29.1149542],[-90.207608,29.1149684],[-90.207637,29.1149744],[-90.2076629,29.1149723],[-90.207687,29.1149636],[-90.2077069,29.114949],[-90.2077209,29.1149298],[-90.2077278,29.1149079],[-90.2077269,29.1148852],[-90.2077182,29.1148637],[-90.2076999,29.1148432],[-90.2076746,29.1148294]]]}},{"type":"Feature","properties":{"property_id":"PF-0199","address_label":"Structure near 29.1150, -90.2074","occupancy_type":"Unclassified structure (OSM building=yes)","flood_zone_code":"Unmapped","sfha":null,"risk_level":"Unknown","recommended_action":"FEMA NFHL coverage was unavailable or undetermined for this location. No risk tier is assigned; consult official FEMA and local floodplain-management sources before making decisions.","data_source":"OpenStreetMap building footprint + FEMA National Flood Hazard Layer (zone-based classification)","confidence_note":"No FEMA NFHL flood zone polygon was found intersecting this footprint in the queried data. This reflects a known coverage gap in the digitized flood hazard layer for this location (common in leveed/industrial coastal areas), not a confirmed low-risk determination.","building_height_m":5,"osm_way_id":978215654},"geometry":{"type":"Polygon","coordinates":[[[-90.2074741,29.1149247],[-90.207445,29.1149192],[-90.2074155,29.1149227],[-90.2073891,29.1149347],[-90.2073689,29.1149539],[-90.2073574,29.1149779],[-90.207356,29.1150039],[-90.2073647,29.1150288],[-90.2073826,29.1150496],[-90.2074075,29.1150638],[-90.2074365,29.1150698],[-90.2074624,29.1150677],[-90.2074864,29.1150589],[-90.2075064,29.1150443],[-90.2075204,29.1150252],[-90.2075273,29.1150032],[-90.2075264,29.1149805],[-90.2075177,29.1149591],[-90.2074994,29.1149386],[-90.2074741,29.1149247]]]}},{"type":"Feature","properties":{"property_id":"PF-0200","address_label":"Structure near 29.1156, -90.2085","occupancy_type":"Unclassified structure (OSM building=yes)","flood_zone_code":"Unmapped","sfha":null,"risk_level":"Unknown","recommended_action":"FEMA NFHL coverage was unavailable or undetermined for this location. No risk tier is assigned; consult official FEMA and local floodplain-management sources before making decisions.","data_source":"OpenStreetMap building footprint + FEMA National Flood Hazard Layer (zone-based classification)","confidence_note":"No FEMA NFHL flood zone polygon was found intersecting this footprint in the queried data. This reflects a known coverage gap in the digitized flood hazard layer for this location (common in leveed/industrial coastal areas), not a confirmed low-risk determination.","building_height_m":5,"osm_way_id":978215655},"geometry":{"type":"Polygon","coordinates":[[[-90.2086796,29.1155734],[-90.208596,29.115435],[-90.2082452,29.1155969],[-90.2083288,29.1157352],[-90.2086796,29.1155734]]]}},{"type":"Feature","properties":{"property_id":"PF-0201","address_label":"Structure near 29.1155, -90.2088","occupancy_type":"Unclassified structure (OSM building=yes)","flood_zone_code":"Unmapped","sfha":null,"risk_level":"Unknown","recommended_action":"FEMA NFHL coverage was unavailable or undetermined for this location. No risk tier is assigned; consult official FEMA and local floodplain-management sources before making decisions.","data_source":"OpenStreetMap building footprint + FEMA National Flood Hazard Layer (zone-based classification)","confidence_note":"No FEMA NFHL flood zone polygon was found intersecting this footprint in the queried data. This reflects a known coverage gap in the digitized flood hazard layer for this location (common in leveed/industrial coastal areas), not a confirmed low-risk determination.","building_height_m":5,"osm_way_id":978215656},"geometry":{"type":"Polygon","coordinates":[[[-90.2089246,29.1155478],[-90.2088543,29.11543],[-90.2086919,29.115504],[-90.2087622,29.1156218],[-90.2089246,29.1155478]]]}},{"type":"Feature","properties":{"property_id":"PF-0202","address_label":"Structure near 29.1152, -90.2068","occupancy_type":"Unclassified structure (OSM building=yes)","flood_zone_code":"Unmapped","sfha":null,"risk_level":"Unknown","recommended_action":"FEMA NFHL coverage was unavailable or undetermined for this location. No risk tier is assigned; consult official FEMA and local floodplain-management sources before making decisions.","data_source":"OpenStreetMap building footprint + FEMA National Flood Hazard Layer (zone-based classification)","confidence_note":"No FEMA NFHL flood zone polygon was found intersecting this footprint in the queried data. This reflects a known coverage gap in the digitized flood hazard layer for this location (common in leveed/industrial coastal areas), not a confirmed low-risk determination.","building_height_m":5,"osm_way_id":978215657},"geometry":{"type":"Polygon","coordinates":[[[-90.2068722,29.1151159],[-90.2068431,29.1151104],[-90.2068136,29.1151139],[-90.2067872,29.1151259],[-90.206767,29.1151451],[-90.2067555,29.1151691],[-90.206754,29.1151951],[-90.2067628,29.11522],[-90.2067807,29.1152408],[-90.2068056,29.115255],[-90.2068346,29.115261],[-90.2068605,29.1152589],[-90.2068845,29.1152501],[-90.2069044,29.1152355],[-90.2069185,29.1152164],[-90.2069254,29.1151944],[-90.2069244,29.1151717],[-90.2069158,29.1151503],[-90.2068974,29.1151298],[-90.2068722,29.1151159]]]}},{"type":"Feature","properties":{"property_id":"PF-0203","address_label":"Structure near 29.1153, -90.2070","occupancy_type":"Unclassified structure (OSM building=yes)","flood_zone_code":"Unmapped","sfha":null,"risk_level":"Unknown","recommended_action":"FEMA NFHL coverage was unavailable or undetermined for this location. No risk tier is assigned; consult official FEMA and local floodplain-management sources before making decisions.","data_source":"OpenStreetMap building footprint + FEMA National Flood Hazard Layer (zone-based classification)","confidence_note":"No FEMA NFHL flood zone polygon was found intersecting this footprint in the queried data. This reflects a known coverage gap in the digitized flood hazard layer for this location (common in leveed/industrial coastal areas), not a confirmed low-risk determination.","building_height_m":5,"osm_way_id":978215658},"geometry":{"type":"Polygon","coordinates":[[[-90.2070588,29.1152044],[-90.2070297,29.1151989],[-90.2070002,29.1152023],[-90.2069738,29.1152144],[-90.2069536,29.1152335],[-90.2069421,29.1152575],[-90.2069407,29.1152835],[-90.2069494,29.1153084],[-90.2069673,29.1153292],[-90.2069922,29.1153434],[-90.2070212,29.1153494],[-90.2070471,29.1153473],[-90.2070711,29.1153386],[-90.2070911,29.115324],[-90.2071051,29.1153048],[-90.207112,29.1152829],[-90.2071111,29.1152602],[-90.2071024,29.1152387],[-90.2070841,29.1152182],[-90.2070588,29.1152044]]]}},{"type":"Feature","properties":{"property_id":"PF-0204","address_label":"Structure near 29.1153, -90.2065","occupancy_type":"Unclassified structure (OSM building=yes)","flood_zone_code":"Unmapped","sfha":null,"risk_level":"Unknown","recommended_action":"FEMA NFHL coverage was unavailable or undetermined for this location. No risk tier is assigned; consult official FEMA and local floodplain-management sources before making decisions.","data_source":"OpenStreetMap building footprint + FEMA National Flood Hazard Layer (zone-based classification)","confidence_note":"No FEMA NFHL flood zone polygon was found intersecting this footprint in the queried data. This reflects a known coverage gap in the digitized flood hazard layer for this location (common in leveed/industrial coastal areas), not a confirmed low-risk determination.","building_height_m":5,"osm_way_id":978215659},"geometry":{"type":"Polygon","coordinates":[[[-90.2065432,29.1152265],[-90.2065141,29.115221],[-90.2064846,29.1152244],[-90.2064582,29.1152365],[-90.206438,29.1152556],[-90.2064265,29.1152796],[-90.2064251,29.1153056],[-90.2064338,29.1153305],[-90.2064517,29.1153513],[-90.2064766,29.1153655],[-90.2065056,29.1153715],[-90.2065315,29.1153694],[-90.2065555,29.1153607],[-90.2065755,29.1153461],[-90.2065895,29.1153269],[-90.2065964,29.115305],[-90.2065954,29.1152823],[-90.2065868,29.1152608],[-90.2065685,29.1152403],[-90.2065432,29.1152265]]]}},{"type":"Feature","properties":{"property_id":"PF-0205","address_label":"Structure near 29.1153, -90.2063","occupancy_type":"Unclassified structure (OSM building=yes)","flood_zone_code":"Unmapped","sfha":null,"risk_level":"Unknown","recommended_action":"FEMA NFHL coverage was unavailable or undetermined for this location. No risk tier is assigned; consult official FEMA and local floodplain-management sources before making decisions.","data_source":"OpenStreetMap building footprint + FEMA National Flood Hazard Layer (zone-based classification)","confidence_note":"No FEMA NFHL flood zone polygon was found intersecting this footprint in the queried data. This reflects a known coverage gap in the digitized flood hazard layer for this location (common in leveed/industrial coastal areas), not a confirmed low-risk determination.","building_height_m":5,"osm_way_id":978215660},"geometry":{"type":"Polygon","coordinates":[[[-90.2063028,29.1152293],[-90.2062737,29.1152237],[-90.2062442,29.1152272],[-90.2062178,29.1152392],[-90.2061976,29.1152584],[-90.2061861,29.1152824],[-90.2061846,29.1153084],[-90.2061934,29.1153333],[-90.2062113,29.1153541],[-90.2062362,29.1153683],[-90.2062652,29.1153743],[-90.2062911,29.1153722],[-90.2063151,29.1153634],[-90.2063351,29.1153488],[-90.2063491,29.1153297],[-90.206356,29.1153078],[-90.206355,29.115285],[-90.2063464,29.1152636],[-90.206328,29.1152431],[-90.2063028,29.1152293]]]}},{"type":"Feature","properties":{"property_id":"PF-0206","address_label":"Structure near 29.1153, -90.2060","occupancy_type":"Unclassified structure (OSM building=yes)","flood_zone_code":"Unmapped","sfha":null,"risk_level":"Unknown","recommended_action":"FEMA NFHL coverage was unavailable or undetermined for this location. No risk tier is assigned; consult official FEMA and local floodplain-management sources before making decisions.","data_source":"OpenStreetMap building footprint + FEMA National Flood Hazard Layer (zone-based classification)","confidence_note":"No FEMA NFHL flood zone polygon was found intersecting this footprint in the queried data. This reflects a known coverage gap in the digitized flood hazard layer for this location (common in leveed/industrial coastal areas), not a confirmed low-risk determination.","building_height_m":5,"osm_way_id":978215661},"geometry":{"type":"Polygon","coordinates":[[[-90.2060529,29.1152293],[-90.2060238,29.1152237],[-90.2059943,29.1152272],[-90.2059679,29.1152392],[-90.2059477,29.1152584],[-90.2059362,29.1152824],[-90.2059348,29.1153084],[-90.2059435,29.1153333],[-90.2059614,29.1153541],[-90.2059863,29.1153683],[-90.2060153,29.1153743],[-90.2060412,29.1153722],[-90.2060652,29.1153634],[-90.2060852,29.1153488],[-90.2060992,29.1153297],[-90.2061061,29.1153078],[-90.2061051,29.115285],[-90.2060965,29.1152636],[-90.2060781,29.1152431],[-90.2060529,29.1152293]]]}},{"type":"Feature","properties":{"property_id":"PF-0207","address_label":"Structure near 29.1155, -90.2069","occupancy_type":"Unclassified structure (OSM building=yes)","flood_zone_code":"Unmapped","sfha":null,"risk_level":"Unknown","recommended_action":"FEMA NFHL coverage was unavailable or undetermined for this location. No risk tier is assigned; consult official FEMA and local floodplain-management sources before making decisions.","data_source":"OpenStreetMap building footprint + FEMA National Flood Hazard Layer (zone-based classification)","confidence_note":"No FEMA NFHL flood zone polygon was found intersecting this footprint in the queried data. This reflects a known coverage gap in the digitized flood hazard layer for this location (common in leveed/industrial coastal areas), not a confirmed low-risk determination.","building_height_m":5,"osm_way_id":978215662},"geometry":{"type":"Polygon","coordinates":[[[-90.2069595,29.1154897],[-90.2069382,29.115485],[-90.2069164,29.1154866],[-90.2068964,29.1154944],[-90.2068805,29.1155074],[-90.2068702,29.1155243],[-90.2068669,29.1155432],[-90.2068709,29.115562],[-90.2068816,29.1155787],[-90.2068981,29.1155913],[-90.2069183,29.1155986],[-90.2069401,29.1155997],[-90.2069607,29.1155946],[-90.2069783,29.1155841],[-90.2069912,29.1155693],[-90.206998,29.1155516],[-90.2069979,29.115533],[-90.2069911,29.1155153],[-90.2069777,29.1155002],[-90.2069595,29.1154897]]]}},{"type":"Feature","properties":{"property_id":"PF-0208","address_label":"Structure near 29.1155, -90.2068","occupancy_type":"Unclassified structure (OSM building=yes)","flood_zone_code":"Unmapped","sfha":null,"risk_level":"Unknown","recommended_action":"FEMA NFHL coverage was unavailable or undetermined for this location. No risk tier is assigned; consult official FEMA and local floodplain-management sources before making decisions.","data_source":"OpenStreetMap building footprint + FEMA National Flood Hazard Layer (zone-based classification)","confidence_note":"No FEMA NFHL flood zone polygon was found intersecting this footprint in the queried data. This reflects a known coverage gap in the digitized flood hazard layer for this location (common in leveed/industrial coastal areas), not a confirmed low-risk determination.","building_height_m":5,"osm_way_id":978215663},"geometry":{"type":"Polygon","coordinates":[[[-90.2067869,29.115411],[-90.2067657,29.1154063],[-90.2067439,29.1154079],[-90.2067239,29.1154157],[-90.2067079,29.1154288],[-90.2066977,29.1154457],[-90.2066944,29.1154646],[-90.2066983,29.1154834],[-90.2067091,29.1155],[-90.2067255,29.1155127],[-90.2067458,29.1155199],[-90.2067676,29.115521],[-90.2067881,29.115516],[-90.2068058,29.1155055],[-90.2068187,29.1154906],[-90.2068254,29.115473],[-90.2068254,29.1154543],[-90.2068185,29.1154367],[-90.2068052,29.1154215],[-90.2067869,29.115411]]]}},{"type":"Feature","properties":{"property_id":"PF-0209","address_label":"Structure near 29.1151, -90.2062","occupancy_type":"Unclassified structure (OSM building=yes)","flood_zone_code":"Unmapped","sfha":null,"risk_level":"Unknown","recommended_action":"FEMA NFHL coverage was unavailable or undetermined for this location. No risk tier is assigned; consult official FEMA and local floodplain-management sources before making decisions.","data_source":"OpenStreetMap building footprint + FEMA National Flood Hazard Layer (zone-based classification)","confidence_note":"No FEMA NFHL flood zone polygon was found intersecting this footprint in the queried data. This reflects a known coverage gap in the digitized flood hazard layer for this location (common in leveed/industrial coastal areas), not a confirmed low-risk determination.","building_height_m":5,"osm_way_id":978215664},"geometry":{"type":"Polygon","coordinates":[[[-90.2062298,29.1150412],[-90.2062086,29.1150365],[-90.2061868,29.1150381],[-90.2061668,29.1150459],[-90.2061508,29.115059],[-90.2061406,29.1150759],[-90.2061373,29.1150948],[-90.2061412,29.1151136],[-90.206152,29.1151302],[-90.2061684,29.1151429],[-90.2061886,29.1151501],[-90.2062105,29.1151512],[-90.206231,29.1151462],[-90.2062487,29.1151357],[-90.2062615,29.1151208],[-90.2062683,29.1151031],[-90.2062683,29.1150845],[-90.2062614,29.1150669],[-90.2062481,29.1150517],[-90.2062298,29.1150412]]]}},{"type":"Feature","properties":{"property_id":"PF-0210","address_label":"Structure near 29.1151, -90.2060","occupancy_type":"Unclassified structure (OSM building=yes)","flood_zone_code":"Unmapped","sfha":null,"risk_level":"Unknown","recommended_action":"FEMA NFHL coverage was unavailable or undetermined for this location. No risk tier is assigned; consult official FEMA and local floodplain-management sources before making decisions.","data_source":"OpenStreetMap building footprint + FEMA National Flood Hazard Layer (zone-based classification)","confidence_note":"No FEMA NFHL flood zone polygon was found intersecting this footprint in the queried data. This reflects a known coverage gap in the digitized flood hazard layer for this location (common in leveed/industrial coastal areas), not a confirmed low-risk determination.","building_height_m":5,"osm_way_id":978215665},"geometry":{"type":"Polygon","coordinates":[[[-90.2059949,29.1150627],[-90.2059737,29.115058],[-90.2059519,29.1150596],[-90.2059319,29.1150674],[-90.2059159,29.1150804],[-90.2059057,29.1150973],[-90.2059024,29.1151162],[-90.2059063,29.115135],[-90.2059171,29.1151517],[-90.2059335,29.1151643],[-90.2059538,29.1151716],[-90.2059756,29.1151727],[-90.2059962,29.1151676],[-90.2060138,29.1151571],[-90.2060267,29.1151423],[-90.2060334,29.1151246],[-90.2060334,29.115106],[-90.2060266,29.1150883],[-90.2060132,29.1150732],[-90.2059949,29.1150627]]]}},{"type":"Feature","properties":{"property_id":"PF-0211","address_label":"Structure near 29.1153, -90.2058","occupancy_type":"Unclassified structure (OSM building=yes)","flood_zone_code":"Unmapped","sfha":null,"risk_level":"Unknown","recommended_action":"FEMA NFHL coverage was unavailable or undetermined for this location. No risk tier is assigned; consult official FEMA and local floodplain-management sources before making decisions.","data_source":"OpenStreetMap building footprint + FEMA National Flood Hazard Layer (zone-based classification)","confidence_note":"No FEMA NFHL flood zone polygon was found intersecting this footprint in the queried data. This reflects a known coverage gap in the digitized flood hazard layer for this location (common in leveed/industrial coastal areas), not a confirmed low-risk determination.","building_height_m":5,"osm_way_id":978215666},"geometry":{"type":"Polygon","coordinates":[[[-90.2057901,29.1152559],[-90.2057689,29.1152512],[-90.2057471,29.1152529],[-90.2057271,29.1152606],[-90.2057111,29.1152737],[-90.2057009,29.1152906],[-90.2056976,29.1153095],[-90.2057015,29.1153283],[-90.2057123,29.1153449],[-90.2057287,29.1153576],[-90.2057489,29.1153649],[-90.2057708,29.1153659],[-90.2057913,29.1153609],[-90.205809,29.1153504],[-90.2058218,29.1153355],[-90.2058286,29.1153179],[-90.2058286,29.1152992],[-90.2058217,29.1152816],[-90.2058084,29.1152664],[-90.2057901,29.1152559]]]}},{"type":"Feature","properties":{"property_id":"PF-0212","address_label":"Structure near 29.1160, -90.2052","occupancy_type":"Unclassified structure (OSM building=yes)","flood_zone_code":"Unmapped","sfha":null,"risk_level":"Unknown","recommended_action":"FEMA NFHL coverage was unavailable or undetermined for this location. No risk tier is assigned; consult official FEMA and local floodplain-management sources before making decisions.","data_source":"OpenStreetMap building footprint + FEMA National Flood Hazard Layer (zone-based classification)","confidence_note":"No FEMA NFHL flood zone polygon was found intersecting this footprint in the queried data. This reflects a known coverage gap in the digitized flood hazard layer for this location (common in leveed/industrial coastal areas), not a confirmed low-risk determination.","building_height_m":5,"osm_way_id":978215667},"geometry":{"type":"Polygon","coordinates":[[[-90.2052802,29.116039],[-90.2052752,29.1158875],[-90.2051196,29.1158914],[-90.2051246,29.1160429],[-90.2052802,29.116039]]]}},{"type":"Feature","properties":{"property_id":"PF-0213","address_label":"Structure near 29.1161, -90.2086","occupancy_type":"Unclassified structure (OSM building=yes)","flood_zone_code":"Unmapped","sfha":null,"risk_level":"Unknown","recommended_action":"FEMA NFHL coverage was unavailable or undetermined for this location. No risk tier is assigned; consult official FEMA and local floodplain-management sources before making decisions.","data_source":"OpenStreetMap building footprint + FEMA National Flood Hazard Layer (zone-based classification)","confidence_note":"No FEMA NFHL flood zone polygon was found intersecting this footprint in the queried data. This reflects a known coverage gap in the digitized flood hazard layer for this location (common in leveed/industrial coastal areas), not a confirmed low-risk determination.","building_height_m":5,"osm_way_id":978215668},"geometry":{"type":"Polygon","coordinates":[[[-90.20869,29.1161748],[-90.2085553,29.1159448],[-90.2084511,29.1159914],[-90.208586,29.1162213],[-90.20869,29.1161748]]]}},{"type":"Feature","properties":{"property_id":"PF-0214","address_label":"Structure near 29.1166, -90.2088","occupancy_type":"Unclassified structure (OSM building=yes)","flood_zone_code":"Unmapped","sfha":null,"risk_level":"Unknown","recommended_action":"FEMA NFHL coverage was unavailable or undetermined for this location. No risk tier is assigned; consult official FEMA and local floodplain-management sources before making decisions.","data_source":"OpenStreetMap building footprint + FEMA National Flood Hazard Layer (zone-based classification)","confidence_note":"No FEMA NFHL flood zone polygon was found intersecting this footprint in the queried data. This reflects a known coverage gap in the digitized flood hazard layer for this location (common in leveed/industrial coastal areas), not a confirmed low-risk determination.","building_height_m":5,"osm_way_id":978216265},"geometry":{"type":"Polygon","coordinates":[[[-90.2088584,29.1165588],[-90.2088222,29.1164829],[-90.2086416,29.1165487],[-90.2086779,29.1166246],[-90.2088584,29.1165588]]]}},{"type":"Feature","properties":{"property_id":"PF-0215","address_label":"Structure near 29.1167, -90.2080","occupancy_type":"Unclassified structure (OSM building=yes)","flood_zone_code":"Unmapped","sfha":null,"risk_level":"Unknown","recommended_action":"FEMA NFHL coverage was unavailable or undetermined for this location. No risk tier is assigned; consult official FEMA and local floodplain-management sources before making decisions.","data_source":"OpenStreetMap building footprint + FEMA National Flood Hazard Layer (zone-based classification)","confidence_note":"No FEMA NFHL flood zone polygon was found intersecting this footprint in the queried data. This reflects a known coverage gap in the digitized flood hazard layer for this location (common in leveed/industrial coastal areas), not a confirmed low-risk determination.","building_height_m":5,"osm_way_id":978216266},"geometry":{"type":"Polygon","coordinates":[[[-90.2080698,29.1167404],[-90.2080112,29.1166573],[-90.2079002,29.1167171],[-90.2079588,29.1168002],[-90.2080698,29.1167404]]]}},{"type":"Feature","properties":{"property_id":"PF-0216","address_label":"Structure near 29.1172, -90.2072","occupancy_type":"Unclassified structure (OSM building=yes)","flood_zone_code":"Unmapped","sfha":null,"risk_level":"Unknown","recommended_action":"FEMA NFHL coverage was unavailable or undetermined for this location. No risk tier is assigned; consult official FEMA and local floodplain-management sources before making decisions.","data_source":"OpenStreetMap building footprint + FEMA National Flood Hazard Layer (zone-based classification)","confidence_note":"No FEMA NFHL flood zone polygon was found intersecting this footprint in the queried data. This reflects a known coverage gap in the digitized flood hazard layer for this location (common in leveed/industrial coastal areas), not a confirmed low-risk determination.","building_height_m":5,"osm_way_id":978216267},"geometry":{"type":"Polygon","coordinates":[[[-90.2073197,29.1172134],[-90.2072146,29.1170721],[-90.2071579,29.1171043],[-90.207263,29.1172456],[-90.2073197,29.1172134]]]}},{"type":"Feature","properties":{"property_id":"PF-0217","address_label":"Structure near 29.1176, -90.2076","occupancy_type":"Unclassified structure (OSM building=yes)","flood_zone_code":"Unmapped","sfha":null,"risk_level":"Unknown","recommended_action":"FEMA NFHL coverage was unavailable or undetermined for this location. No risk tier is assigned; consult official FEMA and local floodplain-management sources before making decisions.","data_source":"OpenStreetMap building footprint + FEMA National Flood Hazard Layer (zone-based classification)","confidence_note":"No FEMA NFHL flood zone polygon was found intersecting this footprint in the queried data. This reflects a known coverage gap in the digitized flood hazard layer for this location (common in leveed/industrial coastal areas), not a confirmed low-risk determination.","building_height_m":5,"osm_way_id":978216268},"geometry":{"type":"Polygon","coordinates":[[[-90.2077127,29.1176234],[-90.207622,29.1174752],[-90.2075568,29.1175057],[-90.2076475,29.1176539],[-90.2077127,29.1176234]]]}},{"type":"Feature","properties":{"property_id":"PF-0218","address_label":"Structure near 29.1175, -90.2075","occupancy_type":"Unclassified structure (OSM building=yes)","flood_zone_code":"Unmapped","sfha":null,"risk_level":"Unknown","recommended_action":"FEMA NFHL coverage was unavailable or undetermined for this location. No risk tier is assigned; consult official FEMA and local floodplain-management sources before making decisions.","data_source":"OpenStreetMap building footprint + FEMA National Flood Hazard Layer (zone-based classification)","confidence_note":"No FEMA NFHL flood zone polygon was found intersecting this footprint in the queried data. This reflects a known coverage gap in the digitized flood hazard layer for this location (common in leveed/industrial coastal areas), not a confirmed low-risk determination.","building_height_m":5,"osm_way_id":978216269},"geometry":{"type":"Polygon","coordinates":[[[-90.2075677,29.1174371],[-90.2075199,29.1173764],[-90.2073711,29.1174657],[-90.2074189,29.1175264],[-90.2075677,29.1174371]]]}},{"type":"Feature","properties":{"property_id":"PF-0219","address_label":"Structure near 29.1188, -90.2090","occupancy_type":"Unclassified structure (OSM building=yes)","flood_zone_code":"Unmapped","sfha":null,"risk_level":"Unknown","recommended_action":"FEMA NFHL coverage was unavailable or undetermined for this location. No risk tier is assigned; consult official FEMA and local floodplain-management sources before making decisions.","data_source":"OpenStreetMap building footprint + FEMA National Flood Hazard Layer (zone-based classification)","confidence_note":"No FEMA NFHL flood zone polygon was found intersecting this footprint in the queried data. This reflects a known coverage gap in the digitized flood hazard layer for this location (common in leveed/industrial coastal areas), not a confirmed low-risk determination.","building_height_m":5,"osm_way_id":978216270},"geometry":{"type":"Polygon","coordinates":[[[-90.2089059,29.1189134],[-90.2092739,29.1187189],[-90.2091867,29.118593],[-90.2088187,29.1187876],[-90.2089059,29.1189134]]]}},{"type":"Feature","properties":{"property_id":"PF-0220","address_label":"Structure near 29.1190, -90.2111","occupancy_type":"Unclassified structure (OSM building=yes)","flood_zone_code":"Unmapped","sfha":null,"risk_level":"Unknown","recommended_action":"FEMA NFHL coverage was unavailable or undetermined for this location. No risk tier is assigned; consult official FEMA and local floodplain-management sources before making decisions.","data_source":"OpenStreetMap building footprint + FEMA National Flood Hazard Layer (zone-based classification)","confidence_note":"No FEMA NFHL flood zone polygon was found intersecting this footprint in the queried data. This reflects a known coverage gap in the digitized flood hazard layer for this location (common in leveed/industrial coastal areas), not a confirmed low-risk determination.","building_height_m":5,"osm_way_id":978216271},"geometry":{"type":"Polygon","coordinates":[[[-90.211452,29.1191691],[-90.2111483,29.1186381],[-90.2107903,29.1187944],[-90.2110941,29.1193254],[-90.211452,29.1191691]]]}},{"type":"Feature","properties":{"property_id":"PF-0221","address_label":"Structure near 29.1195, -90.2105","occupancy_type":"Unclassified structure (OSM building=yes)","flood_zone_code":"Unmapped","sfha":null,"risk_level":"Unknown","recommended_action":"FEMA NFHL coverage was unavailable or undetermined for this location. No risk tier is assigned; consult official FEMA and local floodplain-management sources before making decisions.","data_source":"OpenStreetMap building footprint + FEMA National Flood Hazard Layer (zone-based classification)","confidence_note":"No FEMA NFHL flood zone polygon was found intersecting this footprint in the queried data. This reflects a known coverage gap in the digitized flood hazard layer for this location (common in leveed/industrial coastal areas), not a confirmed low-risk determination.","building_height_m":5,"osm_way_id":978216272},"geometry":{"type":"Polygon","coordinates":[[[-90.2105967,29.1195377],[-90.2105303,29.1194191],[-90.2104016,29.119474],[-90.210468,29.1195926],[-90.2105967,29.1195377]]]}},{"type":"Feature","properties":{"property_id":"PF-0222","address_label":"Structure near 29.1190, -90.2080","occupancy_type":"Unclassified structure (OSM building=yes)","flood_zone_code":"Unmapped","sfha":null,"risk_level":"Unknown","recommended_action":"FEMA NFHL coverage was unavailable or undetermined for this location. No risk tier is assigned; consult official FEMA and local floodplain-management sources before making decisions.","data_source":"OpenStreetMap building footprint + FEMA National Flood Hazard Layer (zone-based classification)","confidence_note":"No FEMA NFHL flood zone polygon was found intersecting this footprint in the queried data. This reflects a known coverage gap in the digitized flood hazard layer for this location (common in leveed/industrial coastal areas), not a confirmed low-risk determination.","building_height_m":5,"osm_way_id":978216273},"geometry":{"type":"Polygon","coordinates":[[[-90.2082171,29.1189369],[-90.2081195,29.1188083],[-90.2077596,29.119017],[-90.2078572,29.1191455],[-90.2082171,29.1189369]]]}},{"type":"Feature","properties":{"property_id":"PF-0223","address_label":"Structure near 29.1190, -90.2085","occupancy_type":"Unclassified structure (OSM building=yes)","flood_zone_code":"Unmapped","sfha":null,"risk_level":"Unknown","recommended_action":"FEMA NFHL coverage was unavailable or undetermined for this location. No risk tier is assigned; consult official FEMA and local floodplain-management sources before making decisions.","data_source":"OpenStreetMap building footprint + FEMA National Flood Hazard Layer (zone-based classification)","confidence_note":"No FEMA NFHL flood zone polygon was found intersecting this footprint in the queried data. This reflects a known coverage gap in the digitized flood hazard layer for this location (common in leveed/industrial coastal areas), not a confirmed low-risk determination.","building_height_m":5,"osm_way_id":978216274},"geometry":{"type":"Polygon","coordinates":[[[-90.2085921,29.1189025],[-90.2085478,29.1188891],[-90.208501,29.1188886],[-90.2084564,29.1189012],[-90.2084188,29.1189256],[-90.208392,29.1189591],[-90.2083788,29.1189984],[-90.2083806,29.1190393],[-90.2083972,29.1190775],[-90.2084269,29.1191092],[-90.2084666,29.1191309],[-90.2085121,29.1191405],[-90.2085617,29.1191362],[-90.2086068,29.1191175],[-90.2086419,29.1190866],[-90.208663,29.1190472],[-90.2086676,29.1190038],[-90.2086551,29.1189616],[-90.2086291,29.1189275],[-90.2085921,29.1189025]]]}},{"type":"Feature","properties":{"property_id":"PF-0224","address_label":"Structure near 29.1197, -90.2090","occupancy_type":"Unclassified structure (OSM building=yes)","flood_zone_code":"Unmapped","sfha":null,"risk_level":"Unknown","recommended_action":"FEMA NFHL coverage was unavailable or undetermined for this location. No risk tier is assigned; consult official FEMA and local floodplain-management sources before making decisions.","data_source":"OpenStreetMap building footprint + FEMA National Flood Hazard Layer (zone-based classification)","confidence_note":"No FEMA NFHL flood zone polygon was found intersecting this footprint in the queried data. This reflects a known coverage gap in the digitized flood hazard layer for this location (common in leveed/industrial coastal areas), not a confirmed low-risk determination.","building_height_m":5,"osm_way_id":978216275},"geometry":{"type":"Polygon","coordinates":[[[-90.2090741,29.1195413],[-90.2090299,29.1195278],[-90.208983,29.1195274],[-90.2089385,29.11954],[-90.2089008,29.1195644],[-90.208874,29.1195979],[-90.2088608,29.1196372],[-90.2088626,29.1196781],[-90.2088792,29.1197163],[-90.2089089,29.119748],[-90.2089486,29.1197697],[-90.2089941,29.1197793],[-90.2090438,29.119775],[-90.2090888,29.1197563],[-90.209124,29.1197254],[-90.2091451,29.1196859],[-90.2091496,29.1196425],[-90.2091371,29.1196004],[-90.2091111,29.1195663],[-90.2090741,29.1195413]]]}},{"type":"Feature","properties":{"property_id":"PF-0225","address_label":"Structure near 29.1199, -90.2090","occupancy_type":"Unclassified structure (OSM building=yes)","flood_zone_code":"Unmapped","sfha":null,"risk_level":"Unknown","recommended_action":"FEMA NFHL coverage was unavailable or undetermined for this location. No risk tier is assigned; consult official FEMA and local floodplain-management sources before making decisions.","data_source":"OpenStreetMap building footprint + FEMA National Flood Hazard Layer (zone-based classification)","confidence_note":"No FEMA NFHL flood zone polygon was found intersecting this footprint in the queried data. This reflects a known coverage gap in the digitized flood hazard layer for this location (common in leveed/industrial coastal areas), not a confirmed low-risk determination.","building_height_m":5,"osm_way_id":978216276},"geometry":{"type":"Polygon","coordinates":[[[-90.2089882,29.1198788],[-90.208962,29.1198722],[-90.2089348,29.1198737],[-90.2089098,29.1198831],[-90.2088898,29.1198994],[-90.2088773,29.1199206],[-90.2088738,29.1199442],[-90.2088795,29.1199674],[-90.2088939,29.1199877],[-90.2089152,29.1200025],[-90.208941,29.1200101],[-90.2089655,29.1200102],[-90.2089888,29.1200037],[-90.2090088,29.1199914],[-90.2090235,29.1199744],[-90.2090317,29.1199542],[-90.2090324,29.1199329],[-90.2090258,29.1199123],[-90.2090103,29.1198927],[-90.2089882,29.1198788]]]}},{"type":"Feature","properties":{"property_id":"PF-0226","address_label":"Structure near 29.1196, -90.2081","occupancy_type":"Unclassified structure (OSM building=yes)","flood_zone_code":"Unmapped","sfha":null,"risk_level":"Unknown","recommended_action":"FEMA NFHL coverage was unavailable or undetermined for this location. No risk tier is assigned; consult official FEMA and local floodplain-management sources before making decisions.","data_source":"OpenStreetMap building footprint + FEMA National Flood Hazard Layer (zone-based classification)","confidence_note":"No FEMA NFHL flood zone polygon was found intersecting this footprint in the queried data. This reflects a known coverage gap in the digitized flood hazard layer for this location (common in leveed/industrial coastal areas), not a confirmed low-risk determination.","building_height_m":5,"osm_way_id":978216277},"geometry":{"type":"Polygon","coordinates":[[[-90.2081842,29.1196715],[-90.2081197,29.1195809],[-90.208037,29.1196258],[-90.2081015,29.1197164],[-90.2081842,29.1196715]]]}},{"type":"Feature","properties":{"property_id":"PF-0227","address_label":"Structure near 29.1193, -90.2082","occupancy_type":"Unclassified structure (OSM building=yes)","flood_zone_code":"Unmapped","sfha":null,"risk_level":"Unknown","recommended_action":"FEMA NFHL coverage was unavailable or undetermined for this location. No risk tier is assigned; consult official FEMA and local floodplain-management sources before making decisions.","data_source":"OpenStreetMap building footprint + FEMA National Flood Hazard Layer (zone-based classification)","confidence_note":"No FEMA NFHL flood zone polygon was found intersecting this footprint in the queried data. This reflects a known coverage gap in the digitized flood hazard layer for this location (common in leveed/industrial coastal areas), not a confirmed low-risk determination.","building_height_m":5,"osm_way_id":978216278},"geometry":{"type":"Polygon","coordinates":[[[-90.2082589,29.1193387],[-90.2081688,29.1192246],[-90.2080441,29.1192998],[-90.2081342,29.1194139],[-90.2082589,29.1193387]]]}},{"type":"Feature","properties":{"property_id":"PF-0228","address_label":"Structure near 29.1199, -90.2114","occupancy_type":"Unclassified structure (OSM building=yes)","flood_zone_code":"Unmapped","sfha":null,"risk_level":"Unknown","recommended_action":"FEMA NFHL coverage was unavailable or undetermined for this location. No risk tier is assigned; consult official FEMA and local floodplain-management sources before making decisions.","data_source":"OpenStreetMap building footprint + FEMA National Flood Hazard Layer (zone-based classification)","confidence_note":"No FEMA NFHL flood zone polygon was found intersecting this footprint in the queried data. This reflects a known coverage gap in the digitized flood hazard layer for this location (common in leveed/industrial coastal areas), not a confirmed low-risk determination.","building_height_m":5,"osm_way_id":978216279},"geometry":{"type":"Polygon","coordinates":[[[-90.2116121,29.1198949],[-90.2114968,29.1197628],[-90.211209,29.1199546],[-90.2113242,29.1200867],[-90.2116121,29.1198949]]]}},{"type":"Feature","properties":{"property_id":"PF-0229","address_label":"Structure near 29.1201, -90.2116","occupancy_type":"Unclassified structure (OSM building=yes)","flood_zone_code":"Unmapped","sfha":null,"risk_level":"Unknown","recommended_action":"FEMA NFHL coverage was unavailable or undetermined for this location. No risk tier is assigned; consult official FEMA and local floodplain-management sources before making decisions.","data_source":"OpenStreetMap building footprint + FEMA National Flood Hazard Layer (zone-based classification)","confidence_note":"No FEMA NFHL flood zone polygon was found intersecting this footprint in the queried data. This reflects a known coverage gap in the digitized flood hazard layer for this location (common in leveed/industrial coastal areas), not a confirmed low-risk determination.","building_height_m":5,"osm_way_id":978216280},"geometry":{"type":"Polygon","coordinates":[[[-90.2117903,29.1200971],[-90.2116836,29.1199667],[-90.2113909,29.1201493],[-90.2114976,29.1202798],[-90.2117903,29.1200971]]]}},{"type":"Feature","properties":{"property_id":"PF-0230","address_label":"Structure near 29.1195, -90.2113","occupancy_type":"Unclassified structure (OSM building=yes)","flood_zone_code":"Unmapped","sfha":null,"risk_level":"Unknown","recommended_action":"FEMA NFHL coverage was unavailable or undetermined for this location. No risk tier is assigned; consult official FEMA and local floodplain-management sources before making decisions.","data_source":"OpenStreetMap building footprint + FEMA National Flood Hazard Layer (zone-based classification)","confidence_note":"No FEMA NFHL flood zone polygon was found intersecting this footprint in the queried data. This reflects a known coverage gap in the digitized flood hazard layer for this location (common in leveed/industrial coastal areas), not a confirmed low-risk determination.","building_height_m":5,"osm_way_id":978216281},"geometry":{"type":"Polygon","coordinates":[[[-90.2114295,29.1195949],[-90.2112482,29.1192782],[-90.2111685,29.119313],[-90.2113498,29.1196297],[-90.2114295,29.1195949]]]}},{"type":"Feature","properties":{"property_id":"PF-0231","address_label":"Structure near 29.1199, -90.2102","occupancy_type":"Unclassified structure (OSM building=yes)","flood_zone_code":"Unmapped","sfha":null,"risk_level":"Unknown","recommended_action":"FEMA NFHL coverage was unavailable or undetermined for this location. No risk tier is assigned; consult official FEMA and local floodplain-management sources before making decisions.","data_source":"OpenStreetMap building footprint + FEMA National Flood Hazard Layer (zone-based classification)","confidence_note":"No FEMA NFHL flood zone polygon was found intersecting this footprint in the queried data. This reflects a known coverage gap in the digitized flood hazard layer for this location (common in leveed/industrial coastal areas), not a confirmed low-risk determination.","building_height_m":5,"osm_way_id":978216282},"geometry":{"type":"Polygon","coordinates":[[[-90.2101887,29.1198772],[-90.2101663,29.1198749],[-90.2101443,29.119879],[-90.2101249,29.1198892],[-90.2101104,29.1199043],[-90.2101023,29.1199227],[-90.2101014,29.1199423],[-90.2101078,29.1199612],[-90.2101209,29.1199773],[-90.2101392,29.1199888],[-90.2101608,29.1199945],[-90.2101833,29.1199938],[-90.2102046,29.1199866],[-90.2102221,29.1199737],[-90.2102337,29.1199566],[-90.2102383,29.1199371],[-90.2102354,29.1199173],[-90.2102251,29.1198994],[-90.210209,29.1198857],[-90.2101887,29.1198772]]]}},{"type":"Feature","properties":{"property_id":"PF-0232","address_label":"Structure near 29.1201, -90.2098","occupancy_type":"Unclassified structure (OSM building=yes)","flood_zone_code":"Unmapped","sfha":null,"risk_level":"Unknown","recommended_action":"FEMA NFHL coverage was unavailable or undetermined for this location. No risk tier is assigned; consult official FEMA and local floodplain-management sources before making decisions.","data_source":"OpenStreetMap building footprint + FEMA National Flood Hazard Layer (zone-based classification)","confidence_note":"No FEMA NFHL flood zone polygon was found intersecting this footprint in the queried data. This reflects a known coverage gap in the digitized flood hazard layer for this location (common in leveed/industrial coastal areas), not a confirmed low-risk determination.","building_height_m":5,"osm_way_id":978216283},"geometry":{"type":"Polygon","coordinates":[[[-90.2098125,29.1200563],[-90.209784,29.120051],[-90.2097552,29.1200544],[-90.2097293,29.1200661],[-90.2097094,29.1200847],[-90.209698,29.1201081],[-90.2096962,29.1201335],[-90.2097043,29.1201579],[-90.2097214,29.1201785],[-90.2097455,29.1201929],[-90.2097736,29.1201993],[-90.2097996,29.1201977],[-90.2098239,29.1201893],[-90.209844,29.1201749],[-90.2098583,29.1201558],[-90.2098652,29.1201338],[-90.2098642,29.1201111],[-90.2098554,29.1200897],[-90.2098373,29.1200697],[-90.2098125,29.1200563]]]}},{"type":"Feature","properties":{"property_id":"PF-0233","address_label":"Structure near 29.1202, -90.2096","occupancy_type":"Unclassified structure (OSM building=yes)","flood_zone_code":"Unmapped","sfha":null,"risk_level":"Unknown","recommended_action":"FEMA NFHL coverage was unavailable or undetermined for this location. No risk tier is assigned; consult official FEMA and local floodplain-management sources before making decisions.","data_source":"OpenStreetMap building footprint + FEMA National Flood Hazard Layer (zone-based classification)","confidence_note":"No FEMA NFHL flood zone polygon was found intersecting this footprint in the queried data. This reflects a known coverage gap in the digitized flood hazard layer for this location (common in leveed/industrial coastal areas), not a confirmed low-risk determination.","building_height_m":5,"osm_way_id":978216284},"geometry":{"type":"Polygon","coordinates":[[[-90.2095959,29.1201716],[-90.2095674,29.1201663],[-90.2095386,29.1201697],[-90.2095127,29.1201814],[-90.2094928,29.1202],[-90.2094814,29.1202234],[-90.2094796,29.1202488],[-90.2094877,29.1202732],[-90.2095048,29.1202938],[-90.2095289,29.1203082],[-90.2095571,29.1203146],[-90.2095831,29.120313],[-90.2096073,29.1203046],[-90.2096274,29.1202901],[-90.2096417,29.1202711],[-90.2096486,29.1202491],[-90.2096476,29.1202264],[-90.2096388,29.120205],[-90.2096207,29.120185],[-90.2095959,29.1201716]]]}},{"type":"Feature","properties":{"property_id":"PF-0234","address_label":"Structure near 29.1213, -90.2091","occupancy_type":"Unclassified structure (OSM building=yes)","flood_zone_code":"Unmapped","sfha":null,"risk_level":"Unknown","recommended_action":"FEMA NFHL coverage was unavailable or undetermined for this location. No risk tier is assigned; consult official FEMA and local floodplain-management sources before making decisions.","data_source":"OpenStreetMap building footprint + FEMA National Flood Hazard Layer (zone-based classification)","confidence_note":"No FEMA NFHL flood zone polygon was found intersecting this footprint in the queried data. This reflects a known coverage gap in the digitized flood hazard layer for this location (common in leveed/industrial coastal areas), not a confirmed low-risk determination.","building_height_m":5,"osm_way_id":978216285},"geometry":{"type":"Polygon","coordinates":[[[-90.2091916,29.1214347],[-90.2091199,29.1211045],[-90.208934,29.1211353],[-90.2090059,29.1214655],[-90.2091916,29.1214347]]]}},{"type":"Feature","properties":{"property_id":"PF-0235","address_label":"Structure near 29.1215, -90.2095","occupancy_type":"Unclassified structure (OSM building=yes)","flood_zone_code":"Unmapped","sfha":null,"risk_level":"Unknown","recommended_action":"FEMA NFHL coverage was unavailable or undetermined for this location. No risk tier is assigned; consult official FEMA and local floodplain-management sources before making decisions.","data_source":"OpenStreetMap building footprint + FEMA National Flood Hazard Layer (zone-based classification)","confidence_note":"No FEMA NFHL flood zone polygon was found intersecting this footprint in the queried data. This reflects a known coverage gap in the digitized flood hazard layer for this location (common in leveed/industrial coastal areas), not a confirmed low-risk determination.","building_height_m":5,"osm_way_id":978216286},"geometry":{"type":"Polygon","coordinates":[[[-90.2096044,29.1215083],[-90.2095833,29.1214287],[-90.2094207,29.1214616],[-90.2094418,29.1215412],[-90.2096044,29.1215083]]]}},{"type":"Feature","properties":{"property_id":"PF-0236","address_label":"Structure near 29.1218, -90.2089","occupancy_type":"Unclassified structure (OSM building=yes)","flood_zone_code":"Unmapped","sfha":null,"risk_level":"Unknown","recommended_action":"FEMA NFHL coverage was unavailable or undetermined for this location. No risk tier is assigned; consult official FEMA and local floodplain-management sources before making decisions.","data_source":"OpenStreetMap building footprint + FEMA National Flood Hazard Layer (zone-based classification)","confidence_note":"No FEMA NFHL flood zone polygon was found intersecting this footprint in the queried data. This reflects a known coverage gap in the digitized flood hazard layer for this location (common in leveed/industrial coastal areas), not a confirmed low-risk determination.","building_height_m":5,"osm_way_id":978216287},"geometry":{"type":"Polygon","coordinates":[[[-90.2090063,29.1219174],[-90.2089395,29.1217337],[-90.2088499,29.1217586],[-90.2089167,29.1219423],[-90.2090063,29.1219174]]]}},{"type":"Feature","properties":{"property_id":"PF-0237","address_label":"Structure near 29.1496, -90.1794","occupancy_type":"Unclassified structure (OSM building=yes)","flood_zone_code":"Unmapped","sfha":null,"risk_level":"Unknown","recommended_action":"FEMA NFHL coverage was unavailable or undetermined for this location. No risk tier is assigned; consult official FEMA and local floodplain-management sources before making decisions.","data_source":"OpenStreetMap building footprint + FEMA National Flood Hazard Layer (zone-based classification)","confidence_note":"No FEMA NFHL flood zone polygon was found intersecting this footprint in the queried data. This reflects a known coverage gap in the digitized flood hazard layer for this location (common in leveed/industrial coastal areas), not a confirmed low-risk determination.","building_height_m":5,"osm_way_id":1273976979},"geometry":{"type":"Polygon","coordinates":[[[-90.1793686,29.149732],[-90.1794821,29.1497443],[-90.1795073,29.1495648],[-90.1793939,29.1495526],[-90.1793686,29.149732]]]}},{"type":"Feature","properties":{"property_id":"PF-0238","address_label":"Structure near 29.1493, -90.1797","occupancy_type":"Unclassified structure (OSM building=yes)","flood_zone_code":"Unmapped","sfha":null,"risk_level":"Unknown","recommended_action":"FEMA NFHL coverage was unavailable or undetermined for this location. No risk tier is assigned; consult official FEMA and local floodplain-management sources before making decisions.","data_source":"OpenStreetMap building footprint + FEMA National Flood Hazard Layer (zone-based classification)","confidence_note":"No FEMA NFHL flood zone polygon was found intersecting this footprint in the queried data. This reflects a known coverage gap in the digitized flood hazard layer for this location (common in leveed/industrial coastal areas), not a confirmed low-risk determination.","building_height_m":5,"osm_way_id":1273976980},"geometry":{"type":"Polygon","coordinates":[[[-90.1796545,29.1494585],[-90.1797147,29.1494756],[-90.1797892,29.1492752],[-90.1797229,29.1492564],[-90.1797221,29.1492692],[-90.1796701,29.1492545],[-90.1796542,29.1492973],[-90.1797087,29.1493127],[-90.1796545,29.1494585]]]}},{"type":"Feature","properties":{"property_id":"PF-0239","address_label":"Structure near 29.1491, -90.1798","occupancy_type":"Unclassified structure (OSM building=yes)","flood_zone_code":"Unmapped","sfha":null,"risk_level":"Unknown","recommended_action":"FEMA NFHL coverage was unavailable or undetermined for this location. No risk tier is assigned; consult official FEMA and local floodplain-management sources before making decisions.","data_source":"OpenStreetMap building footprint + FEMA National Flood Hazard Layer (zone-based classification)","confidence_note":"No FEMA NFHL flood zone polygon was found intersecting this footprint in the queried data. This reflects a known coverage gap in the digitized flood hazard layer for this location (common in leveed/industrial coastal areas), not a confirmed low-risk determination.","building_height_m":5,"osm_way_id":1273976981},"geometry":{"type":"Polygon","coordinates":[[[-90.1797038,29.1491224],[-90.1797361,29.1490265],[-90.1798487,29.1490554],[-90.1798164,29.1491514],[-90.1797038,29.1491224]]]}},{"type":"Feature","properties":{"property_id":"PF-0240","address_label":"Structure near 29.1489, -90.1799","occupancy_type":"Unclassified structure (OSM building=yes)","flood_zone_code":"Unmapped","sfha":null,"risk_level":"Unknown","recommended_action":"FEMA NFHL coverage was unavailable or undetermined for this location. No risk tier is assigned; consult official FEMA and local floodplain-management sources before making decisions.","data_source":"OpenStreetMap building footprint + FEMA National Flood Hazard Layer (zone-based classification)","confidence_note":"No FEMA NFHL flood zone polygon was found intersecting this footprint in the queried data. This reflects a known coverage gap in the digitized flood hazard layer for this location (common in leveed/industrial coastal areas), not a confirmed low-risk determination.","building_height_m":5,"osm_way_id":1273976982},"geometry":{"type":"Polygon","coordinates":[[[-90.1797665,29.1489147],[-90.1797864,29.1488287],[-90.1799506,29.1488577],[-90.1799306,29.1489437],[-90.1797665,29.1489147]]]}},{"type":"Feature","properties":{"property_id":"PF-0241","address_label":"Structure near 29.1488, -90.1797","occupancy_type":"Unclassified structure (OSM building=yes)","flood_zone_code":"Unmapped","sfha":null,"risk_level":"Unknown","recommended_action":"FEMA NFHL coverage was unavailable or undetermined for this location. No risk tier is assigned; consult official FEMA and local floodplain-management sources before making decisions.","data_source":"OpenStreetMap building footprint + FEMA National Flood Hazard Layer (zone-based classification)","confidence_note":"No FEMA NFHL flood zone polygon was found intersecting this footprint in the queried data. This reflects a known coverage gap in the digitized flood hazard layer for this location (common in leveed/industrial coastal areas), not a confirmed low-risk determination.","building_height_m":5,"osm_way_id":1273976983},"geometry":{"type":"Polygon","coordinates":[[[-90.1796085,29.1488691],[-90.1797188,29.1488954],[-90.1797491,29.1487984],[-90.1797377,29.1487957],[-90.179752,29.1487501],[-90.179653,29.1487265],[-90.1796085,29.1488691]]]}},{"type":"Feature","properties":{"property_id":"PF-0242","address_label":"Structure near 29.1484, -90.1798","occupancy_type":"Unclassified structure (OSM building=yes)","flood_zone_code":"Unmapped","sfha":null,"risk_level":"Unknown","recommended_action":"FEMA NFHL coverage was unavailable or undetermined for this location. No risk tier is assigned; consult official FEMA and local floodplain-management sources before making decisions.","data_source":"OpenStreetMap building footprint + FEMA National Flood Hazard Layer (zone-based classification)","confidence_note":"No FEMA NFHL flood zone polygon was found intersecting this footprint in the queried data. This reflects a known coverage gap in the digitized flood hazard layer for this location (common in leveed/industrial coastal areas), not a confirmed low-risk determination.","building_height_m":5,"osm_way_id":1273976984},"geometry":{"type":"Polygon","coordinates":[[[-90.1797588,29.1483784],[-90.1798081,29.148261],[-90.1798998,29.1482904],[-90.1798392,29.1484346],[-90.1798177,29.1484277],[-90.1798238,29.1484133],[-90.1797766,29.1483982],[-90.1797818,29.1483858],[-90.1797588,29.1483784]]]}},{"type":"Feature","properties":{"property_id":"PF-0243","address_label":"Structure near 29.1484, -90.1800","occupancy_type":"Unclassified structure (OSM building=yes)","flood_zone_code":"Unmapped","sfha":null,"risk_level":"Unknown","recommended_action":"FEMA NFHL coverage was unavailable or undetermined for this location. No risk tier is assigned; consult official FEMA and local floodplain-management sources before making decisions.","data_source":"OpenStreetMap building footprint + FEMA National Flood Hazard Layer (zone-based classification)","confidence_note":"No FEMA NFHL flood zone polygon was found intersecting this footprint in the queried data. This reflects a known coverage gap in the digitized flood hazard layer for this location (common in leveed/industrial coastal areas), not a confirmed low-risk determination.","building_height_m":5,"osm_way_id":1273976985},"geometry":{"type":"Polygon","coordinates":[[[-90.1800574,29.148451],[-90.1799258,29.1484137],[-90.1799633,29.1483128],[-90.1800949,29.14835],[-90.1800574,29.148451]]]}},{"type":"Feature","properties":{"property_id":"PF-0244","address_label":"Structure near 29.1480, -90.1802","occupancy_type":"Unclassified structure (OSM building=yes)","flood_zone_code":"Unmapped","sfha":null,"risk_level":"Unknown","recommended_action":"FEMA NFHL coverage was unavailable or undetermined for this location. No risk tier is assigned; consult official FEMA and local floodplain-management sources before making decisions.","data_source":"OpenStreetMap building footprint + FEMA National Flood Hazard Layer (zone-based classification)","confidence_note":"No FEMA NFHL flood zone polygon was found intersecting this footprint in the queried data. This reflects a known coverage gap in the digitized flood hazard layer for this location (common in leveed/industrial coastal areas), not a confirmed low-risk determination.","building_height_m":5,"osm_way_id":1273976986},"geometry":{"type":"Polygon","coordinates":[[[-90.1801257,29.1480553],[-90.1801338,29.1480251],[-90.1801172,29.1480217],[-90.1801288,29.1479784],[-90.1801403,29.1479807],[-90.1801467,29.147957],[-90.1801699,29.1479618],[-90.1801776,29.147933],[-90.1802342,29.1479446],[-90.1802246,29.1479803],[-90.1802449,29.1479845],[-90.1802242,29.1480614],[-90.180214,29.1480594],[-90.1802105,29.1480726],[-90.1801257,29.1480553]]]}},{"type":"Feature","properties":{"property_id":"PF-0245","address_label":"Structure near 29.1478, -90.1803","occupancy_type":"Unclassified structure (OSM building=yes)","flood_zone_code":"Unmapped","sfha":null,"risk_level":"Unknown","recommended_action":"FEMA NFHL coverage was unavailable or undetermined for this location. No risk tier is assigned; consult official FEMA and local floodplain-management sources before making decisions.","data_source":"OpenStreetMap building footprint + FEMA National Flood Hazard Layer (zone-based classification)","confidence_note":"No FEMA NFHL flood zone polygon was found intersecting this footprint in the queried data. This reflects a known coverage gap in the digitized flood hazard layer for this location (common in leveed/industrial coastal areas), not a confirmed low-risk determination.","building_height_m":5,"osm_way_id":1273976987},"geometry":{"type":"Polygon","coordinates":[[[-90.1802008,29.1478214],[-90.1802107,29.1477908],[-90.180192,29.1477862],[-90.1801995,29.1477628],[-90.1801838,29.147759],[-90.1802045,29.1476946],[-90.1802192,29.1476982],[-90.1802358,29.1476464],[-90.1803104,29.1476646],[-90.1803026,29.1476891],[-90.1803295,29.1476956],[-90.1803028,29.147779],[-90.1802946,29.14778],[-90.1802894,29.1478054],[-90.18028,29.1478031],[-90.1802687,29.1478381],[-90.1802008,29.1478214]]]}},{"type":"Feature","properties":{"property_id":"PF-0246","address_label":"Structure near 29.1474, -90.1803","occupancy_type":"Unclassified structure (OSM building=yes)","flood_zone_code":"Unmapped","sfha":null,"risk_level":"Unknown","recommended_action":"FEMA NFHL coverage was unavailable or undetermined for this location. No risk tier is assigned; consult official FEMA and local floodplain-management sources before making decisions.","data_source":"OpenStreetMap building footprint + FEMA National Flood Hazard Layer (zone-based classification)","confidence_note":"No FEMA NFHL flood zone polygon was found intersecting this footprint in the queried data. This reflects a known coverage gap in the digitized flood hazard layer for this location (common in leveed/industrial coastal areas), not a confirmed low-risk determination.","building_height_m":5,"osm_way_id":1273976988},"geometry":{"type":"Polygon","coordinates":[[[-90.1802414,29.1474565],[-90.1802487,29.147413],[-90.1802925,29.1474186],[-90.1803108,29.1473096],[-90.1803836,29.147319],[-90.1803579,29.1474715],[-90.1802414,29.1474565]]]}},{"type":"Feature","properties":{"property_id":"PF-0247","address_label":"Structure near 29.1473, -90.1802","occupancy_type":"Unclassified structure (OSM building=yes)","flood_zone_code":"Unmapped","sfha":null,"risk_level":"Unknown","recommended_action":"FEMA NFHL coverage was unavailable or undetermined for this location. No risk tier is assigned; consult official FEMA and local floodplain-management sources before making decisions.","data_source":"OpenStreetMap building footprint + FEMA National Flood Hazard Layer (zone-based classification)","confidence_note":"No FEMA NFHL flood zone polygon was found intersecting this footprint in the queried data. This reflects a known coverage gap in the digitized flood hazard layer for this location (common in leveed/industrial coastal areas), not a confirmed low-risk determination.","building_height_m":5,"osm_way_id":1273976989},"geometry":{"type":"Polygon","coordinates":[[[-90.1801644,29.1473462],[-90.1802501,29.1473617],[-90.1802598,29.1473205],[-90.1801742,29.1473051],[-90.1801644,29.1473462]]]}},{"type":"Feature","properties":{"property_id":"PF-0248","address_label":"Structure near 29.1471, -90.1805","occupancy_type":"Unclassified structure (OSM building=yes)","flood_zone_code":"Unmapped","sfha":null,"risk_level":"Unknown","recommended_action":"FEMA NFHL coverage was unavailable or undetermined for this location. No risk tier is assigned; consult official FEMA and local floodplain-management sources before making decisions.","data_source":"OpenStreetMap building footprint + FEMA National Flood Hazard Layer (zone-based classification)","confidence_note":"No FEMA NFHL flood zone polygon was found intersecting this footprint in the queried data. This reflects a known coverage gap in the digitized flood hazard layer for this location (common in leveed/industrial coastal areas), not a confirmed low-risk determination.","building_height_m":5,"osm_way_id":1273976990},"geometry":{"type":"Polygon","coordinates":[[[-90.1804224,29.1471358],[-90.1804534,29.147025],[-90.1805487,29.1470453],[-90.1805177,29.1471561],[-90.1804224,29.1471358]]]}},{"type":"Feature","properties":{"property_id":"PF-0249","address_label":"Structure near 29.1504, -90.1794","occupancy_type":"Unclassified structure (OSM building=yes)","flood_zone_code":"Unmapped","sfha":null,"risk_level":"Unknown","recommended_action":"FEMA NFHL coverage was unavailable or undetermined for this location. No risk tier is assigned; consult official FEMA and local floodplain-management sources before making decisions.","data_source":"OpenStreetMap building footprint + FEMA National Flood Hazard Layer (zone-based classification)","confidence_note":"No FEMA NFHL flood zone polygon was found intersecting this footprint in the queried data. This reflects a known coverage gap in the digitized flood hazard layer for this location (common in leveed/industrial coastal areas), not a confirmed low-risk determination.","building_height_m":5,"osm_way_id":1273977490},"geometry":{"type":"Polygon","coordinates":[[[-90.1793529,29.1504101],[-90.179457,29.1504335],[-90.1794841,29.1503417],[-90.17938,29.1503182],[-90.1793529,29.1504101]]]}},{"type":"Feature","properties":{"property_id":"PF-0250","address_label":"Structure near 29.1506, -90.1793","occupancy_type":"Unclassified structure (OSM building=yes)","flood_zone_code":"Unmapped","sfha":null,"risk_level":"Unknown","recommended_action":"FEMA NFHL coverage was unavailable or undetermined for this location. No risk tier is assigned; consult official FEMA and local floodplain-management sources before making decisions.","data_source":"OpenStreetMap building footprint + FEMA National Flood Hazard Layer (zone-based classification)","confidence_note":"No FEMA NFHL flood zone polygon was found intersecting this footprint in the queried data. This reflects a known coverage gap in the digitized flood hazard layer for this location (common in leveed/industrial coastal areas), not a confirmed low-risk determination.","building_height_m":5,"osm_way_id":1273977491},"geometry":{"type":"Polygon","coordinates":[[[-90.1792637,29.1506111],[-90.1793162,29.150484],[-90.1794164,29.1505156],[-90.1793638,29.1506427],[-90.1792637,29.1506111]]]}},{"type":"Feature","properties":{"property_id":"PF-0251","address_label":"Structure near 29.1505, -90.1792","occupancy_type":"Unclassified structure (OSM building=yes)","flood_zone_code":"Unmapped","sfha":null,"risk_level":"Unknown","recommended_action":"FEMA NFHL coverage was unavailable or undetermined for this location. No risk tier is assigned; consult official FEMA and local floodplain-management sources before making decisions.","data_source":"OpenStreetMap building footprint + FEMA National Flood Hazard Layer (zone-based classification)","confidence_note":"No FEMA NFHL flood zone polygon was found intersecting this footprint in the queried data. This reflects a known coverage gap in the digitized flood hazard layer for this location (common in leveed/industrial coastal areas), not a confirmed low-risk determination.","building_height_m":5,"osm_way_id":1273977492},"geometry":{"type":"Polygon","coordinates":[[[-90.179167,29.1504773],[-90.1792139,29.1504914],[-90.1792264,29.1504597],[-90.1791795,29.1504456],[-90.179167,29.1504773]]]}},{"type":"Feature","properties":{"property_id":"PF-0252","address_label":"Structure near 29.1506, -90.1791","occupancy_type":"Unclassified structure (OSM building=yes)","flood_zone_code":"Unmapped","sfha":null,"risk_level":"Unknown","recommended_action":"FEMA NFHL coverage was unavailable or undetermined for this location. No risk tier is assigned; consult official FEMA and local floodplain-management sources before making decisions.","data_source":"OpenStreetMap building footprint + FEMA National Flood Hazard Layer (zone-based classification)","confidence_note":"No FEMA NFHL flood zone polygon was found intersecting this footprint in the queried data. This reflects a known coverage gap in the digitized flood hazard layer for this location (common in leveed/industrial coastal areas), not a confirmed low-risk determination.","building_height_m":5,"osm_way_id":1273977493},"geometry":{"type":"Polygon","coordinates":[[[-90.1790483,29.1506203],[-90.1790714,29.1505677],[-90.1790999,29.1505773],[-90.179128,29.1505132],[-90.1791953,29.1505358],[-90.1791673,29.1505997],[-90.1791756,29.1506025],[-90.1791525,29.1506551],[-90.1790483,29.1506203]]]}},{"type":"Feature","properties":{"property_id":"PF-0253","address_label":"Structure near 29.1508, -90.1792","occupancy_type":"Unclassified structure (OSM building=yes)","flood_zone_code":"Unmapped","sfha":null,"risk_level":"Unknown","recommended_action":"FEMA NFHL coverage was unavailable or undetermined for this location. No risk tier is assigned; consult official FEMA and local floodplain-management sources before making decisions.","data_source":"OpenStreetMap building footprint + FEMA National Flood Hazard Layer (zone-based classification)","confidence_note":"No FEMA NFHL flood zone polygon was found intersecting this footprint in the queried data. This reflects a known coverage gap in the digitized flood hazard layer for this location (common in leveed/industrial coastal areas), not a confirmed low-risk determination.","building_height_m":5,"osm_way_id":1273977494},"geometry":{"type":"Polygon","coordinates":[[[-90.1791335,29.1508775],[-90.1791739,29.1507444],[-90.1793146,29.150777],[-90.1792742,29.1509101],[-90.1791335,29.1508775]]]}},{"type":"Feature","properties":{"property_id":"PF-0254","address_label":"Structure near 29.1509, -90.1790","occupancy_type":"Unclassified structure (OSM building=yes)","flood_zone_code":"Unmapped","sfha":null,"risk_level":"Unknown","recommended_action":"FEMA NFHL coverage was unavailable or undetermined for this location. No risk tier is assigned; consult official FEMA and local floodplain-management sources before making decisions.","data_source":"OpenStreetMap building footprint + FEMA National Flood Hazard Layer (zone-based classification)","confidence_note":"No FEMA NFHL flood zone polygon was found intersecting this footprint in the queried data. This reflects a known coverage gap in the digitized flood hazard layer for this location (common in leveed/industrial coastal areas), not a confirmed low-risk determination.","building_height_m":5,"osm_way_id":1273977495},"geometry":{"type":"Polygon","coordinates":[[[-90.1789387,29.1509178],[-90.1789628,29.1508509],[-90.1790536,29.1508758],[-90.1790416,29.1509093],[-90.179015,29.150902],[-90.179003,29.1509354],[-90.1789387,29.1509178]]]}},{"type":"Feature","properties":{"property_id":"PF-0255","address_label":"Structure near 29.1510, -90.1792","occupancy_type":"Unclassified structure (OSM building=yes)","flood_zone_code":"Unmapped","sfha":null,"risk_level":"Unknown","recommended_action":"FEMA NFHL coverage was unavailable or undetermined for this location. No risk tier is assigned; consult official FEMA and local floodplain-management sources before making decisions.","data_source":"OpenStreetMap building footprint + FEMA National Flood Hazard Layer (zone-based classification)","confidence_note":"No FEMA NFHL flood zone polygon was found intersecting this footprint in the queried data. This reflects a known coverage gap in the digitized flood hazard layer for this location (common in leveed/industrial coastal areas), not a confirmed low-risk determination.","building_height_m":5,"osm_way_id":1273977496},"geometry":{"type":"Polygon","coordinates":[[[-90.1790969,29.151049],[-90.1791181,29.1509791],[-90.1791377,29.1509836],[-90.1791443,29.1509617],[-90.1792585,29.1509881],[-90.1792486,29.1510205],[-90.1792744,29.1510265],[-90.1792564,29.1510858],[-90.1790969,29.151049]]]}},{"type":"Feature","properties":{"property_id":"PF-0256","address_label":"Structure near 29.1358, -90.1838","occupancy_type":"Unclassified structure (OSM building=yes)","flood_zone_code":"Unmapped","sfha":null,"risk_level":"Unknown","recommended_action":"FEMA NFHL coverage was unavailable or undetermined for this location. No risk tier is assigned; consult official FEMA and local floodplain-management sources before making decisions.","data_source":"OpenStreetMap building footprint + FEMA National Flood Hazard Layer (zone-based classification)","confidence_note":"No FEMA NFHL flood zone polygon was found intersecting this footprint in the queried data. This reflects a known coverage gap in the digitized flood hazard layer for this location (common in leveed/industrial coastal areas), not a confirmed low-risk determination.","building_height_m":5,"osm_way_id":1273977497},"geometry":{"type":"Polygon","coordinates":[[[-90.1838236,29.135839],[-90.1837369,29.1357851],[-90.1837811,29.1357308],[-90.1838708,29.1357866],[-90.1838519,29.1358099],[-90.1838716,29.1358221],[-90.1838507,29.1358477],[-90.183828,29.1358336],[-90.1838236,29.135839]]]}},{"type":"Feature","properties":{"property_id":"PF-0257","address_label":"Structure near 29.1352, -90.1846","occupancy_type":"Unclassified structure (OSM building=yes)","flood_zone_code":"Unmapped","sfha":null,"risk_level":"Unknown","recommended_action":"FEMA NFHL coverage was unavailable or undetermined for this location. No risk tier is assigned; consult official FEMA and local floodplain-management sources before making decisions.","data_source":"OpenStreetMap building footprint + FEMA National Flood Hazard Layer (zone-based classification)","confidence_note":"No FEMA NFHL flood zone polygon was found intersecting this footprint in the queried data. This reflects a known coverage gap in the digitized flood hazard layer for this location (common in leveed/industrial coastal areas), not a confirmed low-risk determination.","building_height_m":5,"osm_way_id":1273977498},"geometry":{"type":"Polygon","coordinates":[[[-90.1846458,29.1352909],[-90.1845421,29.1352437],[-90.1845606,29.1352128],[-90.1845411,29.1352039],[-90.1845728,29.1351509],[-90.184592,29.1351596],[-90.1846108,29.135128],[-90.1847147,29.1351753],[-90.1846458,29.1352909]]]}},{"type":"Feature","properties":{"property_id":"PF-0258","address_label":"Structure near 29.1348, -90.1847","occupancy_type":"Unclassified structure (OSM building=yes)","flood_zone_code":"Unmapped","sfha":null,"risk_level":"Unknown","recommended_action":"FEMA NFHL coverage was unavailable or undetermined for this location. No risk tier is assigned; consult official FEMA and local floodplain-management sources before making decisions.","data_source":"OpenStreetMap building footprint + FEMA National Flood Hazard Layer (zone-based classification)","confidence_note":"No FEMA NFHL flood zone polygon was found intersecting this footprint in the queried data. This reflects a known coverage gap in the digitized flood hazard layer for this location (common in leveed/industrial coastal areas), not a confirmed low-risk determination.","building_height_m":5,"osm_way_id":1273977499},"geometry":{"type":"Polygon","coordinates":[[[-90.1846354,29.134836],[-90.184746,29.134864],[-90.1847791,29.1347643],[-90.1846681,29.1347362],[-90.1846575,29.1347682],[-90.1846364,29.1347629],[-90.1846261,29.1347939],[-90.1846476,29.1347993],[-90.1846354,29.134836]]]}},{"type":"Feature","properties":{"property_id":"PF-0259","address_label":"Structure near 29.1330, -90.1852","occupancy_type":"Unclassified structure (OSM building=yes)","flood_zone_code":"Unmapped","sfha":null,"risk_level":"Unknown","recommended_action":"FEMA NFHL coverage was unavailable or undetermined for this location. No risk tier is assigned; consult official FEMA and local floodplain-management sources before making decisions.","data_source":"OpenStreetMap building footprint + FEMA National Flood Hazard Layer (zone-based classification)","confidence_note":"No FEMA NFHL flood zone polygon was found intersecting this footprint in the queried data. This reflects a known coverage gap in the digitized flood hazard layer for this location (common in leveed/industrial coastal areas), not a confirmed low-risk determination.","building_height_m":5,"osm_way_id":1273977500},"geometry":{"type":"Polygon","coordinates":[[[-90.1851037,29.1330109],[-90.1852295,29.1330347],[-90.1852517,29.1329449],[-90.1851259,29.1329212],[-90.1851037,29.1330109]]]}},{"type":"Feature","properties":{"property_id":"PF-0260","address_label":"Structure near 29.1320, -90.1855","occupancy_type":"Unclassified structure (OSM building=yes)","flood_zone_code":"Unmapped","sfha":null,"risk_level":"Unknown","recommended_action":"FEMA NFHL coverage was unavailable or undetermined for this location. No risk tier is assigned; consult official FEMA and local floodplain-management sources before making decisions.","data_source":"OpenStreetMap building footprint + FEMA National Flood Hazard Layer (zone-based classification)","confidence_note":"No FEMA NFHL flood zone polygon was found intersecting this footprint in the queried data. This reflects a known coverage gap in the digitized flood hazard layer for this location (common in leveed/industrial coastal areas), not a confirmed low-risk determination.","building_height_m":5,"osm_way_id":1273977501},"geometry":{"type":"Polygon","coordinates":[[[-90.1855676,29.1320745],[-90.1854683,29.1320277],[-90.1855229,29.1319393],[-90.1856222,29.1319861],[-90.1855676,29.1320745]]]}},{"type":"Feature","properties":{"property_id":"PF-0261","address_label":"Structure near 29.1316, -90.1854","occupancy_type":"Unclassified structure (OSM building=yes)","flood_zone_code":"Unmapped","sfha":null,"risk_level":"Unknown","recommended_action":"FEMA NFHL coverage was unavailable or undetermined for this location. No risk tier is assigned; consult official FEMA and local floodplain-management sources before making decisions.","data_source":"OpenStreetMap building footprint + FEMA National Flood Hazard Layer (zone-based classification)","confidence_note":"No FEMA NFHL flood zone polygon was found intersecting this footprint in the queried data. This reflects a known coverage gap in the digitized flood hazard layer for this location (common in leveed/industrial coastal areas), not a confirmed low-risk determination.","building_height_m":5,"osm_way_id":1273977502},"geometry":{"type":"Polygon","coordinates":[[[-90.185331,29.1317098],[-90.1854763,29.1317484],[-90.1855261,29.1316051],[-90.1854136,29.1315752],[-90.1853991,29.1316168],[-90.1853663,29.1316081],[-90.185331,29.1317098]]]}},{"type":"Feature","properties":{"property_id":"PF-0262","address_label":"Structure near 29.1560, -90.1796","occupancy_type":"Unclassified structure (OSM building=yes)","flood_zone_code":"Unmapped","sfha":null,"risk_level":"Unknown","recommended_action":"FEMA NFHL coverage was unavailable or undetermined for this location. No risk tier is assigned; consult official FEMA and local floodplain-management sources before making decisions.","data_source":"OpenStreetMap building footprint + FEMA National Flood Hazard Layer (zone-based classification)","confidence_note":"No FEMA NFHL flood zone polygon was found intersecting this footprint in the queried data. This reflects a known coverage gap in the digitized flood hazard layer for this location (common in leveed/industrial coastal areas), not a confirmed low-risk determination.","building_height_m":5,"osm_way_id":1273977817},"geometry":{"type":"Polygon","coordinates":[[[-90.1794343,29.1560109],[-90.1794464,29.1559002],[-90.1796217,29.1559149],[-90.1796548,29.1559177],[-90.1796426,29.1560284],[-90.1794343,29.1560109]]]}},{"type":"Feature","properties":{"property_id":"PF-0263","address_label":"Structure near 29.1558, -90.1795","occupancy_type":"Unclassified structure (OSM building=yes)","flood_zone_code":"Unmapped","sfha":null,"risk_level":"Unknown","recommended_action":"FEMA NFHL coverage was unavailable or undetermined for this location. No risk tier is assigned; consult official FEMA and local floodplain-management sources before making decisions.","data_source":"OpenStreetMap building footprint + FEMA National Flood Hazard Layer (zone-based classification)","confidence_note":"No FEMA NFHL flood zone polygon was found intersecting this footprint in the queried data. This reflects a known coverage gap in the digitized flood hazard layer for this location (common in leveed/industrial coastal areas), not a confirmed low-risk determination.","building_height_m":5,"osm_way_id":1273977818},"geometry":{"type":"Polygon","coordinates":[[[-90.1794212,29.1558937],[-90.1794408,29.1557842],[-90.1796391,29.155799],[-90.1796226,29.1559044],[-90.1794212,29.1558937]]]}},{"type":"Feature","properties":{"property_id":"PF-0264","address_label":"Structure near 29.1557, -90.1795","occupancy_type":"Unclassified structure (OSM building=yes)","flood_zone_code":"Unmapped","sfha":null,"risk_level":"Unknown","recommended_action":"FEMA NFHL coverage was unavailable or undetermined for this location. No risk tier is assigned; consult official FEMA and local floodplain-management sources before making decisions.","data_source":"OpenStreetMap building footprint + FEMA National Flood Hazard Layer (zone-based classification)","confidence_note":"No FEMA NFHL flood zone polygon was found intersecting this footprint in the queried data. This reflects a known coverage gap in the digitized flood hazard layer for this location (common in leveed/industrial coastal areas), not a confirmed low-risk determination.","building_height_m":5,"osm_way_id":1273977819},"geometry":{"type":"Polygon","coordinates":[[[-90.17942,29.1557679],[-90.1794339,29.155659],[-90.1796341,29.1556832],[-90.1796141,29.1557854],[-90.17942,29.1557679]]]}},{"type":"Feature","properties":{"property_id":"PF-0265","address_label":"Structure near 29.1534, -90.1805","occupancy_type":"Unclassified structure (OSM building=yes)","flood_zone_code":"Unmapped","sfha":null,"risk_level":"Unknown","recommended_action":"FEMA NFHL coverage was unavailable or undetermined for this location. No risk tier is assigned; consult official FEMA and local floodplain-management sources before making decisions.","data_source":"OpenStreetMap building footprint + FEMA National Flood Hazard Layer (zone-based classification)","confidence_note":"No FEMA NFHL flood zone polygon was found intersecting this footprint in the queried data. This reflects a known coverage gap in the digitized flood hazard layer for this location (common in leveed/industrial coastal areas), not a confirmed low-risk determination.","building_height_m":5,"osm_way_id":1274555025},"geometry":{"type":"Polygon","coordinates":[[[-90.1801862,29.1533755],[-90.180216,29.153274],[-90.1808388,29.1534132],[-90.1808091,29.1535147],[-90.1801862,29.1533755]]]}},{"type":"Feature","properties":{"property_id":"PF-0266","address_label":"Structure near 29.1537, -90.1801","occupancy_type":"Unclassified structure (OSM building=yes)","flood_zone_code":"Unmapped","sfha":null,"risk_level":"Unknown","recommended_action":"FEMA NFHL coverage was unavailable or undetermined for this location. No risk tier is assigned; consult official FEMA and local floodplain-management sources before making decisions.","data_source":"OpenStreetMap building footprint + FEMA National Flood Hazard Layer (zone-based classification)","confidence_note":"No FEMA NFHL flood zone polygon was found intersecting this footprint in the queried data. This reflects a known coverage gap in the digitized flood hazard layer for this location (common in leveed/industrial coastal areas), not a confirmed low-risk determination.","building_height_m":5,"osm_way_id":1274555026},"geometry":{"type":"Polygon","coordinates":[[[-90.1800977,29.1536809],[-90.1801349,29.1535597],[-90.1802298,29.1535819],[-90.180174,29.1537637],[-90.1800542,29.1537356],[-90.1800728,29.1536751],[-90.1800977,29.1536809]]]}},{"type":"Feature","properties":{"property_id":"PF-0267","address_label":"Structure near 29.1538, -90.1810","occupancy_type":"Unclassified structure (OSM building=yes)","flood_zone_code":"Unmapped","sfha":null,"risk_level":"Unknown","recommended_action":"FEMA NFHL coverage was unavailable or undetermined for this location. No risk tier is assigned; consult official FEMA and local floodplain-management sources before making decisions.","data_source":"OpenStreetMap building footprint + FEMA National Flood Hazard Layer (zone-based classification)","confidence_note":"No FEMA NFHL flood zone polygon was found intersecting this footprint in the queried data. This reflects a known coverage gap in the digitized flood hazard layer for this location (common in leveed/industrial coastal areas), not a confirmed low-risk determination.","building_height_m":5,"osm_way_id":1274555027},"geometry":{"type":"Polygon","coordinates":[[[-90.1809422,29.1539056],[-90.1810405,29.1539268],[-90.1810837,29.1537735],[-90.1809853,29.1537524],[-90.1809422,29.1539056]]]}},{"type":"Feature","properties":{"property_id":"PF-0268","address_label":"Structure near 29.1539, -90.1812","occupancy_type":"Unclassified structure (OSM building=yes)","flood_zone_code":"Unmapped","sfha":null,"risk_level":"Unknown","recommended_action":"FEMA NFHL coverage was unavailable or undetermined for this location. No risk tier is assigned; consult official FEMA and local floodplain-management sources before making decisions.","data_source":"OpenStreetMap building footprint + FEMA National Flood Hazard Layer (zone-based classification)","confidence_note":"No FEMA NFHL flood zone polygon was found intersecting this footprint in the queried data. This reflects a known coverage gap in the digitized flood hazard layer for this location (common in leveed/industrial coastal areas), not a confirmed low-risk determination.","building_height_m":5,"osm_way_id":1274555028},"geometry":{"type":"Polygon","coordinates":[[[-90.1811495,29.1539877],[-90.1812023,29.153805],[-90.1813073,29.1538281],[-90.1812545,29.1540109],[-90.1811495,29.1539877]]]}},{"type":"Feature","properties":{"property_id":"PF-0269","address_label":"Structure near 29.1539, -90.1814","occupancy_type":"Unclassified structure (OSM building=yes)","flood_zone_code":"Unmapped","sfha":null,"risk_level":"Unknown","recommended_action":"FEMA NFHL coverage was unavailable or undetermined for this location. No risk tier is assigned; consult official FEMA and local floodplain-management sources before making decisions.","data_source":"OpenStreetMap building footprint + FEMA National Flood Hazard Layer (zone-based classification)","confidence_note":"No FEMA NFHL flood zone polygon was found intersecting this footprint in the queried data. This reflects a known coverage gap in the digitized flood hazard layer for this location (common in leveed/industrial coastal areas), not a confirmed low-risk determination.","building_height_m":5,"osm_way_id":1274555029},"geometry":{"type":"Polygon","coordinates":[[[-90.1813173,29.1539963],[-90.1814163,29.1540313],[-90.1814856,29.1538817],[-90.1813866,29.1538467],[-90.1813173,29.1539963]]]}},{"type":"Feature","properties":{"property_id":"PF-0270","address_label":"Structure near 29.1154, -90.2025","occupancy_type":"Unclassified structure (OSM building=yes)","flood_zone_code":"Unmapped","sfha":null,"risk_level":"Unknown","recommended_action":"FEMA NFHL coverage was unavailable or undetermined for this location. No risk tier is assigned; consult official FEMA and local floodplain-management sources before making decisions.","data_source":"OpenStreetMap building footprint + FEMA National Flood Hazard Layer (zone-based classification)","confidence_note":"No FEMA NFHL flood zone polygon was found intersecting this footprint in the queried data. This reflects a known coverage gap in the digitized flood hazard layer for this location (common in leveed/industrial coastal areas), not a confirmed low-risk determination.","building_height_m":5,"osm_way_id":1300297520},"geometry":{"type":"Polygon","coordinates":[[[-90.2025345,29.1154163],[-90.2025527,29.1153995],[-90.2025641,29.1153787],[-90.2025675,29.1153558],[-90.2025626,29.1153331],[-90.20255,29.1153129],[-90.2025307,29.1152971],[-90.2025069,29.1152872],[-90.2024781,29.1152844],[-90.20245,29.1152903],[-90.2024258,29.1153041],[-90.2024084,29.1153242],[-90.2023998,29.1153483],[-90.202401,29.1153736],[-90.2024119,29.115397],[-90.2024313,29.1154157],[-90.2024567,29.1154277],[-90.2024853,29.1154314],[-90.2025113,29.1154272],[-90.2025345,29.1154163]]]}},{"type":"Feature","properties":{"property_id":"PF-0271","address_label":"Structure near 29.1152, -90.2025","occupancy_type":"Unclassified structure (OSM building=yes)","flood_zone_code":"Unmapped","sfha":null,"risk_level":"Unknown","recommended_action":"FEMA NFHL coverage was unavailable or undetermined for this location. No risk tier is assigned; consult official FEMA and local floodplain-management sources before making decisions.","data_source":"OpenStreetMap building footprint + FEMA National Flood Hazard Layer (zone-based classification)","confidence_note":"No FEMA NFHL flood zone polygon was found intersecting this footprint in the queried data. This reflects a known coverage gap in the digitized flood hazard layer for this location (common in leveed/industrial coastal areas), not a confirmed low-risk determination.","building_height_m":5,"osm_way_id":1300297521},"geometry":{"type":"Polygon","coordinates":[[[-90.2025338,29.1151967],[-90.2025416,29.115189],[-90.2025461,29.1151796],[-90.2025467,29.1151693],[-90.2025434,29.1151595],[-90.2025364,29.1151512],[-90.2025267,29.1151455],[-90.2025154,29.1151429],[-90.2025044,29.1151436],[-90.2024942,29.1151473],[-90.2024859,29.1151537],[-90.2024803,29.115162],[-90.202478,29.1151714],[-90.2024792,29.115181],[-90.2024838,29.1151897],[-90.2024913,29.1151968],[-90.202501,29.1152014],[-90.2025119,29.1152031],[-90.2025235,29.1152015],[-90.2025338,29.1151967]]]}},{"type":"Feature","properties":{"property_id":"PF-0272","address_label":"Structure near 29.1152, -90.2024","occupancy_type":"Unclassified structure (OSM building=yes)","flood_zone_code":"Unmapped","sfha":null,"risk_level":"Unknown","recommended_action":"FEMA NFHL coverage was unavailable or undetermined for this location. No risk tier is assigned; consult official FEMA and local floodplain-management sources before making decisions.","data_source":"OpenStreetMap building footprint + FEMA National Flood Hazard Layer (zone-based classification)","confidence_note":"No FEMA NFHL flood zone polygon was found intersecting this footprint in the queried data. This reflects a known coverage gap in the digitized flood hazard layer for this location (common in leveed/industrial coastal areas), not a confirmed low-risk determination.","building_height_m":5,"osm_way_id":1300297522},"geometry":{"type":"Polygon","coordinates":[[[-90.2024377,29.1151959],[-90.2024456,29.1151883],[-90.2024501,29.1151788],[-90.2024507,29.1151686],[-90.2024473,29.1151588],[-90.2024404,29.1151505],[-90.2024307,29.1151447],[-90.2024193,29.1151421],[-90.2024083,29.1151428],[-90.2023982,29.1151466],[-90.2023898,29.1151529],[-90.2023842,29.1151612],[-90.2023819,29.1151706],[-90.2023831,29.1151802],[-90.2023877,29.115189],[-90.2023953,29.115196],[-90.2024049,29.1152006],[-90.2024158,29.1152023],[-90.2024274,29.1152008],[-90.2024377,29.1151959]]]}},{"type":"Feature","properties":{"property_id":"PF-0273","address_label":"Structure near 29.1151, -90.2024","occupancy_type":"Unclassified structure (OSM building=yes)","flood_zone_code":"Unmapped","sfha":null,"risk_level":"Unknown","recommended_action":"FEMA NFHL coverage was unavailable or undetermined for this location. No risk tier is assigned; consult official FEMA and local floodplain-management sources before making decisions.","data_source":"OpenStreetMap building footprint + FEMA National Flood Hazard Layer (zone-based classification)","confidence_note":"No FEMA NFHL flood zone polygon was found intersecting this footprint in the queried data. This reflects a known coverage gap in the digitized flood hazard layer for this location (common in leveed/industrial coastal areas), not a confirmed low-risk determination.","building_height_m":5,"osm_way_id":1300297523},"geometry":{"type":"Polygon","coordinates":[[[-90.2024377,29.1151155],[-90.2024456,29.1151079],[-90.2024501,29.1150984],[-90.2024507,29.1150882],[-90.2024473,29.1150784],[-90.2024404,29.1150701],[-90.2024307,29.1150643],[-90.2024193,29.1150617],[-90.2024083,29.1150625],[-90.2023982,29.1150662],[-90.2023898,29.1150725],[-90.2023842,29.1150808],[-90.2023819,29.1150902],[-90.2023831,29.1150998],[-90.2023877,29.1151086],[-90.2023953,29.1151156],[-90.2024049,29.1151202],[-90.2024158,29.1151219],[-90.2024274,29.1151204],[-90.2024377,29.1151155]]]}},{"type":"Feature","properties":{"property_id":"PF-0274","address_label":"Structure near 29.1151, -90.2025","occupancy_type":"Unclassified structure (OSM building=yes)","flood_zone_code":"Unmapped","sfha":null,"risk_level":"Unknown","recommended_action":"FEMA NFHL coverage was unavailable or undetermined for this location. No risk tier is assigned; consult official FEMA and local floodplain-management sources before making decisions.","data_source":"OpenStreetMap building footprint + FEMA National Flood Hazard Layer (zone-based classification)","confidence_note":"No FEMA NFHL flood zone polygon was found intersecting this footprint in the queried data. This reflects a known coverage gap in the digitized flood hazard layer for this location (common in leveed/industrial coastal areas), not a confirmed low-risk determination.","building_height_m":5,"osm_way_id":1300297524},"geometry":{"type":"Polygon","coordinates":[[[-90.2025315,29.1151109],[-90.2025394,29.1151033],[-90.2025439,29.1150938],[-90.2025445,29.1150835],[-90.2025411,29.1150737],[-90.2025342,29.1150655],[-90.2025245,29.1150597],[-90.2025131,29.1150571],[-90.2025021,29.1150578],[-90.2024919,29.1150615],[-90.2024836,29.1150679],[-90.202478,29.1150762],[-90.2024757,29.1150856],[-90.2024769,29.1150952],[-90.2024815,29.1151039],[-90.202489,29.115111],[-90.2024987,29.1151156],[-90.2025096,29.1151173],[-90.2025212,29.1151157],[-90.2025315,29.1151109]]]}},{"type":"Feature","properties":{"property_id":"PF-0275","address_label":"Structure near 29.1150, -90.2024","occupancy_type":"Unclassified structure (OSM building=yes)","flood_zone_code":"Unmapped","sfha":null,"risk_level":"Unknown","recommended_action":"FEMA NFHL coverage was unavailable or undetermined for this location. No risk tier is assigned; consult official FEMA and local floodplain-management sources before making decisions.","data_source":"OpenStreetMap building footprint + FEMA National Flood Hazard Layer (zone-based classification)","confidence_note":"No FEMA NFHL flood zone polygon was found intersecting this footprint in the queried data. This reflects a known coverage gap in the digitized flood hazard layer for this location (common in leveed/industrial coastal areas), not a confirmed low-risk determination.","building_height_m":5,"osm_way_id":1300297525},"geometry":{"type":"Polygon","coordinates":[[[-90.2024342,29.1150258],[-90.202442,29.1150182],[-90.2024465,29.1150088],[-90.2024471,29.1149985],[-90.2024438,29.1149887],[-90.2024369,29.1149804],[-90.2024272,29.1149747],[-90.2024158,29.1149721],[-90.2024048,29.1149728],[-90.2023946,29.1149765],[-90.2023863,29.1149828],[-90.2023807,29.1149911],[-90.2023784,29.1150006],[-90.2023796,29.1150102],[-90.2023842,29.1150189],[-90.2023917,29.115026],[-90.2024014,29.1150306],[-90.2024123,29.1150323],[-90.2024239,29.1150307],[-90.2024342,29.1150258]]]}},{"type":"Feature","properties":{"property_id":"PF-0276","address_label":"Structure near 29.1150, -90.2025","occupancy_type":"Unclassified structure (OSM building=yes)","flood_zone_code":"Unmapped","sfha":null,"risk_level":"Unknown","recommended_action":"FEMA NFHL coverage was unavailable or undetermined for this location. No risk tier is assigned; consult official FEMA and local floodplain-management sources before making decisions.","data_source":"OpenStreetMap building footprint + FEMA National Flood Hazard Layer (zone-based classification)","confidence_note":"No FEMA NFHL flood zone polygon was found intersecting this footprint in the queried data. This reflects a known coverage gap in the digitized flood hazard layer for this location (common in leveed/industrial coastal areas), not a confirmed low-risk determination.","building_height_m":5,"osm_way_id":1300297526},"geometry":{"type":"Polygon","coordinates":[[[-90.2025538,29.1150376],[-90.2025579,29.1150333],[-90.2025602,29.1150281],[-90.2025603,29.1150225],[-90.2025583,29.1150172],[-90.2025544,29.1150128],[-90.202549,29.1150097],[-90.2025428,29.1150084],[-90.2025367,29.1150089],[-90.202531,29.1150111],[-90.2025265,29.1150147],[-90.2025236,29.1150194],[-90.2025225,29.1150247],[-90.2025233,29.11503],[-90.2025261,29.1150348],[-90.2025304,29.1150385],[-90.2025359,29.1150409],[-90.202542,29.1150416],[-90.2025483,29.1150405],[-90.2025538,29.1150376]]]}},{"type":"Feature","properties":{"property_id":"PF-0277","address_label":"Structure near 29.1150, -90.2025","occupancy_type":"Unclassified structure (OSM building=yes)","flood_zone_code":"Unmapped","sfha":null,"risk_level":"Unknown","recommended_action":"FEMA NFHL coverage was unavailable or undetermined for this location. No risk tier is assigned; consult official FEMA and local floodplain-management sources before making decisions.","data_source":"OpenStreetMap building footprint + FEMA National Flood Hazard Layer (zone-based classification)","confidence_note":"No FEMA NFHL flood zone polygon was found intersecting this footprint in the queried data. This reflects a known coverage gap in the digitized flood hazard layer for this location (common in leveed/industrial coastal areas), not a confirmed low-risk determination.","building_height_m":5,"osm_way_id":1300297527},"geometry":{"type":"Polygon","coordinates":[[[-90.2025156,29.1150393],[-90.2025197,29.115035],[-90.2025219,29.1150298],[-90.2025221,29.1150242],[-90.20252,29.1150188],[-90.2025161,29.1150144],[-90.2025108,29.1150114],[-90.2025045,29.1150101],[-90.2024984,29.1150106],[-90.2024928,29.1150127],[-90.2024883,29.1150164],[-90.2024853,29.115021],[-90.2024842,29.1150263],[-90.2024851,29.1150316],[-90.2024879,29.1150364],[-90.2024922,29.1150402],[-90.2024977,29.1150425],[-90.2025038,29.1150432],[-90.2025101,29.1150421],[-90.2025156,29.1150393]]]}},{"type":"Feature","properties":{"property_id":"PF-0278","address_label":"Structure near 29.1150, -90.2026","occupancy_type":"Unclassified structure (OSM building=yes)","flood_zone_code":"Unmapped","sfha":null,"risk_level":"Unknown","recommended_action":"FEMA NFHL coverage was unavailable or undetermined for this location. No risk tier is assigned; consult official FEMA and local floodplain-management sources before making decisions.","data_source":"OpenStreetMap building footprint + FEMA National Flood Hazard Layer (zone-based classification)","confidence_note":"No FEMA NFHL flood zone polygon was found intersecting this footprint in the queried data. This reflects a known coverage gap in the digitized flood hazard layer for this location (common in leveed/industrial coastal areas), not a confirmed low-risk determination.","building_height_m":5,"osm_way_id":1300297528},"geometry":{"type":"Polygon","coordinates":[[[-90.2026281,29.1149571],[-90.2026288,29.1149884],[-90.2025033,29.1149905],[-90.2025026,29.1149592],[-90.2026281,29.1149571]]]}},{"type":"Feature","properties":{"property_id":"PF-0279","address_label":"Structure near 29.1153, -90.2017","occupancy_type":"Unclassified structure (OSM building=yes)","flood_zone_code":"Unmapped","sfha":null,"risk_level":"Unknown","recommended_action":"FEMA NFHL coverage was unavailable or undetermined for this location. No risk tier is assigned; consult official FEMA and local floodplain-management sources before making decisions.","data_source":"OpenStreetMap building footprint + FEMA National Flood Hazard Layer (zone-based classification)","confidence_note":"No FEMA NFHL flood zone polygon was found intersecting this footprint in the queried data. This reflects a known coverage gap in the digitized flood hazard layer for this location (common in leveed/industrial coastal areas), not a confirmed low-risk determination.","building_height_m":5,"osm_way_id":1300297529},"geometry":{"type":"Polygon","coordinates":[[[-90.2017793,29.1153194],[-90.2017714,29.1152208],[-90.2016427,29.1152286],[-90.2016506,29.1153272],[-90.2017793,29.1153194]]]}},{"type":"Feature","properties":{"property_id":"PF-0280","address_label":"Structure near 29.1537, -90.1829","occupancy_type":"Unclassified structure (OSM building=yes)","flood_zone_code":"Unmapped","sfha":null,"risk_level":"Unknown","recommended_action":"FEMA NFHL coverage was unavailable or undetermined for this location. No risk tier is assigned; consult official FEMA and local floodplain-management sources before making decisions.","data_source":"OpenStreetMap building footprint + FEMA National Flood Hazard Layer (zone-based classification)","confidence_note":"No FEMA NFHL flood zone polygon was found intersecting this footprint in the queried data. This reflects a known coverage gap in the digitized flood hazard layer for this location (common in leveed/industrial coastal areas), not a confirmed low-risk determination.","building_height_m":5,"osm_way_id":1424862169},"geometry":{"type":"Polygon","coordinates":[[[-90.1829102,29.1538053],[-90.1828131,29.1537826],[-90.182858,29.1536358],[-90.1829551,29.1536585],[-90.1829102,29.1538053]]]}},{"type":"Feature","properties":{"property_id":"PF-0281","address_label":"Structure near 29.1535, -90.1820","occupancy_type":"Unclassified structure (OSM building=yes)","flood_zone_code":"Unmapped","sfha":null,"risk_level":"Unknown","recommended_action":"FEMA NFHL coverage was unavailable or undetermined for this location. No risk tier is assigned; consult official FEMA and local floodplain-management sources before making decisions.","data_source":"OpenStreetMap building footprint + FEMA National Flood Hazard Layer (zone-based classification)","confidence_note":"No FEMA NFHL flood zone polygon was found intersecting this footprint in the queried data. This reflects a known coverage gap in the digitized flood hazard layer for this location (common in leveed/industrial coastal areas), not a confirmed low-risk determination.","building_height_m":5,"osm_way_id":1424862170},"geometry":{"type":"Polygon","coordinates":[[[-90.1820303,29.15359],[-90.181937,29.1535692],[-90.1819805,29.1534203],[-90.1820738,29.1534411],[-90.1820303,29.15359]]]}},{"type":"Feature","properties":{"property_id":"PF-0282","address_label":"Structure near 29.1525, -90.1820","occupancy_type":"Unclassified structure (OSM building=yes)","flood_zone_code":"Unmapped","sfha":null,"risk_level":"Unknown","recommended_action":"FEMA NFHL coverage was unavailable or undetermined for this location. No risk tier is assigned; consult official FEMA and local floodplain-management sources before making decisions.","data_source":"OpenStreetMap building footprint + FEMA National Flood Hazard Layer (zone-based classification)","confidence_note":"No FEMA NFHL flood zone polygon was found intersecting this footprint in the queried data. This reflects a known coverage gap in the digitized flood hazard layer for this location (common in leveed/industrial coastal areas), not a confirmed low-risk determination.","building_height_m":5,"osm_way_id":1424862171},"geometry":{"type":"Polygon","coordinates":[[[-90.1819693,29.1525453],[-90.1820628,29.1525643],[-90.1821078,29.1523955],[-90.1818986,29.152353],[-90.1818705,29.1524585],[-90.1819862,29.152482],[-90.1819693,29.1525453]]]}},{"type":"Feature","properties":{"property_id":"PF-0283","address_label":"Structure near 29.1524, -90.1818","occupancy_type":"Unclassified structure (OSM building=yes)","flood_zone_code":"Unmapped","sfha":null,"risk_level":"Unknown","recommended_action":"FEMA NFHL coverage was unavailable or undetermined for this location. No risk tier is assigned; consult official FEMA and local floodplain-management sources before making decisions.","data_source":"OpenStreetMap building footprint + FEMA National Flood Hazard Layer (zone-based classification)","confidence_note":"No FEMA NFHL flood zone polygon was found intersecting this footprint in the queried data. This reflects a known coverage gap in the digitized flood hazard layer for this location (common in leveed/industrial coastal areas), not a confirmed low-risk determination.","building_height_m":5,"osm_way_id":1424862172},"geometry":{"type":"Polygon","coordinates":[[[-90.181855,29.1524793],[-90.1818904,29.1523532],[-90.1818223,29.1523386],[-90.181787,29.1524647],[-90.181855,29.1524793]]]}},{"type":"Feature","properties":{"property_id":"PF-0284","address_label":"Structure near 29.1546, -90.1813","occupancy_type":"Unclassified structure (OSM building=yes)","flood_zone_code":"Unmapped","sfha":null,"risk_level":"Unknown","recommended_action":"FEMA NFHL coverage was unavailable or undetermined for this location. No risk tier is assigned; consult official FEMA and local floodplain-management sources before making decisions.","data_source":"OpenStreetMap building footprint + FEMA National Flood Hazard Layer (zone-based classification)","confidence_note":"No FEMA NFHL flood zone polygon was found intersecting this footprint in the queried data. This reflects a known coverage gap in the digitized flood hazard layer for this location (common in leveed/industrial coastal areas), not a confirmed low-risk determination.","building_height_m":5,"osm_way_id":1424862173},"geometry":{"type":"Polygon","coordinates":[[[-90.1811914,29.1546743],[-90.1811564,29.1545192],[-90.1813297,29.1544894],[-90.1813647,29.1546445],[-90.1811914,29.1546743]]]}},{"type":"Feature","properties":{"property_id":"PF-0285","address_label":"Structure near 29.1543, -90.1810","occupancy_type":"Unclassified structure (OSM building=yes)","flood_zone_code":"Unmapped","sfha":null,"risk_level":"Unknown","recommended_action":"FEMA NFHL coverage was unavailable or undetermined for this location. No risk tier is assigned; consult official FEMA and local floodplain-management sources before making decisions.","data_source":"OpenStreetMap building footprint + FEMA National Flood Hazard Layer (zone-based classification)","confidence_note":"No FEMA NFHL flood zone polygon was found intersecting this footprint in the queried data. This reflects a known coverage gap in the digitized flood hazard layer for this location (common in leveed/industrial coastal areas), not a confirmed low-risk determination.","building_height_m":5,"osm_way_id":1424862174},"geometry":{"type":"Polygon","coordinates":[[[-90.1810391,29.1544391],[-90.1809402,29.1544176],[-90.1809899,29.1542435],[-90.1811413,29.1542765],[-90.1811202,29.1543502],[-90.1810677,29.1543388],[-90.1810391,29.1544391]]]}},{"type":"Feature","properties":{"property_id":"PF-0286","address_label":"Structure near 29.1543, -90.1809","occupancy_type":"Unclassified structure (OSM building=yes)","flood_zone_code":"Unmapped","sfha":null,"risk_level":"Unknown","recommended_action":"FEMA NFHL coverage was unavailable or undetermined for this location. No risk tier is assigned; consult official FEMA and local floodplain-management sources before making decisions.","data_source":"OpenStreetMap building footprint + FEMA National Flood Hazard Layer (zone-based classification)","confidence_note":"No FEMA NFHL flood zone polygon was found intersecting this footprint in the queried data. This reflects a known coverage gap in the digitized flood hazard layer for this location (common in leveed/industrial coastal areas), not a confirmed low-risk determination.","building_height_m":5,"osm_way_id":1424862175},"geometry":{"type":"Polygon","coordinates":[[[-90.1809016,29.1543749],[-90.1809287,29.1542763],[-90.1808281,29.1542552],[-90.180801,29.1543538],[-90.1809016,29.1543749]]]}},{"type":"Feature","properties":{"property_id":"PF-0287","address_label":"Structure near 29.1543, -90.1808","occupancy_type":"Unclassified structure (OSM building=yes)","flood_zone_code":"Unmapped","sfha":null,"risk_level":"Unknown","recommended_action":"FEMA NFHL coverage was unavailable or undetermined for this location. No risk tier is assigned; consult official FEMA and local floodplain-management sources before making decisions.","data_source":"OpenStreetMap building footprint + FEMA National Flood Hazard Layer (zone-based classification)","confidence_note":"No FEMA NFHL flood zone polygon was found intersecting this footprint in the queried data. This reflects a known coverage gap in the digitized flood hazard layer for this location (common in leveed/industrial coastal areas), not a confirmed low-risk determination.","building_height_m":5,"osm_way_id":1424862176},"geometry":{"type":"Polygon","coordinates":[[[-90.1807819,29.1543712],[-90.1808235,29.1542185],[-90.1807286,29.1541988],[-90.180687,29.1543515],[-90.1807819,29.1543712]]]}},{"type":"Feature","properties":{"property_id":"PF-0288","address_label":"Structure near 29.1543, -90.1806","occupancy_type":"Unclassified structure (OSM building=yes)","flood_zone_code":"Unmapped","sfha":null,"risk_level":"Unknown","recommended_action":"FEMA NFHL coverage was unavailable or undetermined for this location. No risk tier is assigned; consult official FEMA and local floodplain-management sources before making decisions.","data_source":"OpenStreetMap building footprint + FEMA National Flood Hazard Layer (zone-based classification)","confidence_note":"No FEMA NFHL flood zone polygon was found intersecting this footprint in the queried data. This reflects a known coverage gap in the digitized flood hazard layer for this location (common in leveed/industrial coastal areas), not a confirmed low-risk determination.","building_height_m":5,"osm_way_id":1424862177},"geometry":{"type":"Polygon","coordinates":[[[-90.1806618,29.1543489],[-90.1807058,29.1541899],[-90.1806079,29.1541693],[-90.180564,29.1543283],[-90.1806618,29.1543489]]]}},{"type":"Feature","properties":{"property_id":"PF-0289","address_label":"Structure near 29.1542, -90.1805","occupancy_type":"Unclassified structure (OSM building=yes)","flood_zone_code":"Unmapped","sfha":null,"risk_level":"Unknown","recommended_action":"FEMA NFHL coverage was unavailable or undetermined for this location. No risk tier is assigned; consult official FEMA and local floodplain-management sources before making decisions.","data_source":"OpenStreetMap building footprint + FEMA National Flood Hazard Layer (zone-based classification)","confidence_note":"No FEMA NFHL flood zone polygon was found intersecting this footprint in the queried data. This reflects a known coverage gap in the digitized flood hazard layer for this location (common in leveed/industrial coastal areas), not a confirmed low-risk determination.","building_height_m":5,"osm_way_id":1424862178},"geometry":{"type":"Polygon","coordinates":[[[-90.180534,29.1543242],[-90.180441,29.1543037],[-90.1804862,29.1541475],[-90.1805792,29.154168],[-90.180534,29.1543242]]]}},{"type":"Feature","properties":{"property_id":"PF-0290","address_label":"Structure near 29.1542, -90.1804","occupancy_type":"Unclassified structure (OSM building=yes)","flood_zone_code":"Unmapped","sfha":null,"risk_level":"Unknown","recommended_action":"FEMA NFHL coverage was unavailable or undetermined for this location. No risk tier is assigned; consult official FEMA and local floodplain-management sources before making decisions.","data_source":"OpenStreetMap building footprint + FEMA National Flood Hazard Layer (zone-based classification)","confidence_note":"No FEMA NFHL flood zone polygon was found intersecting this footprint in the queried data. This reflects a known coverage gap in the digitized flood hazard layer for this location (common in leveed/industrial coastal areas), not a confirmed low-risk determination.","building_height_m":5,"osm_way_id":1424862179},"geometry":{"type":"Polygon","coordinates":[[[-90.1804104,29.1543015],[-90.1804562,29.1541449],[-90.1803642,29.1541244],[-90.1803185,29.154281],[-90.1804104,29.1543015]]]}},{"type":"Feature","properties":{"property_id":"PF-0291","address_label":"Structure near 29.1542, -90.1803","occupancy_type":"Unclassified structure (OSM building=yes)","flood_zone_code":"Unmapped","sfha":null,"risk_level":"Unknown","recommended_action":"FEMA NFHL coverage was unavailable or undetermined for this location. No risk tier is assigned; consult official FEMA and local floodplain-management sources before making decisions.","data_source":"OpenStreetMap building footprint + FEMA National Flood Hazard Layer (zone-based classification)","confidence_note":"No FEMA NFHL flood zone polygon was found intersecting this footprint in the queried data. This reflects a known coverage gap in the digitized flood hazard layer for this location (common in leveed/industrial coastal areas), not a confirmed low-risk determination.","building_height_m":5,"osm_way_id":1424862180},"geometry":{"type":"Polygon","coordinates":[[[-90.1802894,29.1542715],[-90.1801931,29.15425],[-90.1802382,29.1540956],[-90.1803345,29.1541171],[-90.1802894,29.1542715]]]}},{"type":"Feature","properties":{"property_id":"PF-0292","address_label":"Structure near 29.1541, -90.1801","occupancy_type":"Unclassified structure (OSM building=yes)","flood_zone_code":"Unmapped","sfha":null,"risk_level":"Unknown","recommended_action":"FEMA NFHL coverage was unavailable or undetermined for this location. No risk tier is assigned; consult official FEMA and local floodplain-management sources before making decisions.","data_source":"OpenStreetMap building footprint + FEMA National Flood Hazard Layer (zone-based classification)","confidence_note":"No FEMA NFHL flood zone polygon was found intersecting this footprint in the queried data. This reflects a known coverage gap in the digitized flood hazard layer for this location (common in leveed/industrial coastal areas), not a confirmed low-risk determination.","building_height_m":5,"osm_way_id":1424862181},"geometry":{"type":"Polygon","coordinates":[[[-90.180171,29.1542348],[-90.1802227,29.1540605],[-90.1800579,29.1540233],[-90.1800063,29.1541976],[-90.180171,29.1542348]]]}},{"type":"Feature","properties":{"property_id":"PF-0293","address_label":"Structure near 29.1543, -90.1800","occupancy_type":"Unclassified structure (OSM building=yes)","flood_zone_code":"Unmapped","sfha":null,"risk_level":"Unknown","recommended_action":"FEMA NFHL coverage was unavailable or undetermined for this location. No risk tier is assigned; consult official FEMA and local floodplain-management sources before making decisions.","data_source":"OpenStreetMap building footprint + FEMA National Flood Hazard Layer (zone-based classification)","confidence_note":"No FEMA NFHL flood zone polygon was found intersecting this footprint in the queried data. This reflects a known coverage gap in the digitized flood hazard layer for this location (common in leveed/industrial coastal areas), not a confirmed low-risk determination.","building_height_m":5,"osm_way_id":1424862182},"geometry":{"type":"Polygon","coordinates":[[[-90.1800376,29.154368],[-90.1799504,29.1543505],[-90.1799758,29.154254],[-90.180063,29.1542716],[-90.1800376,29.154368]]]}},{"type":"Feature","properties":{"property_id":"PF-0294","address_label":"Structure near 29.1544, -90.1802","occupancy_type":"Unclassified structure (OSM building=yes)","flood_zone_code":"Unmapped","sfha":null,"risk_level":"Unknown","recommended_action":"FEMA NFHL coverage was unavailable or undetermined for this location. No risk tier is assigned; consult official FEMA and local floodplain-management sources before making decisions.","data_source":"OpenStreetMap building footprint + FEMA National Flood Hazard Layer (zone-based classification)","confidence_note":"No FEMA NFHL flood zone polygon was found intersecting this footprint in the queried data. This reflects a known coverage gap in the digitized flood hazard layer for this location (common in leveed/industrial coastal areas), not a confirmed low-risk determination.","building_height_m":5,"osm_way_id":1424862183},"geometry":{"type":"Polygon","coordinates":[[[-90.1802157,29.1544122],[-90.1801572,29.154399],[-90.1801872,29.1542978],[-90.1802754,29.1543178],[-90.1802496,29.1544045],[-90.18022,29.1543977],[-90.1802157,29.1544122]]]}},{"type":"Feature","properties":{"property_id":"PF-0295","address_label":"Structure near 29.1544, -90.1803","occupancy_type":"Unclassified structure (OSM building=yes)","flood_zone_code":"Unmapped","sfha":null,"risk_level":"Unknown","recommended_action":"FEMA NFHL coverage was unavailable or undetermined for this location. No risk tier is assigned; consult official FEMA and local floodplain-management sources before making decisions.","data_source":"OpenStreetMap building footprint + FEMA National Flood Hazard Layer (zone-based classification)","confidence_note":"No FEMA NFHL flood zone polygon was found intersecting this footprint in the queried data. This reflects a known coverage gap in the digitized flood hazard layer for this location (common in leveed/industrial coastal areas), not a confirmed low-risk determination.","building_height_m":5,"osm_way_id":1424862184},"geometry":{"type":"Polygon","coordinates":[[[-90.180376,29.1544361],[-90.1802898,29.1544187],[-90.1803134,29.15433],[-90.1803995,29.1543475],[-90.180376,29.1544361]]]}},{"type":"Feature","properties":{"property_id":"PF-0296","address_label":"Structure near 29.1544, -90.1805","occupancy_type":"Unclassified structure (OSM building=yes)","flood_zone_code":"Unmapped","sfha":null,"risk_level":"Unknown","recommended_action":"FEMA NFHL coverage was unavailable or undetermined for this location. No risk tier is assigned; consult official FEMA and local floodplain-management sources before making decisions.","data_source":"OpenStreetMap building footprint + FEMA National Flood Hazard Layer (zone-based classification)","confidence_note":"No FEMA NFHL flood zone polygon was found intersecting this footprint in the queried data. This reflects a known coverage gap in the digitized flood hazard layer for this location (common in leveed/industrial coastal areas), not a confirmed low-risk determination.","building_height_m":5,"osm_way_id":1424862185},"geometry":{"type":"Polygon","coordinates":[[[-90.1805129,29.1544677],[-90.1804092,29.1544442],[-90.1804359,29.1543543],[-90.1805397,29.1543778],[-90.1805129,29.1544677]]]}},{"type":"Feature","properties":{"property_id":"PF-0297","address_label":"Structure near 29.1544, -90.1806","occupancy_type":"Unclassified structure (OSM building=yes)","flood_zone_code":"Unmapped","sfha":null,"risk_level":"Unknown","recommended_action":"FEMA NFHL coverage was unavailable or undetermined for this location. No risk tier is assigned; consult official FEMA and local floodplain-management sources before making decisions.","data_source":"OpenStreetMap building footprint + FEMA National Flood Hazard Layer (zone-based classification)","confidence_note":"No FEMA NFHL flood zone polygon was found intersecting this footprint in the queried data. This reflects a known coverage gap in the digitized flood hazard layer for this location (common in leveed/industrial coastal areas), not a confirmed low-risk determination.","building_height_m":5,"osm_way_id":1424862186},"geometry":{"type":"Polygon","coordinates":[[[-90.180574,29.1544823],[-90.1805164,29.1544697],[-90.1805426,29.1543784],[-90.1806002,29.154391],[-90.180574,29.1544823]]]}},{"type":"Feature","properties":{"property_id":"PF-0298","address_label":"Structure near 29.1545, -90.1807","occupancy_type":"Unclassified structure (OSM building=yes)","flood_zone_code":"Unmapped","sfha":null,"risk_level":"Unknown","recommended_action":"FEMA NFHL coverage was unavailable or undetermined for this location. No risk tier is assigned; consult official FEMA and local floodplain-management sources before making decisions.","data_source":"OpenStreetMap building footprint + FEMA National Flood Hazard Layer (zone-based classification)","confidence_note":"No FEMA NFHL flood zone polygon was found intersecting this footprint in the queried data. This reflects a known coverage gap in the digitized flood hazard layer for this location (common in leveed/industrial coastal areas), not a confirmed low-risk determination.","building_height_m":5,"osm_way_id":1424862187},"geometry":{"type":"Polygon","coordinates":[[[-90.1806972,29.1545091],[-90.1806055,29.15449],[-90.1806297,29.1544009],[-90.1807215,29.15442],[-90.1806972,29.1545091]]]}},{"type":"Feature","properties":{"property_id":"PF-0299","address_label":"Structure near 29.1545, -90.1808","occupancy_type":"Unclassified structure (OSM building=yes)","flood_zone_code":"Unmapped","sfha":null,"risk_level":"Unknown","recommended_action":"FEMA NFHL coverage was unavailable or undetermined for this location. No risk tier is assigned; consult official FEMA and local floodplain-management sources before making decisions.","data_source":"OpenStreetMap building footprint + FEMA National Flood Hazard Layer (zone-based classification)","confidence_note":"No FEMA NFHL flood zone polygon was found intersecting this footprint in the queried data. This reflects a known coverage gap in the digitized flood hazard layer for this location (common in leveed/industrial coastal areas), not a confirmed low-risk determination.","building_height_m":5,"osm_way_id":1424862188},"geometry":{"type":"Polygon","coordinates":[[[-90.1808758,29.1545474],[-90.1807643,29.1545217],[-90.1807913,29.1544323],[-90.1809028,29.1544579],[-90.1808758,29.1545474]]]}},{"type":"Feature","properties":{"property_id":"PF-0300","address_label":"Structure near 29.1545, -90.1810","occupancy_type":"Unclassified structure (OSM building=yes)","flood_zone_code":"Unmapped","sfha":null,"risk_level":"Unknown","recommended_action":"FEMA NFHL coverage was unavailable or undetermined for this location. No risk tier is assigned; consult official FEMA and local floodplain-management sources before making decisions.","data_source":"OpenStreetMap building footprint + FEMA National Flood Hazard Layer (zone-based classification)","confidence_note":"No FEMA NFHL flood zone polygon was found intersecting this footprint in the queried data. This reflects a known coverage gap in the digitized flood hazard layer for this location (common in leveed/industrial coastal areas), not a confirmed low-risk determination.","building_height_m":5,"osm_way_id":1424862189},"geometry":{"type":"Polygon","coordinates":[[[-90.1810345,29.1545848],[-90.1809001,29.1545551],[-90.1809254,29.1544678],[-90.1810598,29.1544975],[-90.1810345,29.1545848]]]}},{"type":"Feature","properties":{"property_id":"PF-0301","address_label":"Structure near 29.1546, -90.1800","occupancy_type":"Unclassified structure (OSM building=yes)","flood_zone_code":"Unmapped","sfha":null,"risk_level":"Unknown","recommended_action":"FEMA NFHL coverage was unavailable or undetermined for this location. No risk tier is assigned; consult official FEMA and local floodplain-management sources before making decisions.","data_source":"OpenStreetMap building footprint + FEMA National Flood Hazard Layer (zone-based classification)","confidence_note":"No FEMA NFHL flood zone polygon was found intersecting this footprint in the queried data. This reflects a known coverage gap in the digitized flood hazard layer for this location (common in leveed/industrial coastal areas), not a confirmed low-risk determination.","building_height_m":5,"osm_way_id":1424862190},"geometry":{"type":"Polygon","coordinates":[[[-90.1801314,29.1545947],[-90.1801007,29.1546928],[-90.179874,29.1546388],[-90.1799047,29.1545407],[-90.1801314,29.1545947]]]}},{"type":"Feature","properties":{"property_id":"PF-0302","address_label":"Structure near 29.1548, -90.1799","occupancy_type":"Unclassified structure (OSM building=yes)","flood_zone_code":"Unmapped","sfha":null,"risk_level":"Unknown","recommended_action":"FEMA NFHL coverage was unavailable or undetermined for this location. No risk tier is assigned; consult official FEMA and local floodplain-management sources before making decisions.","data_source":"OpenStreetMap building footprint + FEMA National Flood Hazard Layer (zone-based classification)","confidence_note":"No FEMA NFHL flood zone polygon was found intersecting this footprint in the queried data. This reflects a known coverage gap in the digitized flood hazard layer for this location (common in leveed/industrial coastal areas), not a confirmed low-risk determination.","building_height_m":5,"osm_way_id":1424862191},"geometry":{"type":"Polygon","coordinates":[[[-90.1798535,29.154793],[-90.17988,29.1546959],[-90.1800453,29.1547302],[-90.1800178,29.1548311],[-90.1800576,29.1548393],[-90.1800337,29.1549272],[-90.1799955,29.1549193],[-90.1799873,29.1549493],[-90.1798185,29.1549142],[-90.1798267,29.1548843],[-90.1797844,29.1548755],[-90.1798094,29.1547839],[-90.1798535,29.154793]]]}},{"type":"Feature","properties":{"property_id":"PF-0303","address_label":"Structure near 29.1550, -90.1805","occupancy_type":"Unclassified structure (OSM building=yes)","flood_zone_code":"Unmapped","sfha":null,"risk_level":"Unknown","recommended_action":"FEMA NFHL coverage was unavailable or undetermined for this location. No risk tier is assigned; consult official FEMA and local floodplain-management sources before making decisions.","data_source":"OpenStreetMap building footprint + FEMA National Flood Hazard Layer (zone-based classification)","confidence_note":"No FEMA NFHL flood zone polygon was found intersecting this footprint in the queried data. This reflects a known coverage gap in the digitized flood hazard layer for this location (common in leveed/industrial coastal areas), not a confirmed low-risk determination.","building_height_m":5,"osm_way_id":1424862192},"geometry":{"type":"Polygon","coordinates":[[[-90.1806458,29.1550348],[-90.180575,29.1549412],[-90.1804154,29.1550334],[-90.1804862,29.155127],[-90.1806458,29.1550348]]]}},{"type":"Feature","properties":{"property_id":"PF-0304","address_label":"Structure near 29.1549, -90.1804","occupancy_type":"Unclassified structure (OSM building=yes)","flood_zone_code":"Unmapped","sfha":null,"risk_level":"Unknown","recommended_action":"FEMA NFHL coverage was unavailable or undetermined for this location. No risk tier is assigned; consult official FEMA and local floodplain-management sources before making decisions.","data_source":"OpenStreetMap building footprint + FEMA National Flood Hazard Layer (zone-based classification)","confidence_note":"No FEMA NFHL flood zone polygon was found intersecting this footprint in the queried data. This reflects a known coverage gap in the digitized flood hazard layer for this location (common in leveed/industrial coastal areas), not a confirmed low-risk determination.","building_height_m":5,"osm_way_id":1424862193},"geometry":{"type":"Polygon","coordinates":[[[-90.1803318,29.154952],[-90.18023,29.1549147],[-90.1802894,29.1547913],[-90.1803868,29.154827],[-90.1803741,29.1548535],[-90.180465,29.1548868],[-90.1804293,29.1549609],[-90.1803428,29.1549292],[-90.1803318,29.154952]]]}},{"type":"Feature","properties":{"property_id":"PF-0305","address_label":"Structure near 29.1555, -90.1806","occupancy_type":"Unclassified structure (OSM building=yes)","flood_zone_code":"Unmapped","sfha":null,"risk_level":"Unknown","recommended_action":"FEMA NFHL coverage was unavailable or undetermined for this location. No risk tier is assigned; consult official FEMA and local floodplain-management sources before making decisions.","data_source":"OpenStreetMap building footprint + FEMA National Flood Hazard Layer (zone-based classification)","confidence_note":"No FEMA NFHL flood zone polygon was found intersecting this footprint in the queried data. This reflects a known coverage gap in the digitized flood hazard layer for this location (common in leveed/industrial coastal areas), not a confirmed low-risk determination.","building_height_m":5,"osm_way_id":1424862194},"geometry":{"type":"Polygon","coordinates":[[[-90.1807913,29.1555221],[-90.1807594,29.155383],[-90.1806012,29.1554107],[-90.180615,29.155471],[-90.1805439,29.1554834],[-90.1805619,29.1555622],[-90.1807913,29.1555221]]]}},{"type":"Feature","properties":{"property_id":"PF-0306","address_label":"Structure near 29.1557, -90.1807","occupancy_type":"Unclassified structure (OSM building=yes)","flood_zone_code":"Unmapped","sfha":null,"risk_level":"Unknown","recommended_action":"FEMA NFHL coverage was unavailable or undetermined for this location. No risk tier is assigned; consult official FEMA and local floodplain-management sources before making decisions.","data_source":"OpenStreetMap building footprint + FEMA National Flood Hazard Layer (zone-based classification)","confidence_note":"No FEMA NFHL flood zone polygon was found intersecting this footprint in the queried data. This reflects a known coverage gap in the digitized flood hazard layer for this location (common in leveed/industrial coastal areas), not a confirmed low-risk determination.","building_height_m":5,"osm_way_id":1424862195},"geometry":{"type":"Polygon","coordinates":[[[-90.1808007,29.1556925],[-90.1807816,29.1555802],[-90.1806241,29.1556007],[-90.1806365,29.1556734],[-90.1806498,29.1556717],[-90.1806565,29.1557113],[-90.1808007,29.1556925]]]}},{"type":"Feature","properties":{"property_id":"PF-0307","address_label":"Structure near 29.1558, -90.1807","occupancy_type":"Unclassified structure (OSM building=yes)","flood_zone_code":"Unmapped","sfha":null,"risk_level":"Unknown","recommended_action":"FEMA NFHL coverage was unavailable or undetermined for this location. No risk tier is assigned; consult official FEMA and local floodplain-management sources before making decisions.","data_source":"OpenStreetMap building footprint + FEMA National Flood Hazard Layer (zone-based classification)","confidence_note":"No FEMA NFHL flood zone polygon was found intersecting this footprint in the queried data. This reflects a known coverage gap in the digitized flood hazard layer for this location (common in leveed/industrial coastal areas), not a confirmed low-risk determination.","building_height_m":5,"osm_way_id":1424862196},"geometry":{"type":"Polygon","coordinates":[[[-90.1808204,29.1558363],[-90.1808198,29.1557485],[-90.1806476,29.1557493],[-90.1806481,29.1558372],[-90.1808204,29.1558363]]]}},{"type":"Feature","properties":{"property_id":"PF-0308","address_label":"Structure near 29.1558, -90.1809","occupancy_type":"Unclassified structure (OSM building=yes)","flood_zone_code":"Unmapped","sfha":null,"risk_level":"Unknown","recommended_action":"FEMA NFHL coverage was unavailable or undetermined for this location. No risk tier is assigned; consult official FEMA and local floodplain-management sources before making decisions.","data_source":"OpenStreetMap building footprint + FEMA National Flood Hazard Layer (zone-based classification)","confidence_note":"No FEMA NFHL flood zone polygon was found intersecting this footprint in the queried data. This reflects a known coverage gap in the digitized flood hazard layer for this location (common in leveed/industrial coastal areas), not a confirmed low-risk determination.","building_height_m":5,"osm_way_id":1424862197},"geometry":{"type":"Polygon","coordinates":[[[-90.1809979,29.1558515],[-90.1808926,29.1558503],[-90.1808939,29.1557659],[-90.1809992,29.1557671],[-90.1809979,29.1558515]]]}},{"type":"Feature","properties":{"property_id":"PF-0309","address_label":"Structure near 29.1556, -90.1809","occupancy_type":"Unclassified structure (OSM building=yes)","flood_zone_code":"Unmapped","sfha":null,"risk_level":"Unknown","recommended_action":"FEMA NFHL coverage was unavailable or undetermined for this location. No risk tier is assigned; consult official FEMA and local floodplain-management sources before making decisions.","data_source":"OpenStreetMap building footprint + FEMA National Flood Hazard Layer (zone-based classification)","confidence_note":"No FEMA NFHL flood zone polygon was found intersecting this footprint in the queried data. This reflects a known coverage gap in the digitized flood hazard layer for this location (common in leveed/industrial coastal areas), not a confirmed low-risk determination.","building_height_m":5,"osm_way_id":1424862198},"geometry":{"type":"Polygon","coordinates":[[[-90.1808829,29.1556732],[-90.18086,29.1555773],[-90.1808734,29.1555748],[-90.1808636,29.1555339],[-90.1809851,29.1555117],[-90.1809859,29.1555151],[-90.1810127,29.1555102],[-90.1810247,29.15556],[-90.1809892,29.1555665],[-90.1810092,29.1556502],[-90.1808829,29.1556732]]]}},{"type":"Feature","properties":{"property_id":"PF-0310","address_label":"Structure near 29.1554, -90.1809","occupancy_type":"Unclassified structure (OSM building=yes)","flood_zone_code":"Unmapped","sfha":null,"risk_level":"Unknown","recommended_action":"FEMA NFHL coverage was unavailable or undetermined for this location. No risk tier is assigned; consult official FEMA and local floodplain-management sources before making decisions.","data_source":"OpenStreetMap building footprint + FEMA National Flood Hazard Layer (zone-based classification)","confidence_note":"No FEMA NFHL flood zone polygon was found intersecting this footprint in the queried data. This reflects a known coverage gap in the digitized flood hazard layer for this location (common in leveed/industrial coastal areas), not a confirmed low-risk determination.","building_height_m":5,"osm_way_id":1424862199},"geometry":{"type":"Polygon","coordinates":[[[-90.180972,29.1554686],[-90.1809548,29.1553943],[-90.1809445,29.1553961],[-90.1809213,29.155296],[-90.1808134,29.155315],[-90.1808537,29.1554894],[-90.180972,29.1554686]]]}},{"type":"Feature","properties":{"property_id":"PF-0311","address_label":"Structure near 29.1550, -90.1807","occupancy_type":"Unclassified structure (OSM building=yes)","flood_zone_code":"Unmapped","sfha":null,"risk_level":"Unknown","recommended_action":"FEMA NFHL coverage was unavailable or undetermined for this location. No risk tier is assigned; consult official FEMA and local floodplain-management sources before making decisions.","data_source":"OpenStreetMap building footprint + FEMA National Flood Hazard Layer (zone-based classification)","confidence_note":"No FEMA NFHL flood zone polygon was found intersecting this footprint in the queried data. This reflects a known coverage gap in the digitized flood hazard layer for this location (common in leveed/industrial coastal areas), not a confirmed low-risk determination.","building_height_m":5,"osm_way_id":1424862200},"geometry":{"type":"Polygon","coordinates":[[[-90.1807324,29.155038],[-90.1808192,29.1549867],[-90.1807377,29.1548815],[-90.1806425,29.1549378],[-90.1806735,29.1549777],[-90.1806818,29.1549727],[-90.1807324,29.155038]]]}},{"type":"Feature","properties":{"property_id":"PF-0312","address_label":"Structure near 29.1547, -90.1804","occupancy_type":"Unclassified structure (OSM building=yes)","flood_zone_code":"Unmapped","sfha":null,"risk_level":"Unknown","recommended_action":"FEMA NFHL coverage was unavailable or undetermined for this location. No risk tier is assigned; consult official FEMA and local floodplain-management sources before making decisions.","data_source":"OpenStreetMap building footprint + FEMA National Flood Hazard Layer (zone-based classification)","confidence_note":"No FEMA NFHL flood zone polygon was found intersecting this footprint in the queried data. This reflects a known coverage gap in the digitized flood hazard layer for this location (common in leveed/industrial coastal areas), not a confirmed low-risk determination.","building_height_m":5,"osm_way_id":1424862201},"geometry":{"type":"Polygon","coordinates":[[[-90.180425,29.1546778],[-90.1803532,29.1546508],[-90.1803126,29.1547331],[-90.1803843,29.1547601],[-90.180425,29.1546778]]]}},{"type":"Feature","properties":{"property_id":"PF-0313","address_label":"Structure near 29.1552, -90.1797","occupancy_type":"Unclassified structure (OSM building=yes)","flood_zone_code":"Unmapped","sfha":null,"risk_level":"Unknown","recommended_action":"FEMA NFHL coverage was unavailable or undetermined for this location. No risk tier is assigned; consult official FEMA and local floodplain-management sources before making decisions.","data_source":"OpenStreetMap building footprint + FEMA National Flood Hazard Layer (zone-based classification)","confidence_note":"No FEMA NFHL flood zone polygon was found intersecting this footprint in the queried data. This reflects a known coverage gap in the digitized flood hazard layer for this location (common in leveed/industrial coastal areas), not a confirmed low-risk determination.","building_height_m":5,"osm_way_id":1424862202},"geometry":{"type":"Polygon","coordinates":[[[-90.1797502,29.1552928],[-90.1797906,29.1551563],[-90.1796465,29.1551237],[-90.179606,29.1552602],[-90.1797502,29.1552928]]]}},{"type":"Feature","properties":{"property_id":"PF-0314","address_label":"Structure near 29.1553, -90.1799","occupancy_type":"Unclassified structure (OSM building=yes)","flood_zone_code":"Unmapped","sfha":null,"risk_level":"Unknown","recommended_action":"FEMA NFHL coverage was unavailable or undetermined for this location. No risk tier is assigned; consult official FEMA and local floodplain-management sources before making decisions.","data_source":"OpenStreetMap building footprint + FEMA National Flood Hazard Layer (zone-based classification)","confidence_note":"No FEMA NFHL flood zone polygon was found intersecting this footprint in the queried data. This reflects a known coverage gap in the digitized flood hazard layer for this location (common in leveed/industrial coastal areas), not a confirmed low-risk determination.","building_height_m":5,"osm_way_id":1424862203},"geometry":{"type":"Polygon","coordinates":[[[-90.1798746,29.1553479],[-90.1797818,29.1553276],[-90.179828,29.1551657],[-90.1799692,29.1551964],[-90.1799508,29.1552607],[-90.1799025,29.1552502],[-90.1798746,29.1553479]]]}},{"type":"Feature","properties":{"property_id":"PF-0315","address_label":"Structure near 29.1554, -90.1801","occupancy_type":"Unclassified structure (OSM building=yes)","flood_zone_code":"Unmapped","sfha":null,"risk_level":"Unknown","recommended_action":"FEMA NFHL coverage was unavailable or undetermined for this location. No risk tier is assigned; consult official FEMA and local floodplain-management sources before making decisions.","data_source":"OpenStreetMap building footprint + FEMA National Flood Hazard Layer (zone-based classification)","confidence_note":"No FEMA NFHL flood zone polygon was found intersecting this footprint in the queried data. This reflects a known coverage gap in the digitized flood hazard layer for this location (common in leveed/industrial coastal areas), not a confirmed low-risk determination.","building_height_m":5,"osm_way_id":1424862204},"geometry":{"type":"Polygon","coordinates":[[[-90.1800124,29.1554711],[-90.1799617,29.1553948],[-90.1801318,29.1553088],[-90.1801824,29.1553851],[-90.1800124,29.1554711]]]}},{"type":"Feature","properties":{"property_id":"PF-0316","address_label":"Structure near 29.1558, -90.1802","occupancy_type":"Unclassified structure (OSM building=yes)","flood_zone_code":"Unmapped","sfha":null,"risk_level":"Unknown","recommended_action":"FEMA NFHL coverage was unavailable or undetermined for this location. No risk tier is assigned; consult official FEMA and local floodplain-management sources before making decisions.","data_source":"OpenStreetMap building footprint + FEMA National Flood Hazard Layer (zone-based classification)","confidence_note":"No FEMA NFHL flood zone polygon was found intersecting this footprint in the queried data. This reflects a known coverage gap in the digitized flood hazard layer for this location (common in leveed/industrial coastal areas), not a confirmed low-risk determination.","building_height_m":5,"osm_way_id":1424862205},"geometry":{"type":"Polygon","coordinates":[[[-90.1802641,29.1558072],[-90.1802598,29.1556907],[-90.1800947,29.1556954],[-90.180099,29.1558118],[-90.1802641,29.1558072]]]}},{"type":"Feature","properties":{"property_id":"PF-0317","address_label":"Structure near 29.1559, -90.1802","occupancy_type":"Unclassified structure (OSM building=yes)","flood_zone_code":"Unmapped","sfha":null,"risk_level":"Unknown","recommended_action":"FEMA NFHL coverage was unavailable or undetermined for this location. No risk tier is assigned; consult official FEMA and local floodplain-management sources before making decisions.","data_source":"OpenStreetMap building footprint + FEMA National Flood Hazard Layer (zone-based classification)","confidence_note":"No FEMA NFHL flood zone polygon was found intersecting this footprint in the queried data. This reflects a known coverage gap in the digitized flood hazard layer for this location (common in leveed/industrial coastal areas), not a confirmed low-risk determination.","building_height_m":5,"osm_way_id":1424862206},"geometry":{"type":"Polygon","coordinates":[[[-90.1802712,29.1559296],[-90.1802697,29.1558444],[-90.1800991,29.1558467],[-90.1801006,29.1559319],[-90.1802712,29.1559296]]]}},{"type":"Feature","properties":{"property_id":"PF-0318","address_label":"Structure near 29.1562, -90.1802","occupancy_type":"Unclassified structure (OSM building=yes)","flood_zone_code":"Unmapped","sfha":null,"risk_level":"Unknown","recommended_action":"FEMA NFHL coverage was unavailable or undetermined for this location. No risk tier is assigned; consult official FEMA and local floodplain-management sources before making decisions.","data_source":"OpenStreetMap building footprint + FEMA National Flood Hazard Layer (zone-based classification)","confidence_note":"No FEMA NFHL flood zone polygon was found intersecting this footprint in the queried data. This reflects a known coverage gap in the digitized flood hazard layer for this location (common in leveed/industrial coastal areas), not a confirmed low-risk determination.","building_height_m":5,"osm_way_id":1424862207},"geometry":{"type":"Polygon","coordinates":[[[-90.1802888,29.1562045],[-90.1802859,29.1561192],[-90.180103,29.156124],[-90.180106,29.1562093],[-90.1802888,29.1562045]]]}},{"type":"Feature","properties":{"property_id":"PF-0319","address_label":"Structure near 29.1562, -90.1807","occupancy_type":"Unclassified structure (OSM building=yes)","flood_zone_code":"Unmapped","sfha":null,"risk_level":"Unknown","recommended_action":"FEMA NFHL coverage was unavailable or undetermined for this location. No risk tier is assigned; consult official FEMA and local floodplain-management sources before making decisions.","data_source":"OpenStreetMap building footprint + FEMA National Flood Hazard Layer (zone-based classification)","confidence_note":"No FEMA NFHL flood zone polygon was found intersecting this footprint in the queried data. This reflects a known coverage gap in the digitized flood hazard layer for this location (common in leveed/industrial coastal areas), not a confirmed low-risk determination.","building_height_m":5,"osm_way_id":1424862208},"geometry":{"type":"Polygon","coordinates":[[[-90.1806343,29.1562614],[-90.1806316,29.1561555],[-90.1808192,29.1561518],[-90.1808219,29.1562577],[-90.1806343,29.1562614]]]}},{"type":"Feature","properties":{"property_id":"PF-0320","address_label":"Structure near 29.1561, -90.1810","occupancy_type":"Unclassified structure (OSM building=yes)","flood_zone_code":"Unmapped","sfha":null,"risk_level":"Unknown","recommended_action":"FEMA NFHL coverage was unavailable or undetermined for this location. No risk tier is assigned; consult official FEMA and local floodplain-management sources before making decisions.","data_source":"OpenStreetMap building footprint + FEMA National Flood Hazard Layer (zone-based classification)","confidence_note":"No FEMA NFHL flood zone polygon was found intersecting this footprint in the queried data. This reflects a known coverage gap in the digitized flood hazard layer for this location (common in leveed/industrial coastal areas), not a confirmed low-risk determination.","building_height_m":5,"osm_way_id":1424862209},"geometry":{"type":"Polygon","coordinates":[[[-90.1808961,29.156106],[-90.1808925,29.1560024],[-90.1810138,29.1559991],[-90.1810174,29.1561028],[-90.1808961,29.156106]]]}},{"type":"Feature","properties":{"property_id":"PF-0321","address_label":"Structure near 29.1562, -90.1810","occupancy_type":"Unclassified structure (OSM building=yes)","flood_zone_code":"Unmapped","sfha":null,"risk_level":"Unknown","recommended_action":"FEMA NFHL coverage was unavailable or undetermined for this location. No risk tier is assigned; consult official FEMA and local floodplain-management sources before making decisions.","data_source":"OpenStreetMap building footprint + FEMA National Flood Hazard Layer (zone-based classification)","confidence_note":"No FEMA NFHL flood zone polygon was found intersecting this footprint in the queried data. This reflects a known coverage gap in the digitized flood hazard layer for this location (common in leveed/industrial coastal areas), not a confirmed low-risk determination.","building_height_m":5,"osm_way_id":1424862210},"geometry":{"type":"Polygon","coordinates":[[[-90.1810201,29.1562252],[-90.1810201,29.156132],[-90.1808995,29.1561321],[-90.1808996,29.1562253],[-90.1808882,29.1562253],[-90.1808882,29.1562757],[-90.1810061,29.1562756],[-90.1810061,29.1562252],[-90.1810201,29.1562252]]]}},{"type":"Feature","properties":{"property_id":"PF-0322","address_label":"Structure near 29.1565, -90.1810","occupancy_type":"Unclassified structure (OSM building=yes)","flood_zone_code":"Unmapped","sfha":null,"risk_level":"Unknown","recommended_action":"FEMA NFHL coverage was unavailable or undetermined for this location. No risk tier is assigned; consult official FEMA and local floodplain-management sources before making decisions.","data_source":"OpenStreetMap building footprint + FEMA National Flood Hazard Layer (zone-based classification)","confidence_note":"No FEMA NFHL flood zone polygon was found intersecting this footprint in the queried data. This reflects a known coverage gap in the digitized flood hazard layer for this location (common in leveed/industrial coastal areas), not a confirmed low-risk determination.","building_height_m":5,"osm_way_id":1424862211},"geometry":{"type":"Polygon","coordinates":[[[-90.1809032,29.156517],[-90.1808983,29.1564161],[-90.1810131,29.1564118],[-90.181018,29.1565128],[-90.1809032,29.156517]]]}},{"type":"Feature","properties":{"property_id":"PF-0323","address_label":"Structure near 29.1565, -90.1807","occupancy_type":"Unclassified structure (OSM building=yes)","flood_zone_code":"Unmapped","sfha":null,"risk_level":"Unknown","recommended_action":"FEMA NFHL coverage was unavailable or undetermined for this location. No risk tier is assigned; consult official FEMA and local floodplain-management sources before making decisions.","data_source":"OpenStreetMap building footprint + FEMA National Flood Hazard Layer (zone-based classification)","confidence_note":"No FEMA NFHL flood zone polygon was found intersecting this footprint in the queried data. This reflects a known coverage gap in the digitized flood hazard layer for this location (common in leveed/industrial coastal areas), not a confirmed low-risk determination.","building_height_m":5,"osm_way_id":1424862212},"geometry":{"type":"Polygon","coordinates":[[[-90.1808172,29.1565557],[-90.1806556,29.1565585],[-90.1806526,29.1564284],[-90.1808143,29.1564256],[-90.1808172,29.1565557]]]}},{"type":"Feature","properties":{"property_id":"PF-0324","address_label":"Structure near 29.1567, -90.1810","occupancy_type":"Unclassified structure (OSM building=yes)","flood_zone_code":"Unmapped","sfha":null,"risk_level":"Unknown","recommended_action":"FEMA NFHL coverage was unavailable or undetermined for this location. No risk tier is assigned; consult official FEMA and local floodplain-management sources before making decisions.","data_source":"OpenStreetMap building footprint + FEMA National Flood Hazard Layer (zone-based classification)","confidence_note":"No FEMA NFHL flood zone polygon was found intersecting this footprint in the queried data. This reflects a known coverage gap in the digitized flood hazard layer for this location (common in leveed/industrial coastal areas), not a confirmed low-risk determination.","building_height_m":5,"osm_way_id":1424862213},"geometry":{"type":"Polygon","coordinates":[[[-90.1809025,29.1567609],[-90.1809015,29.1566087],[-90.1810236,29.1566082],[-90.1810246,29.1567604],[-90.1809025,29.1567609]]]}},{"type":"Feature","properties":{"property_id":"PF-0325","address_label":"Structure near 29.1567, -90.1808","occupancy_type":"Unclassified structure (OSM building=yes)","flood_zone_code":"Unmapped","sfha":null,"risk_level":"Unknown","recommended_action":"FEMA NFHL coverage was unavailable or undetermined for this location. No risk tier is assigned; consult official FEMA and local floodplain-management sources before making decisions.","data_source":"OpenStreetMap building footprint + FEMA National Flood Hazard Layer (zone-based classification)","confidence_note":"No FEMA NFHL flood zone polygon was found intersecting this footprint in the queried data. This reflects a known coverage gap in the digitized flood hazard layer for this location (common in leveed/industrial coastal areas), not a confirmed low-risk determination.","building_height_m":5,"osm_way_id":1424862214},"geometry":{"type":"Polygon","coordinates":[[[-90.180831,29.1567584],[-90.1808257,29.1565799],[-90.1806881,29.1565831],[-90.1806934,29.1567616],[-90.180831,29.1567584]]]}},{"type":"Feature","properties":{"property_id":"PF-0326","address_label":"Structure near 29.1570, -90.1808","occupancy_type":"Unclassified structure (OSM building=yes)","flood_zone_code":"Unmapped","sfha":null,"risk_level":"Unknown","recommended_action":"FEMA NFHL coverage was unavailable or undetermined for this location. No risk tier is assigned; consult official FEMA and local floodplain-management sources before making decisions.","data_source":"OpenStreetMap building footprint + FEMA National Flood Hazard Layer (zone-based classification)","confidence_note":"No FEMA NFHL flood zone polygon was found intersecting this footprint in the queried data. This reflects a known coverage gap in the digitized flood hazard layer for this location (common in leveed/industrial coastal areas), not a confirmed low-risk determination.","building_height_m":5,"osm_way_id":1424862215},"geometry":{"type":"Polygon","coordinates":[[[-90.1807828,29.1569481],[-90.1807824,29.1569207],[-90.1807152,29.1569215],[-90.1807156,29.1569495],[-90.1806616,29.1569501],[-90.1806638,29.15711],[-90.1808425,29.1571081],[-90.1808403,29.1569475],[-90.1807828,29.1569481]]]}},{"type":"Feature","properties":{"property_id":"PF-0327","address_label":"Structure near 29.1570, -90.1804","occupancy_type":"Unclassified structure (OSM building=yes)","flood_zone_code":"Unmapped","sfha":null,"risk_level":"Unknown","recommended_action":"FEMA NFHL coverage was unavailable or undetermined for this location. No risk tier is assigned; consult official FEMA and local floodplain-management sources before making decisions.","data_source":"OpenStreetMap building footprint + FEMA National Flood Hazard Layer (zone-based classification)","confidence_note":"No FEMA NFHL flood zone polygon was found intersecting this footprint in the queried data. This reflects a known coverage gap in the digitized flood hazard layer for this location (common in leveed/industrial coastal areas), not a confirmed low-risk determination.","building_height_m":5,"osm_way_id":1424874636},"geometry":{"type":"Polygon","coordinates":[[[-90.1805549,29.1570622],[-90.1804644,29.1571452],[-90.1802965,29.1570056],[-90.180387,29.1569226],[-90.1805549,29.1570622]]]}},{"type":"Feature","properties":{"property_id":"PF-0328","address_label":"Structure near 29.1569, -90.1803","occupancy_type":"Unclassified structure (OSM building=yes)","flood_zone_code":"Unmapped","sfha":null,"risk_level":"Unknown","recommended_action":"FEMA NFHL coverage was unavailable or undetermined for this location. No risk tier is assigned; consult official FEMA and local floodplain-management sources before making decisions.","data_source":"OpenStreetMap building footprint + FEMA National Flood Hazard Layer (zone-based classification)","confidence_note":"No FEMA NFHL flood zone polygon was found intersecting this footprint in the queried data. This reflects a known coverage gap in the digitized flood hazard layer for this location (common in leveed/industrial coastal areas), not a confirmed low-risk determination.","building_height_m":5,"osm_way_id":1424874637},"geometry":{"type":"Polygon","coordinates":[[[-90.1803757,29.1568817],[-90.180337,29.156915],[-90.1803029,29.1568848],[-90.1803416,29.1568515],[-90.1803757,29.1568817]]]}},{"type":"Feature","properties":{"property_id":"PF-0329","address_label":"Structure near 29.1566, -90.1802","occupancy_type":"Unclassified structure (OSM building=yes)","flood_zone_code":"Unmapped","sfha":null,"risk_level":"Unknown","recommended_action":"FEMA NFHL coverage was unavailable or undetermined for this location. No risk tier is assigned; consult official FEMA and local floodplain-management sources before making decisions.","data_source":"OpenStreetMap building footprint + FEMA National Flood Hazard Layer (zone-based classification)","confidence_note":"No FEMA NFHL flood zone polygon was found intersecting this footprint in the queried data. This reflects a known coverage gap in the digitized flood hazard layer for this location (common in leveed/industrial coastal areas), not a confirmed low-risk determination.","building_height_m":5,"osm_way_id":1424874638},"geometry":{"type":"Polygon","coordinates":[[[-90.1803502,29.1566885],[-90.180149,29.1566913],[-90.1801458,29.1565157],[-90.1803469,29.1565128],[-90.1803502,29.1566885]]]}},{"type":"Feature","properties":{"property_id":"PF-0330","address_label":"Structure near 29.1566, -90.1800","occupancy_type":"Unclassified structure (OSM building=yes)","flood_zone_code":"Unmapped","sfha":null,"risk_level":"Unknown","recommended_action":"FEMA NFHL coverage was unavailable or undetermined for this location. No risk tier is assigned; consult official FEMA and local floodplain-management sources before making decisions.","data_source":"OpenStreetMap building footprint + FEMA National Flood Hazard Layer (zone-based classification)","confidence_note":"No FEMA NFHL flood zone polygon was found intersecting this footprint in the queried data. This reflects a known coverage gap in the digitized flood hazard layer for this location (common in leveed/industrial coastal areas), not a confirmed low-risk determination.","building_height_m":5,"osm_way_id":1424874639},"geometry":{"type":"Polygon","coordinates":[[[-90.1800614,29.1567237],[-90.1800561,29.156503],[-90.1799288,29.1565054],[-90.1799336,29.1567031],[-90.1799661,29.1567025],[-90.1799666,29.1567254],[-90.1800614,29.1567237]]]}},{"type":"Feature","properties":{"property_id":"PF-0331","address_label":"Structure near 29.1564, -90.1802","occupancy_type":"Unclassified structure (OSM building=yes)","flood_zone_code":"Unmapped","sfha":null,"risk_level":"Unknown","recommended_action":"FEMA NFHL coverage was unavailable or undetermined for this location. No risk tier is assigned; consult official FEMA and local floodplain-management sources before making decisions.","data_source":"OpenStreetMap building footprint + FEMA National Flood Hazard Layer (zone-based classification)","confidence_note":"No FEMA NFHL flood zone polygon was found intersecting this footprint in the queried data. This reflects a known coverage gap in the digitized flood hazard layer for this location (common in leveed/industrial coastal areas), not a confirmed low-risk determination.","building_height_m":5,"osm_way_id":1424874640},"geometry":{"type":"Polygon","coordinates":[[[-90.1802817,29.1564966],[-90.180114,29.1565007],[-90.1801102,29.1563816],[-90.1802779,29.1563775],[-90.1802817,29.1564966]]]}},{"type":"Feature","properties":{"property_id":"PF-0332","address_label":"Structure near 29.1563, -90.1802","occupancy_type":"Unclassified structure (OSM building=yes)","flood_zone_code":"Unmapped","sfha":null,"risk_level":"Unknown","recommended_action":"FEMA NFHL coverage was unavailable or undetermined for this location. No risk tier is assigned; consult official FEMA and local floodplain-management sources before making decisions.","data_source":"OpenStreetMap building footprint + FEMA National Flood Hazard Layer (zone-based classification)","confidence_note":"No FEMA NFHL flood zone polygon was found intersecting this footprint in the queried data. This reflects a known coverage gap in the digitized flood hazard layer for this location (common in leveed/industrial coastal areas), not a confirmed low-risk determination.","building_height_m":5,"osm_way_id":1424874641},"geometry":{"type":"Polygon","coordinates":[[[-90.1802739,29.1563581],[-90.1800943,29.1563601],[-90.1800926,29.1562432],[-90.1802722,29.1562411],[-90.1802739,29.1563581]]]}},{"type":"Feature","properties":{"property_id":"PF-0333","address_label":"Structure near 29.1563, -90.1800","occupancy_type":"Unclassified structure (OSM building=yes)","flood_zone_code":"Unmapped","sfha":null,"risk_level":"Unknown","recommended_action":"FEMA NFHL coverage was unavailable or undetermined for this location. No risk tier is assigned; consult official FEMA and local floodplain-management sources before making decisions.","data_source":"OpenStreetMap building footprint + FEMA National Flood Hazard Layer (zone-based classification)","confidence_note":"No FEMA NFHL flood zone polygon was found intersecting this footprint in the queried data. This reflects a known coverage gap in the digitized flood hazard layer for this location (common in leveed/industrial coastal areas), not a confirmed low-risk determination.","building_height_m":5,"osm_way_id":1424874642},"geometry":{"type":"Polygon","coordinates":[[[-90.1799332,29.1563799],[-90.1800618,29.1563799],[-90.1800619,29.1562363],[-90.1799332,29.1562363],[-90.1799332,29.1563799]]]}},{"type":"Feature","properties":{"property_id":"PF-0334","address_label":"Structure near 29.1559, -90.1800","occupancy_type":"Unclassified structure (OSM building=yes)","flood_zone_code":"Unmapped","sfha":null,"risk_level":"Unknown","recommended_action":"FEMA NFHL coverage was unavailable or undetermined for this location. No risk tier is assigned; consult official FEMA and local floodplain-management sources before making decisions.","data_source":"OpenStreetMap building footprint + FEMA National Flood Hazard Layer (zone-based classification)","confidence_note":"No FEMA NFHL flood zone polygon was found intersecting this footprint in the queried data. This reflects a known coverage gap in the digitized flood hazard layer for this location (common in leveed/industrial coastal areas), not a confirmed low-risk determination.","building_height_m":5,"osm_way_id":1424874643},"geometry":{"type":"Polygon","coordinates":[[[-90.1800373,29.1559245],[-90.1800376,29.1558816],[-90.1800529,29.1558817],[-90.1800532,29.1558232],[-90.179931,29.1558226],[-90.1799306,29.1558779],[-90.1799213,29.1558779],[-90.179921,29.1559238],[-90.1799553,29.1559239],[-90.1799552,29.1559463],[-90.1800076,29.1559466],[-90.1800078,29.1559244],[-90.1800373,29.1559245]]]}},{"type":"Feature","properties":{"property_id":"PF-0335","address_label":"Structure near 29.1558, -90.1800","occupancy_type":"Unclassified structure (OSM building=yes)","flood_zone_code":"Unmapped","sfha":null,"risk_level":"Unknown","recommended_action":"FEMA NFHL coverage was unavailable or undetermined for this location. No risk tier is assigned; consult official FEMA and local floodplain-management sources before making decisions.","data_source":"OpenStreetMap building footprint + FEMA National Flood Hazard Layer (zone-based classification)","confidence_note":"No FEMA NFHL flood zone polygon was found intersecting this footprint in the queried data. This reflects a known coverage gap in the digitized flood hazard layer for this location (common in leveed/industrial coastal areas), not a confirmed low-risk determination.","building_height_m":5,"osm_way_id":1424874644},"geometry":{"type":"Polygon","coordinates":[[[-90.1800528,29.1558156],[-90.179949,29.1558175],[-90.1799476,29.1557588],[-90.1800515,29.1557569],[-90.1800528,29.1558156]]]}},{"type":"Feature","properties":{"property_id":"PF-0336","address_label":"Structure near 29.1557, -90.1800","occupancy_type":"Unclassified structure (OSM building=yes)","flood_zone_code":"Unmapped","sfha":null,"risk_level":"Unknown","recommended_action":"FEMA NFHL coverage was unavailable or undetermined for this location. No risk tier is assigned; consult official FEMA and local floodplain-management sources before making decisions.","data_source":"OpenStreetMap building footprint + FEMA National Flood Hazard Layer (zone-based classification)","confidence_note":"No FEMA NFHL flood zone polygon was found intersecting this footprint in the queried data. This reflects a known coverage gap in the digitized flood hazard layer for this location (common in leveed/industrial coastal areas), not a confirmed low-risk determination.","building_height_m":5,"osm_way_id":1424874645},"geometry":{"type":"Polygon","coordinates":[[[-90.1800432,29.1556873],[-90.1800249,29.1556277],[-90.179924,29.1556514],[-90.1799423,29.1557109],[-90.1800432,29.1556873]]]}},{"type":"Feature","properties":{"property_id":"PF-0337","address_label":"Structure near 29.1554, -90.1797","occupancy_type":"Unclassified structure (OSM building=yes)","flood_zone_code":"Unmapped","sfha":null,"risk_level":"Unknown","recommended_action":"FEMA NFHL coverage was unavailable or undetermined for this location. No risk tier is assigned; consult official FEMA and local floodplain-management sources before making decisions.","data_source":"OpenStreetMap building footprint + FEMA National Flood Hazard Layer (zone-based classification)","confidence_note":"No FEMA NFHL flood zone polygon was found intersecting this footprint in the queried data. This reflects a known coverage gap in the digitized flood hazard layer for this location (common in leveed/industrial coastal areas), not a confirmed low-risk determination.","building_height_m":5,"osm_way_id":1424874646},"geometry":{"type":"Polygon","coordinates":[[[-90.1798301,29.1555125],[-90.1796539,29.1554738],[-90.1796575,29.1554614],[-90.1795542,29.1554388],[-90.179583,29.1553383],[-90.1796984,29.1553636],[-90.1796964,29.1553704],[-90.1798606,29.1554064],[-90.1798301,29.1555125]]]}},{"type":"Feature","properties":{"property_id":"PF-0338","address_label":"Structure near 29.1529, -90.1805","occupancy_type":"Unclassified structure (OSM building=yes)","flood_zone_code":"Unmapped","sfha":null,"risk_level":"Unknown","recommended_action":"FEMA NFHL coverage was unavailable or undetermined for this location. No risk tier is assigned; consult official FEMA and local floodplain-management sources before making decisions.","data_source":"OpenStreetMap building footprint + FEMA National Flood Hazard Layer (zone-based classification)","confidence_note":"No FEMA NFHL flood zone polygon was found intersecting this footprint in the queried data. This reflects a known coverage gap in the digitized flood hazard layer for this location (common in leveed/industrial coastal areas), not a confirmed low-risk determination.","building_height_m":5,"osm_way_id":1424874647},"geometry":{"type":"Polygon","coordinates":[[[-90.1805486,29.1530764],[-90.1806537,29.1528062],[-90.1804917,29.1527581],[-90.1803865,29.1530283],[-90.1805486,29.1530764]]]}},{"type":"Feature","properties":{"property_id":"PF-0339","address_label":"Structure near 29.1523, -90.1807","occupancy_type":"Unclassified structure (OSM building=yes)","flood_zone_code":"Unmapped","sfha":null,"risk_level":"Unknown","recommended_action":"FEMA NFHL coverage was unavailable or undetermined for this location. No risk tier is assigned; consult official FEMA and local floodplain-management sources before making decisions.","data_source":"OpenStreetMap building footprint + FEMA National Flood Hazard Layer (zone-based classification)","confidence_note":"No FEMA NFHL flood zone polygon was found intersecting this footprint in the queried data. This reflects a known coverage gap in the digitized flood hazard layer for this location (common in leveed/industrial coastal areas), not a confirmed low-risk determination.","building_height_m":5,"osm_way_id":1424874648},"geometry":{"type":"Polygon","coordinates":[[[-90.1807836,29.1523983],[-90.1808423,29.1522416],[-90.1808116,29.1522328],[-90.180818,29.1522157],[-90.1807931,29.1522086],[-90.1807991,29.1521925],[-90.1806743,29.1521569],[-90.1806684,29.1521727],[-90.1806344,29.152163],[-90.1806156,29.1522133],[-90.1805742,29.1522015],[-90.1805404,29.152292],[-90.1805881,29.1523056],[-90.1805695,29.1523553],[-90.1806039,29.1523651],[-90.1805955,29.1523876],[-90.1807147,29.1524216],[-90.1807227,29.1524004],[-90.1807496,29.1524081],[-90.1807562,29.1523905],[-90.1807836,29.1523983]]]}},{"type":"Feature","properties":{"property_id":"PF-0340","address_label":"Structure near 29.1527, -90.1813","occupancy_type":"Unclassified structure (OSM building=yes)","flood_zone_code":"Unmapped","sfha":null,"risk_level":"Unknown","recommended_action":"FEMA NFHL coverage was unavailable or undetermined for this location. No risk tier is assigned; consult official FEMA and local floodplain-management sources before making decisions.","data_source":"OpenStreetMap building footprint + FEMA National Flood Hazard Layer (zone-based classification)","confidence_note":"No FEMA NFHL flood zone polygon was found intersecting this footprint in the queried data. This reflects a known coverage gap in the digitized flood hazard layer for this location (common in leveed/industrial coastal areas), not a confirmed low-risk determination.","building_height_m":5,"osm_way_id":1424874649},"geometry":{"type":"Polygon","coordinates":[[[-90.1813352,29.152559],[-90.1812325,29.1529133],[-90.1813513,29.1529395],[-90.1814539,29.1525852],[-90.1813352,29.152559]]]}},{"type":"Feature","properties":{"property_id":"PF-0341","address_label":"Structure near 29.1691, -90.1513","occupancy_type":"Unclassified structure (OSM building=yes)","flood_zone_code":"Unmapped","sfha":null,"risk_level":"Unknown","recommended_action":"FEMA NFHL coverage was unavailable or undetermined for this location. No risk tier is assigned; consult official FEMA and local floodplain-management sources before making decisions.","data_source":"OpenStreetMap building footprint + FEMA National Flood Hazard Layer (zone-based classification)","confidence_note":"No FEMA NFHL flood zone polygon was found intersecting this footprint in the queried data. This reflects a known coverage gap in the digitized flood hazard layer for this location (common in leveed/industrial coastal areas), not a confirmed low-risk determination.","building_height_m":5,"osm_way_id":1526222708},"geometry":{"type":"Polygon","coordinates":[[[-90.1512752,29.1691678],[-90.1512586,29.1691168],[-90.1512273,29.1691246],[-90.1512439,29.1691755],[-90.1512752,29.1691678]]]}},{"type":"Feature","properties":{"property_id":"PF-0342","address_label":"Structure near 29.1691, -90.1514","occupancy_type":"Unclassified structure (OSM building=yes)","flood_zone_code":"Unmapped","sfha":null,"risk_level":"Unknown","recommended_action":"FEMA NFHL coverage was unavailable or undetermined for this location. No risk tier is assigned; consult official FEMA and local floodplain-management sources before making decisions.","data_source":"OpenStreetMap building footprint + FEMA National Flood Hazard Layer (zone-based classification)","confidence_note":"No FEMA NFHL flood zone polygon was found intersecting this footprint in the queried data. This reflects a known coverage gap in the digitized flood hazard layer for this location (common in leveed/industrial coastal areas), not a confirmed low-risk determination.","building_height_m":5,"osm_way_id":1526222709},"geometry":{"type":"Polygon","coordinates":[[[-90.1514151,29.1691169],[-90.1514366,29.1690498],[-90.1514059,29.1690423],[-90.1513844,29.1691094],[-90.1514151,29.1691169]]]}},{"type":"Feature","properties":{"property_id":"PF-0343","address_label":"Structure near 29.1690, -90.1513","occupancy_type":"Unclassified structure (OSM building=yes)","flood_zone_code":"Unmapped","sfha":null,"risk_level":"Unknown","recommended_action":"FEMA NFHL coverage was unavailable or undetermined for this location. No risk tier is assigned; consult official FEMA and local floodplain-management sources before making decisions.","data_source":"OpenStreetMap building footprint + FEMA National Flood Hazard Layer (zone-based classification)","confidence_note":"No FEMA NFHL flood zone polygon was found intersecting this footprint in the queried data. This reflects a known coverage gap in the digitized flood hazard layer for this location (common in leveed/industrial coastal areas), not a confirmed low-risk determination.","building_height_m":5,"osm_way_id":1526222710},"geometry":{"type":"Polygon","coordinates":[[[-90.1513025,29.1690227],[-90.1512931,29.1689969],[-90.1512209,29.169017],[-90.1512302,29.1690427],[-90.1513025,29.1690227]]]}}]}