{"type":"FeatureCollection","features":[{"type":"Feature","properties":{"id":"flood-zone-1","flood_zone_code":"VE","zone_subtype":null,"sfha":true,"risk_level":"High","static_bfe_ft":15},"geometry":{"type":"Polygon","coordinates":[[[-89.9770143825563,29.238147296523255],[-89.97571736459875,29.238759509890418],[-89.97570990731882,29.238763565948805],[-89.97569640851584,29.238770907977685],[-89.97439789491172,29.23939380696929],[-89.97429260896297,29.23944431190358],[-89.97429282636874,29.239444281781097],[-89.98103132493779,29.238477205720752],[-89.98103216312873,29.238477090469473],[-89.982014727223,29.238343451376892],[-89.98263696350826,29.238258816340846],[-89.98317709637132,29.23818535020111],[-89.9831796122538,29.23818501230533],[-89.98354168585747,29.238136501995573],[-89.98391332924425,29.238086709515386],[-89.98447209875906,29.238011843334327],[-89.98709848625198,29.237452936248527],[-89.98820104261507,29.23721841170911],[-89.99005880770584,29.23682362111646],[-89.99215680093951,29.23637720319541],[-89.99337754353485,29.23611786558222],[-89.99405233438698,29.235893758197292],[-89.9943426365791,29.2357973426602],[-89.99438889816984,29.235767653674984],[-89.99751082802229,29.233764228013424],[-89.99870659248666,29.232484310464756],[-89.99908019249573,29.231690086590287],[-89.99931125945588,29.231198862183927],[-89.99961530664508,29.23047999036427],[-89.99981870151738,29.229999074397266],[-90.00000454153658,29.22973408950466],[-90.00000559189456,29.229732589928712],[-90.00006163281428,29.2296526867596],[-90.000275759157,29.22934736916754],[-90.0007189198535,29.22871547012737],[-90.0011082398871,29.228303077570793],[-90.00125924521862,29.22814312061903],[-90.00220084138617,29.227145706155003],[-90.00624064270417,29.224919857340918],[-90.01025954425509,29.22270530576932],[-90.01970276564553,29.217090095659117],[-90.01982473683218,29.217023246001673],[-90.0206669026199,29.216561658173454],[-90.02206188675761,29.21579704729038],[-90.022239469293,29.21569970712742],[-90.02235992125917,29.215648185886227],[-90.02252948335588,29.215575652245278],[-90.02293487702002,29.215400038141496],[-90.03004888373866,29.2123180296107],[-90.03162086630462,29.211636916942766],[-90.0316733056249,29.21161419541927],[-90.03242298358907,29.21113158078928],[-90.03312114031446,29.2106821244692],[-90.03318174020879,29.210643110609738],[-90.0335557383806,29.210402338951102],[-90.03372368826805,29.210294213628895],[-90.03393946480584,29.210155307053856],[-90.03427176428879,29.209941390247373],[-90.03451664569681,29.209783743556386],[-90.0346193424207,29.209717632555268],[-90.03511393007327,29.20939923393779],[-90.03536788358845,29.20923574348427],[-90.03941843992926,29.206646905621263],[-90.03950540878625,29.206591320464874],[-90.04183184044355,29.205104304244394],[-90.04322994421112,29.204038124060688],[-90.04343871003982,29.203205389248186],[-90.04345246029818,29.203150517865964],[-90.04356371441273,29.202706741616936],[-90.04352064317185,29.202373601333438],[-90.04329666800433,29.200641105268478],[-90.04319789502685,29.19982775624943],[-90.0431888753035,29.199753503012946],[-90.04306312566537,29.198717943037426],[-90.04302961897127,29.19844202892794],[-90.04343010388848,29.195975737306362],[-90.04424293818447,29.19432536820226],[-90.04449443997726,29.19381471217277],[-90.04607560069078,29.192044786899583],[-90.04612289692366,29.192019557351912],[-90.04626950437527,29.191941343658545],[-90.04667641987818,29.19172426267909],[-90.04698937548574,29.191512544814618],[-90.04713038146375,29.19141715213691],[-90.04824433851788,29.190795382089465],[-90.04824467510392,29.190795105748396],[-90.0486895344574,29.190431460539624],[-90.04898630643007,29.190188867127862],[-90.04898869920319,29.190186952385453],[-90.0490050177327,29.190173925064762],[-90.04900541325405,29.19017361074313],[-90.05243900218657,29.189201434916786],[-90.05314341130249,29.189001978201674],[-90.05368034070123,29.188849939522743],[-90.05380425937338,29.188814308547457],[-90.05402550903915,29.188750699018716],[-90.05586769554681,29.18789601796091],[-90.05642518026465,29.187637367946625],[-90.05746225295,29.187156201806516],[-90.05748830759124,29.18714410566316],[-90.05790698920045,29.186949849669453],[-90.05822183204991,29.18680376215279],[-90.0584982595612,29.186675507148767],[-90.05963089516834,29.18584345857679],[-90.06020270508691,29.18542339525825],[-90.06608942078348,29.181098521220402],[-90.06653186379116,29.180772969169002],[-90.06668839070728,29.180657799114496],[-90.06843705213058,29.179794484693254],[-90.06881912444065,29.17960584981841],[-90.06913187705113,29.17945143670872],[-90.06932013735359,29.179358491808976],[-90.07031368566389,29.178867945790078],[-90.07076088540933,29.178647146646902],[-90.07263367898047,29.177722453073518],[-90.0737081899988,29.177505529234423],[-90.07389129542912,29.17746856631954],[-90.07404117051766,29.177438306313668],[-90.07409280438904,29.177421397120256],[-90.07433065547367,29.177343502984414],[-90.07474387574732,29.177208175740475],[-90.07515303210455,29.17707417388605],[-90.07592909213788,29.17682001342513],[-90.0760737350807,29.17677263991846],[-90.07624306405623,29.176717183107524],[-90.07651818713438,29.17662707626718],[-90.07714812822306,29.176420760795292],[-90.07740768059487,29.17633575251349],[-90.0781303203604,29.17604980235451],[-90.07821802394497,29.176015099938642],[-90.07829278533761,29.175985515726445],[-90.07923253096146,29.175613650993004],[-90.08003101129046,29.175297679190837],[-90.08172092077474,29.174628929835247],[-90.0820640172079,29.17449315468519],[-90.08210710022189,29.174476101427995],[-90.08211803468454,29.174471771647735],[-90.08333059312213,29.173991903388515],[-90.08437724999963,29.173577675959617],[-90.08475423554003,29.17342847796697],[-90.08554818832826,29.173114248030426],[-90.08609640448944,29.172896956189238],[-90.08620247755215,29.172854911744427],[-90.08620916736346,29.172850631731936],[-90.0862234323253,29.17284149937962],[-90.08636206255636,29.172759778381465],[-90.08647908186789,29.172690793956754],[-90.08646608467058,29.172717826923527],[-90.08648946888644,29.172669591655577],[-90.08648971903403,29.172669070405558],[-90.08649236326434,29.17266361430656],[-90.08656826144838,29.17250701666906],[-90.08663932431882,29.172360554593325],[-90.08669870097486,29.17223816693229],[-90.08671460302747,29.172205389738416],[-90.08723971390344,29.171288284453297],[-90.08727823401351,29.171221001296562],[-90.08728152915144,29.171215241353327],[-90.08750432028981,29.170826140031657],[-90.08752607658217,29.170790175092797],[-90.08756081697527,29.170732756395434],[-90.08775533488317,29.17029093417635],[-90.08805169298196,29.169617793528868],[-90.08830863514403,29.168758431747268],[-90.08838877011699,29.16849042020294],[-90.08850847031317,29.167999650256636],[-90.08853941134113,29.1678730952161],[-90.08855213481573,29.16782106058625],[-90.08856768849395,29.167757472018597],[-90.08857774285465,29.16771638756719],[-90.08861182185954,29.167577074999016],[-90.08865714178548,29.16730372784678],[-90.08866873763058,29.167233766409012],[-90.08867429588297,29.167200151024506],[-90.08871954115747,29.166926407041267],[-90.08876644054928,29.16664726720402],[-90.0887832082933,29.16654746486018],[-90.08878391944576,29.16654322675739],[-90.08881964732645,29.166330567246302],[-90.08882155159093,29.166316447658534],[-90.08882158302306,29.166316234181778],[-90.0888223583495,29.166310478167613],[-90.08882638035517,29.166280659526066],[-90.08882852167046,29.166264740447147],[-90.08883141997674,29.166243264424494],[-90.0888674241967,29.16598439833008],[-90.0889217049031,29.16559410913989],[-90.08892159620021,29.165594178552585],[-90.08846643102405,29.16588166625989],[-90.08842837715599,29.16590446505363],[-90.088167134003,29.166170005250002],[-90.08784667266195,29.16649572755518],[-90.08751089600659,29.166968802512258],[-90.08701686367837,29.167863317241903],[-90.08630926426639,29.16978025986331],[-90.0857314154565,29.17051451642351],[-90.08568080313223,29.17057910951166],[-90.08558640712027,29.17069958636038],[-90.08538111058999,29.170872427879676],[-90.0848363663825,29.17133104012098],[-90.08429509411893,29.171786721313385],[-90.08357579533234,29.172127669892426],[-90.08345630990539,29.172184302788462],[-90.0830686950574,29.172368032936994],[-90.08285525366573,29.17246920127607],[-90.082568769173,29.172604989521172],[-90.08226791887357,29.17274758413871],[-90.08220665366485,29.172776623526442],[-90.0813962212595,29.173161581059794],[-90.08106366638812,29.173319540765355],[-90.0805289490317,29.17357352179368],[-90.08034318758583,29.17366175579852],[-90.0800433457342,29.173787574810845],[-90.07920972556069,29.174137376784838],[-90.0786192894608,29.17438513031837],[-90.0760308340589,29.1754712228111],[-90.07528320703652,29.17578490399313],[-90.07509557275735,29.17586362976996],[-90.07495680500966,29.175921853919608],[-90.0748777937277,29.175969186824357],[-90.07467265566586,29.17609206692697],[-90.07439661974837,29.17625741842686],[-90.07416706282753,29.17639492889057],[-90.07380866678989,29.17652326247746],[-90.0736848882532,29.17656758444471],[-90.07311228466398,29.17677261512528],[-90.07215422718365,29.17705434814351],[-90.0716514448981,29.1772021971765],[-90.07151838470611,29.177241328908792],[-90.0705241186869,29.177533695165568],[-90.07009482741118,29.17765947227236],[-90.06907570248225,29.177958063407058],[-90.06907254224048,29.177958989346205],[-90.06862369754795,29.178246560872374],[-90.06788745290295,29.178718264613803],[-90.06784903101669,29.178742881234115],[-90.06662552503158,29.179526745618844],[-90.0632513075673,29.18165356739556],[-90.06091493416683,29.182818821772884],[-90.06055955824462,29.183164701260708],[-90.06019962203999,29.183515024470154],[-90.0593115640078,29.18446802922096],[-90.0591314315422,29.184661334384632],[-90.05753685712912,29.185801940687934],[-90.05746252138049,29.18583471002558],[-90.05737676004168,29.18587252029608],[-90.05523410696786,29.186844579521978],[-90.05429053971929,29.187272630549316],[-90.05091263548584,29.18843034124047],[-90.05091220591302,29.188430443394992],[-90.05030081896435,29.188576410430787],[-90.04989608275315,29.18867303944813],[-90.0488361117298,29.188926091934135],[-90.04883559833785,29.18892621504344],[-90.04752533827038,29.189467852736737],[-90.04582121623135,29.190655235334646],[-90.04537369954852,29.190967042365063],[-90.04417591948554,29.191962553881606],[-90.04323860987019,29.192741556750374],[-90.04317179426683,29.192797089519257],[-90.0428445422673,29.19306905890381],[-90.04207437054735,29.193877022572966],[-90.04027733506958,29.195762162431347],[-90.04025068059876,29.195794519220414],[-90.04007130513173,29.196174218396198],[-90.03873773689766,29.198980391219685],[-90.03868305934932,29.19909544601981],[-90.03758932371863,29.20139681312465],[-90.03749068567814,29.201604353124782],[-90.03731682000216,29.20186353485466],[-90.03718356991385,29.202062175625823],[-90.0369270101606,29.20252353948193],[-90.03652846087098,29.203240234627497],[-90.03649306957044,29.20330387165371],[-90.03552365201998,29.20450585970567],[-90.0347670681663,29.205443940725278],[-90.03461636013066,29.205604032573433],[-90.03362556084731,29.20666459817525],[-90.0321419105466,29.208252663522178],[-90.03206809343042,29.2083316748043],[-90.03179920047624,29.208619678517163],[-90.03161906538983,29.20877622769998],[-90.03021032970021,29.210000509024116],[-90.02857309791585,29.211130199201992],[-90.02715294186487,29.21211006798762],[-90.0262067919493,29.21276234948857],[-90.02610318369184,29.212804518352293],[-90.02561113680085,29.213004794916447],[-90.02347931996007,29.213872446987477],[-90.02307515869587,29.213979969867218],[-90.02277752626132,29.214059151413704],[-90.02240154916743,29.214159169864658],[-90.02220325807512,29.214211918272138],[-90.02202975386369,29.214337815861093],[-90.022029295478,29.214337918015573],[-90.02185674470533,29.21437772554051],[-90.02185607939131,29.214377880081962],[-90.0192598864607,29.216011908447136],[-90.0148523262671,29.218785758628073],[-90.01258192242653,29.22004014150957],[-90.00978076954132,29.221587660721575],[-90.00703602689731,29.222894231478836],[-90.00703205727741,29.22289604799585],[-90.00465023558893,29.223985685768074],[-90.0027082820952,29.2248740385293],[-90.0014066986152,29.22545655767411],[-90.0000615488518,29.22605855559109],[-90.0000055930587,29.226083597855773],[-90.00000444840418,29.226084109938043],[-89.9994906334335,29.2263140532222],[-89.99665220596042,29.22850274525856],[-89.99615659152639,29.22888489615246],[-89.99594196750219,29.229050383856503],[-89.99594106382759,29.22905108191238],[-89.9957848656396,29.229171118712827],[-89.99578465740159,29.22917127718329],[-89.99525097076427,29.229583016217305],[-89.9952505634559,29.229583330538922],[-89.99508074728871,29.229812155351535],[-89.99463261506332,29.230222516606613],[-89.9946020590754,29.23025049777741],[-89.99428915847707,29.230537025489856],[-89.99386421794651,29.230923807386336],[-89.99384940816076,29.23093728523461],[-89.99358725609342,29.231175894619167],[-89.99306547962436,29.231556413661004],[-89.9926998803888,29.231823038270065],[-89.99265559378553,29.23185533350506],[-89.99238744603183,29.232050883451418],[-89.99163439304199,29.232600053058817],[-89.99126151988077,29.232871970057865],[-89.9909742783998,29.23308143790287],[-89.99068057630025,29.233295007644784],[-89.9906764442809,29.233297333624673],[-89.98468198302845,29.236669061498013],[-89.98092679464345,29.237847764954154],[-89.98092638340599,29.237847893302146],[-89.97908279945263,29.23810119726963],[-89.97880344874675,29.238139577253964],[-89.97880341600487,29.23813958511199],[-89.97783647892737,29.238130025836345],[-89.97753198249175,29.2381364235997],[-89.97701641516933,29.23814725199426],[-89.9770143825563,29.238147296523255]]]}},{"type":"Feature","properties":{"id":"flood-zone-2","flood_zone_code":"VE","zone_subtype":null,"sfha":true,"risk_level":"High","static_bfe_ft":13},"geometry":{"type":"Polygon","coordinates":[[[-89.96388227629662,29.244775371398124],[-89.96355991199415,29.24495072094538],[-89.9627063795476,29.24532170950488],[-89.96203672392735,29.24561276869788],[-89.96185285103014,29.245692690206283],[-89.96171354238756,29.245757564876946],[-89.96154416888444,29.24584791662304],[-89.96153819415468,29.245851108297035],[-89.9615264555527,29.245858219823344],[-89.96136837536312,29.245954036835702],[-89.96124931820047,29.246038663998302],[-89.96123501656783,29.246048825753796],[-89.96121012884572,29.24606652206001],[-89.96120367084663,29.246071202832557],[-89.96116804642271,29.246097030900568],[-89.95990925129657,29.24707553500177],[-89.95953466114841,29.247217794345293],[-89.95910056861157,29.24738264817423],[-89.9583829946592,29.247588937455394],[-89.95772727395938,29.247777438752035],[-89.9575403560707,29.24783661372598],[-89.95735344080195,29.24790903342595],[-89.9572629580908,29.24794963330069],[-89.95717037990227,29.24799117614024],[-89.9569948653409,29.2480845506125],[-89.95682705951728,29.248187479151095],[-89.95666679872227,29.248300130703953],[-89.9566452991252,29.248317544120706],[-89.95651608806574,29.248422172614045],[-89.95637309400493,29.24855192457053],[-89.95635012757388,29.248574724673535],[-89.95587971518772,29.24904409064007],[-89.95490273819345,29.250018876570163],[-89.95490249590391,29.250019121479077],[-89.95470224554613,29.250218921313174],[-89.95465077800473,29.250272227636973],[-89.9525603324883,29.252467617319688],[-89.95251954402309,29.25251246053434],[-89.95250299892032,29.252530650587158],[-89.9523828036539,29.252675488669535],[-89.95234089541833,29.2527289639409],[-89.95226915544475,29.252825418761525],[-89.95062997752852,29.255029299042295],[-89.9499008287081,29.25586298338394],[-89.94894018858427,29.2569613238916],[-89.94885542783837,29.257062404478688],[-89.94884094678075,29.2570796790698],[-89.94881979424758,29.257108837636594],[-89.94873030427209,29.257232229817934],[-89.94872615915615,29.257237774974776],[-89.94871890356616,29.257247483583075],[-89.94812684742581,29.258136956073574],[-89.94749246264516,29.259089992248825],[-89.94740462154914,29.259231147528997],[-89.9473474254986,29.25933689448112],[-89.94731694547283,29.259393251033327],[-89.9472425141234,29.25956105947415],[-89.94724248662024,29.259561414395627],[-89.94693534086903,29.263408700181696],[-89.94677715336172,29.2653900053704],[-89.94716769269529,29.264829382681263],[-89.9475477847651,29.26428376099031],[-89.94754828375062,29.26428303936031],[-89.94832265689053,29.263170994437044],[-89.94847573019386,29.262951171009483],[-89.94880080419885,29.262484328787906],[-89.95009789544818,29.26062153720976],[-89.95017802780959,29.260549118822723],[-89.95017829498293,29.260548869984788],[-89.95036972469163,29.2603744725741],[-89.95096944505417,29.259828108291575],[-89.9534916007844,29.256788635470482],[-89.95527439355402,29.254640039114225],[-89.95638778613181,29.25383747652713],[-89.95786173046446,29.252774976522943],[-89.95864700272784,29.252208895103333],[-89.961055562682,29.250472556376106],[-89.96206371516156,29.250017970056184],[-89.96206432415966,29.250017696334474],[-89.97136296421759,29.245824284576564],[-89.97492382586967,29.244148588925945],[-89.97636009091521,29.243472654710267],[-89.9764001551323,29.243458324263933],[-89.97652035171244,29.243415322447426],[-89.97885750831698,29.242726418509488],[-89.98160791400859,29.241915636362585],[-89.98161873191034,29.2419124473078],[-89.98857832690673,29.240718696916822],[-89.9901808510717,29.24044376763143],[-89.9930936392576,29.2402351378967],[-89.99680305197577,29.239969352685442],[-89.99705099933479,29.239951585649983],[-89.9970659230626,29.23995051695613],[-89.99760537751622,29.239911931345127],[-89.99761778667124,29.239911044695912],[-89.99873140061266,29.239831387712943],[-89.99883000984764,29.239808123983266],[-89.999203368905,29.239720034036694],[-89.99930640221656,29.23969572518764],[-89.99945185584775,29.23966140388497],[-90.00000495840371,29.239530904092394],[-90.00000559097597,29.23953075347997],[-90.00006165678211,29.239517527087695],[-90.00179157024965,29.23910934901862],[-90.0018263983929,29.23910113212736],[-90.00182700739099,29.23910098806323],[-90.00211661545553,29.238986077319996],[-90.00287240698226,29.238686196165062],[-90.00362006674725,29.238389532877704],[-90.00408082946929,29.238150353779165],[-90.00488440573336,29.23773321626357],[-90.00575831407457,29.2372795637448],[-90.00596498969352,29.237172275302626],[-90.00601643759089,29.237145568443335],[-90.00644652645387,29.23692230056648],[-90.0069711540861,29.2366499513706],[-90.0070424238872,29.236559979432787],[-90.00711616111272,29.236466890472503],[-90.00732727258874,29.236195262916176],[-90.00756783992671,29.235885736033335],[-90.00818049592324,29.235097452829567],[-90.00860448168388,29.234259265840592],[-90.00890836647822,29.23365849380981],[-90.00891475113534,29.233645873797787],[-90.00880976508643,29.233309290385076],[-90.00880410729678,29.23329115271987],[-90.00914414825468,29.232971151067],[-90.00933337116366,29.232793081332485],[-90.01019838549868,29.231979028989333],[-90.01090981182578,29.231309501717686],[-90.01220927753452,29.229990131567728],[-90.0132165433424,29.228967401116982],[-90.0134426283156,29.228737842885607],[-90.01353816505394,29.22864083276283],[-90.01355723520695,29.22862147317173],[-90.01907714146827,29.22301627301484],[-90.0218317982959,29.22061640402133],[-90.02200305510694,29.22046719817698],[-90.0226548507005,29.21989932512849],[-90.02297187938966,29.21962310978344],[-90.02506539088309,29.218227525791413],[-90.02636521022167,29.217360998755282],[-90.02829724294722,29.216664799949626],[-90.02832031677221,29.21666035229848],[-90.03039295604101,29.216260875688242],[-90.03046946846753,29.216246128764652],[-90.03934825615806,29.21453442741312],[-90.04265874104719,29.213896049331268],[-90.04328526782086,29.213775218854444],[-90.04393489198941,29.213545224488865],[-90.04425907674018,29.213430464356986],[-90.0458656805257,29.212861664030594],[-90.04586588745411,29.21286159199853],[-90.04620114941909,29.212672046902128],[-90.04877072324577,29.211219239340576],[-90.04978549741399,29.210272481727515],[-90.05108152392482,29.209063282604458],[-90.05130759056335,29.20885235840467],[-90.05142201802873,29.208718260953095],[-90.05150284713545,29.208623542759007],[-90.05162038114584,29.2084858096543],[-90.05181872068887,29.208253384548918],[-90.05336268012903,29.206442727128014],[-90.05347772445049,29.206307804582238],[-90.05378079070884,29.2059523841261],[-90.05393216536754,29.2057748500491],[-90.05420592637618,29.205453788872614],[-90.05492597820495,29.20460930889444],[-90.0551527062263,29.204343392822846],[-90.0551673863541,29.20432224290844],[-90.05522261265698,29.20424265406104],[-90.05610699966194,29.202968218814377],[-90.05629349844672,29.202699471230403],[-90.05648470812625,29.2024239172742],[-90.05784796014038,29.200459324789414],[-90.05844405007583,29.19960026160298],[-90.05996530631313,29.197407817393263],[-90.0605827216586,29.19651795854841],[-90.06058300978674,29.1965175407626],[-90.06111894772675,29.19546075096283],[-90.06119771802571,29.19533476431905],[-90.06122728389984,29.195287465467313],[-90.06133694546223,29.195112071397716],[-90.06273980198755,29.19286815703137],[-90.06402860168689,29.190806575383757],[-90.06442653281387,29.19017002307583],[-90.06443382507466,29.190158353886584],[-90.06443551979189,29.19015596111344],[-90.06527816882007,29.188965947408267],[-90.0665038750187,29.187234907655686],[-90.0666507430902,29.187027484214976],[-90.06668654693833,29.18697692034758],[-90.06728831431698,29.18634897651594],[-90.06734193234198,29.18629302858107],[-90.06852703737658,29.18505634465773],[-90.06861673428159,29.18496274492437],[-90.0686701755015,29.184928113231955],[-90.06879017955829,29.18485034220906],[-90.06880575812241,29.184840251175828],[-90.06913052698367,29.18462977881034],[-90.06950554931996,29.18438673879758],[-90.06950649359443,29.184386486030622],[-90.06953715173768,29.184378254733033],[-90.0697952123922,29.184308938956637],[-90.06992428724838,29.18427426797171],[-90.07013849218139,29.184216732707863],[-90.07040605189664,29.18414486306829],[-90.07233450267246,29.183626847933223],[-90.07321600712764,29.183390048498197],[-90.07706489871714,29.182356041673543],[-90.07768889389027,29.182188390376744],[-90.07935311937914,29.181741242981094],[-90.07989857474672,29.181470424792646],[-90.07998102654084,29.18142948178378],[-90.07999545652157,29.18142231918014],[-90.08148960126844,29.18068044946111],[-90.08186845047243,29.1804923397653],[-90.0829447648983,29.179957909211357],[-90.08502180333454,29.17892592850552],[-90.08550684478055,29.178671115836245],[-90.08696260561975,29.17790633076488],[-90.08728005602804,29.177739553029525],[-90.08728021187919,29.17773945873301],[-90.08721554282353,29.177620824599476],[-90.08701006029783,29.177243854794565],[-90.08688680823906,29.177017735776005],[-90.08688962795217,29.17667582853805],[-90.08689059841548,29.1765576881493],[-90.08689344694282,29.176250864439417],[-90.08689514820125,29.17606804321591],[-90.08688204098407,29.17591177954784],[-90.08686143719412,29.175691272476104],[-90.08682925457708,29.175346887337337],[-90.08673941097932,29.175206754917554],[-90.0866057810696,29.174998324346664],[-90.08642457465287,29.174713862004154],[-90.08641266579234,29.174695165108645],[-90.08642366181058,29.174714345273618],[-90.0864237626554,29.17471452207954],[-90.08606803704417,29.174901817157792],[-90.08584768843579,29.175017833263155],[-90.08538037996668,29.175263873740285],[-90.08528026460846,29.17531682252471],[-90.08491887073109,29.17550795363623],[-90.08478946059863,29.175545652585832],[-90.08444606031988,29.17564568937119],[-90.08443268724541,29.17564958695932],[-90.08402804533158,29.175767458877353],[-90.08400699102296,29.175773630058565],[-90.08390685732837,29.175802987698084],[-90.08329610688236,29.17598205541656],[-90.08281700087144,29.176122524439855],[-90.08279089908176,29.176130174242292],[-90.08171795312705,29.176444736844417],[-90.08128917000451,29.17657044453851],[-90.08052928443504,29.17677118997382],[-90.08001792378856,29.176906278860223],[-90.07967127420983,29.176997851227178],[-90.07960692471987,29.17701485209813],[-90.07959231400422,29.17702300612447],[-90.07921555634948,29.177233240131095],[-90.07889362554916,29.17741287492923],[-90.07882504319574,29.177451143584864],[-90.07843559480642,29.177668455066257],[-90.0772608728391,29.178323928247963],[-90.07719025001468,29.178363336319435],[-90.07681767807229,29.178481646977076],[-90.07642163154496,29.178607414915117],[-90.07561251404663,29.17886469108985],[-90.07525628944687,29.17897795688544],[-90.07451175848924,29.17921469083265],[-90.07421383661749,29.179309416891414],[-90.07380375563069,29.17943980273791],[-90.07348813090441,29.179540152534344],[-90.07290251309351,29.17980563249566],[-90.07277728474887,29.17986240159788],[-90.07274439754184,29.17987730960992],[-90.07253186899227,29.17997365573196],[-90.07232981521003,29.180065247739595],[-90.06959909130714,29.181303094700066],[-90.06924265192285,29.181464659936996],[-90.06909593838724,29.18153116646076],[-90.06909550750468,29.181531360292396],[-90.06884130646085,29.18168339110462],[-90.06845090070095,29.18191687443185],[-90.06692677098933,29.18282837827491],[-90.06447739114488,29.184777648925124],[-90.06419930035213,29.184998953597017],[-90.06259902756415,29.18648674381207],[-90.06221188813231,29.186788581607566],[-90.0611360452009,29.18762735665976],[-90.05975705479557,29.18842464127149],[-90.05967061635533,29.188455672673093],[-90.05918876396066,29.188628658264854],[-90.05774104057188,29.18901975818547],[-90.05594043617569,29.189431646561037],[-90.05586499899093,29.189444722341428],[-90.05579729280792,29.18945647273228],[-90.05569010521225,29.189475042593138],[-90.05469540437673,29.189647487305564],[-90.05427914172932,29.18971964507783],[-90.05380732405048,29.189856760027585],[-90.05223742778526,29.190312970359507],[-90.05211424253025,29.190348767663313],[-90.05211342660375,29.19034900340453],[-90.05051550987747,29.19081332978269],[-90.04914545666722,29.191211420736956],[-90.04902821470976,29.19124548796214],[-90.04823907631453,29.19241058120234],[-90.04749465802304,29.193509609281765],[-90.04739871270779,29.1946424766798],[-90.0473653776075,29.195036081962115],[-90.04719727194363,29.197020957320568],[-90.04710714419473,29.198086558588532],[-90.04701842696338,29.199135504741303],[-90.04682913734302,29.20137351768274],[-90.04696257753817,29.206304087929194],[-90.04657922834168,29.207626560667084],[-90.04622832236909,29.208837100866607],[-90.0461932755112,29.208864551619794],[-90.04469661096982,29.210036722356115],[-90.03976620691223,29.212901656401193],[-90.03733427711151,29.21374471019769],[-90.03192940321304,29.214907389851536],[-90.03186809085547,29.214920578263456],[-90.0290676844465,29.215522891856246],[-90.02902579847363,29.215531898480798],[-90.02861646792792,29.21561989937066],[-90.02771762339569,29.215813133833933],[-90.02768998273979,29.21581907320319],[-90.02723171755925,29.215917585532384],[-90.02708962062076,29.215948134975868],[-90.02530793707419,29.216331130648456],[-90.02224718070116,29.216989012377304],[-90.02224391306615,29.216990088928846],[-90.0222347702366,29.216993106416353],[-90.02222991527752,29.216994708146956],[-90.02037862261751,29.21801489785733],[-90.01920119486465,29.21866371396987],[-90.00831007982755,29.22466616570329],[-90.00796306747328,29.224858785912936],[-90.0066233698857,29.22560254286653],[-90.0051973739937,29.226394182787956],[-90.00432610857168,29.22680749213057],[-90.00423227964527,29.226852001380216],[-90.00397864176867,29.22719901373235],[-90.00347120233002,29.22848463095802],[-90.00347116173012,29.228485141730577],[-90.00335302008756,29.230033440115907],[-90.00326501532011,29.231121244275084],[-90.00323466365509,29.2314964185251],[-90.00318475071025,29.231907583907407],[-90.0030153969043,29.23330254967457],[-90.00267207390625,29.233655429365804],[-90.00102402162312,29.235349248216536],[-90.00039269490539,29.23569055826278],[-90.00006161866483,29.236091513440716],[-90.00000559215103,29.236159366305877],[-90.00000481682443,29.23616030141263],[-89.99983194518856,29.236369656622212],[-89.99801410812626,29.237186266786548],[-89.99795523830997,29.237212713021094],[-89.9956391792194,29.23754449131686],[-89.99551681774814,29.23756202391693],[-89.99540837024655,29.237577557955166],[-89.99512254058668,29.23761850097031],[-89.99491629191819,29.237648044586702],[-89.99487139762546,29.237654477703256],[-89.9947457606612,29.237672471308414],[-89.99234941597503,29.238015698770557],[-89.99032086946639,29.23810408606377],[-89.98797020617721,29.238206471155017],[-89.98708209834582,29.238369038308345],[-89.9860323061012,29.238561192295855],[-89.98582229605206,29.238623587757154],[-89.9855250342554,29.23871190034587],[-89.9850710700414,29.23879202879096],[-89.98371939678027,29.239026891233728],[-89.98365570212678,29.23903795666528],[-89.983499295697,29.23906477877905],[-89.98349935463233,29.2390652712162],[-89.98349980254078,29.2390687863793],[-89.98350303350595,29.239094365608196],[-89.98350315268628,29.239095287618213],[-89.98266282828702,29.239251594531744],[-89.98120717744027,29.23952233678713],[-89.98120711981467,29.239522349883863],[-89.98120667714508,29.23952243108364],[-89.98070383592562,29.23970725481293],[-89.97901145639517,29.240329275025893],[-89.97792637108566,29.240840364582887],[-89.9778168627501,29.240891947378387],[-89.97720129794914,29.241181878941006],[-89.97583550117477,29.24152249619263],[-89.97421063136808,29.241927702609825],[-89.97173728183128,29.242616085302007],[-89.96948223388559,29.24324366509531],[-89.96388227629662,29.244775371398124]]]}},{"type":"Feature","properties":{"id":"flood-zone-3","flood_zone_code":"VE","zone_subtype":null,"sfha":true,"risk_level":"High","static_bfe_ft":11},"geometry":{"type":"Polygon","coordinates":[[[-89.92278293738178,29.342811142204084],[-89.92599626284571,29.34220796814259],[-89.93040259464419,29.341380715492758],[-89.9314116075668,29.340619639429665],[-89.93557339060395,29.339694609199068],[-89.9415413375673,29.337518843541243],[-89.95559676360237,29.332393132847027],[-89.95801876213346,29.33113118528775],[-89.96102620297773,29.329564096930827],[-89.96585638560563,29.327046980681704],[-89.96903829201895,29.32678119548616],[-89.96989814234168,29.32670935726031],[-89.9739226350118,29.32757135397199],[-89.9751557658588,29.32858741156795],[-89.97645733106997,29.329659827022702],[-89.97645748954046,29.329659956680405],[-89.97766096691628,29.33447217957502],[-89.97895421064564,29.340078528104005],[-89.97938528970603,29.34194716470014],[-89.97934617502143,29.34243799095966],[-89.97915059897882,29.3448920646319],[-89.97847858469416,29.34660111888159],[-89.97838631166736,29.346835783524924],[-89.97837812097104,29.346856612569148],[-89.977163080788,29.349460203814253],[-89.97473517827565,29.351367591112098],[-89.97421432649783,29.35327682237084],[-89.97374571236894,29.35561822878745],[-89.97369364107651,29.355878396697523],[-89.97369365286356,29.355878501471395],[-89.9756028717103,29.37079953322677],[-89.97598257488723,29.372241559466584],[-89.9764655484526,29.3743006566085],[-89.97663294700075,29.37501433162964],[-89.97683887090702,29.37589221610585],[-89.97864607227675,29.379152745926707],[-89.97914674210175,29.380056011862123],[-89.97976841134734,29.381178125509866],[-89.98001846337039,29.38162946249139],[-89.98351271138955,29.386962534522475],[-89.98687720999791,29.39052920435487],[-89.98976695597116,29.39476927677458],[-89.99112499568008,29.397636055954226],[-89.99247347736527,29.399821891462636],[-89.99259854463054,29.400022966908356],[-89.99264312722417,29.400094634848656],[-89.99383660118976,29.401788824248207],[-89.99553471590244,29.404199255617886],[-89.99650454869031,29.404763339730962],[-89.99815154810275,29.40572124520009],[-90.00000538158432,29.406074845143173],[-90.00000562649322,29.406074893601048],[-90.00006137274002,29.40608552290773],[-90.0032047590755,29.40668502706727],[-90.00341203584038,29.40672455692966],[-90.00505716500575,29.406857666832813],[-90.00933034759949,29.407203310435328],[-90.00933066846947,29.40720333400942],[-90.01187931242941,29.40633577491191],[-90.01318991170598,29.405889624188138],[-90.01803192726653,29.40424116708248],[-90.02218801053594,29.401635734345923],[-90.0255885249015,29.398793855836786],[-90.02607704745296,29.39838556386436],[-90.02629145931023,29.39822631413419],[-90.02959241887147,29.395774434068958],[-90.03122509823613,29.394782843700888],[-90.03245333607218,29.39403686161577],[-90.0331267308068,29.393676290203196],[-90.03312886426859,29.393772035178515],[-90.0331289114169,29.393774099223645],[-90.03311533137698,29.392864495764247],[-90.03311197336538,29.392639436267824],[-90.03305674574591,29.392546947141927],[-90.03304961326434,29.392535004231437],[-90.03231731066752,29.391308661548347],[-90.03224075632569,29.391180453703537],[-90.03202370676507,29.390817515739023],[-90.03173109167636,29.390581486428115],[-90.0304418845442,29.389541558729125],[-90.03025874767425,29.389393834136285],[-90.02952791061816,29.388568457098064],[-90.02952788835371,29.388568349704848],[-90.02952633900983,29.388560697283847],[-90.02952631805506,29.388560595129327],[-90.02952292207135,29.38854387845959],[-90.02930408089448,29.38859612002422],[-90.02889236281469,29.388694403159246],[-90.02815835377054,29.388874594581395],[-90.02770414464891,29.388986094940584],[-90.0266751002522,29.389238637963043],[-90.02604083854914,29.389394291343386],[-90.02498035675353,29.38965564061004],[-90.02449403968076,29.38978723659717],[-90.02378616254956,29.389979686560505],[-90.02290131318874,29.39022024475824],[-90.02243031012605,29.390339829731136],[-90.02202975701174,29.390441525874422],[-90.02172834747937,29.3905235035736],[-90.019363309238,29.39118148088774],[-90.01893774005329,29.391291592992353],[-90.01844196844841,29.39141986502894],[-90.01701894026102,29.391826514700174],[-90.01639929844247,29.39200357992864],[-90.01605120560377,29.392096777600337],[-90.01553713655287,29.392234417730553],[-90.0130995070456,29.392873285603986],[-90.01295009689156,29.392915722952193],[-90.01271208471672,29.392983325675427],[-90.01270287378411,29.392985942402927],[-90.00949645816954,29.393882302546164],[-90.00948114677847,29.393886338959714],[-90.00932295264523,29.393928067774898],[-90.00726687420364,29.39451748368286],[-90.00720015420437,29.394521336743765],[-90.00720004026279,29.394521355079196],[-90.0068781710122,29.394578027271713],[-90.00541962185797,29.394834816268357],[-90.00418836258389,29.395051577713225],[-90.0031448502105,29.394933703220683],[-90.00155426762889,29.394754018714345],[-90.00048238638675,29.393792613780228],[-90.00048239293508,29.39379210300767],[-90.0004863219427,29.393484971524703],[-90.00049676393529,29.392668007804573],[-90.00049798847597,29.392571961604293],[-90.00050149838944,29.392297283825393],[-90.00087739030303,29.390926588917964],[-90.00189959937381,29.387198906405654],[-90.00240773428158,29.386735158936542],[-90.00542928418801,29.38397740599301],[-90.00592023356265,29.383529303881513],[-90.0063665204438,29.38276667849255],[-90.00655591360432,29.38244303464303],[-90.00814360692937,29.379729810635872],[-90.00867977537699,29.37881350687073],[-90.01011454208393,29.376361433031672],[-90.01091167733648,29.375010000785792],[-90.01091172972343,29.375009911728068],[-90.01413517614553,29.36954459653793],[-90.01640374897515,29.36613909754476],[-90.01958827717156,29.36135815082299],[-90.01850499909084,29.35888062749062],[-90.01792002557909,29.35765686223974],[-90.01757233215757,29.356929474944845],[-90.01757225881589,29.356929321713043],[-90.01761881246033,29.35681524654887],[-90.01763143771025,29.356784312065383],[-90.01763145342633,29.356784183717398],[-90.01813843829285,29.352653894555228],[-90.01824930210593,29.351750698013575],[-90.01839746278455,29.35054356166165],[-90.01847448857828,29.349916008129007],[-90.01881380919399,29.34905808436651],[-90.01941292575773,29.3475432599066],[-90.01945098212853,29.344630716769473],[-90.01943388040195,29.34433516803769],[-90.01669685156072,29.341334781270035],[-90.016592914572,29.341296477258563],[-90.01641253980644,29.341230007415753],[-90.01372128151024,29.340226695605608],[-90.0096624217376,29.340249491904533],[-90.00744893758396,29.34082783583923],[-90.00596800873659,29.34121475397436],[-90.00341925211653,29.3413881482483],[-90.00229623079132,29.3414645310486],[-90.0022039918068,29.341470797838152],[-90.00006148014445,29.341616305226168],[-90.00000561602765,29.341620100661082],[-90.0000044189862,29.341620181860886],[-89.99954394700335,29.341651450324886],[-89.99822667620897,29.341066491339706],[-89.99746241106992,29.340727092150033],[-89.99642168959663,29.340264915027078],[-89.99381885256352,29.33867420164745],[-89.99360289920892,29.338542216709186],[-89.99329741527183,29.33835551755264],[-89.99219768377607,29.336154975714397],[-89.99146446046942,29.334687761848667],[-89.9906297073471,29.333018932950978],[-89.98896011073508,29.32968090975668],[-89.98828486531397,29.327113699984288],[-89.98777798890588,29.325186513136366],[-89.98722639631359,29.3230892141361],[-89.98724305797042,29.322900422111633],[-89.98726646313229,29.322635246011803],[-89.98752679857733,29.31977970115856],[-89.98774708422889,29.31736336572119],[-89.98847500584169,29.31545077383419],[-89.98913361823821,29.313720250110606],[-89.99199855476914,29.31053696860401],[-89.99217121424182,29.310425240370403],[-89.99299766525591,29.30989044442515],[-89.99299801231935,29.30989022178072],[-89.9993065212989,29.30264481427632],[-89.99965003943653,29.302250235897308],[-89.99965012456526,29.3022501376718],[-89.9994650310334,29.301855124497543],[-89.99929156345154,29.300952058931788],[-89.99918281601134,29.300385943488358],[-89.9991343161717,29.299989002470824],[-89.99910489304042,29.299748195463486],[-89.99908008258025,29.299545117524108],[-89.99902589089828,29.299101637266443],[-89.99903167569374,29.29831059329016],[-89.99903191536265,29.298277931348025],[-89.99903235148147,29.298217891995417],[-89.99915410655514,29.297732220607337],[-89.99935973178741,29.296911966981575],[-89.99960330217793,29.29589644630598],[-89.999875735163,29.29520631657737],[-89.99999844631158,29.295053930847764],[-90.0000040058747,29.29504704065644],[-90.00000560367613,29.295045060430358],[-90.000017710296,29.295030045025733],[-90.00004119928619,29.29499300615473],[-90.00006157387327,29.29496087724896],[-90.00014893039028,29.294823666704833],[-90.00024512851151,29.294672559217194],[-90.000522584104,29.29423528680062],[-90.00110266851901,29.293321071962897],[-90.00148628360762,29.292716260897286],[-90.00149085436735,29.29270904721666],[-90.00265214952256,29.29103316304706],[-90.00352572256287,29.28997135718836],[-90.0041474991259,29.289217797352258],[-90.00426462189914,29.289086592968935],[-90.00435913709192,29.288980704570978],[-90.00469618544388,29.288603117893356],[-90.00498346097184,29.28828129186725],[-90.00605348370034,29.287082372376815],[-90.00736666691968,29.285566200240805],[-90.00785036593835,29.285007718864694],[-90.00794010606221,29.28490409489197],[-90.00794012963631,29.2849040700082],[-90.00804147346537,29.284782647575113],[-90.00832315013908,29.284445143450228],[-90.00840330345429,29.284349106415156],[-90.00890362484552,29.283749625716265],[-90.00890367723248,29.283749562851934],[-90.01072037479825,29.280924847659634],[-90.0107204664754,29.280924707524612],[-90.01072809925121,29.280912841884334],[-90.01095319934515,29.280562823832955],[-90.01098412204081,29.280513502845615],[-90.01108443646504,29.280353481721413],[-90.01143568166884,29.279793179903546],[-90.01167423079725,29.279412654322094],[-90.01169938569174,29.27937252462209],[-90.01229637798826,29.278420084349523],[-90.0125423241513,29.278028205210177],[-90.01274411991876,29.277706675172833],[-90.01279781390363,29.27762260331374],[-90.0135987707874,29.27636844181228],[-90.0136501060507,29.276288355289104],[-90.01366085584894,29.276271579683595],[-90.01368828433631,29.276228790037113],[-90.0137625585283,29.276145202756503],[-90.01511213364104,29.274626337931053],[-90.01565607371205,29.274242581376207],[-90.0168440823083,29.273404398292815],[-90.0169720910881,29.27331408190923],[-90.01810072827995,29.272920982127136],[-90.01812159923429,29.272913712130038],[-90.01854582469262,29.27276595477654],[-90.01915915650352,29.272552324779824],[-90.01963054329882,29.272388022322215],[-90.01965115493778,29.272380841382926],[-90.01976486732548,29.272346966679812],[-90.02156601392159,29.2718104327681],[-90.02261147114257,29.271498989808475],[-90.02304745877831,29.271375719416096],[-90.02425745157132,29.27103360128362],[-90.02561809608875,29.27064887030672],[-90.02574575387827,29.27061277439729],[-90.02749963174413,29.270089861089264],[-90.02785858701311,29.269982837196387],[-90.02813013730274,29.26990187056594],[-90.02875015891709,29.269488448599155],[-90.02958018140971,29.26893498588041],[-90.02972974872229,29.26883525687422],[-90.02973169620645,29.268833016023166],[-90.03003218240862,29.268487532058366],[-90.0303012744322,29.268178146619405],[-90.0303445643733,29.268128376413735],[-90.0305151467007,29.267932653593505],[-90.03052882885757,29.267916954539423],[-90.03057976205206,29.26785851429636],[-90.03079176671703,29.26738205383767],[-90.03096801206401,29.266985952313753],[-90.0310176984473,29.266874751882323],[-90.03111924396178,29.266647488202366],[-90.03118915431922,29.26649102284206],[-90.03124255755367,29.266333377466648],[-90.0312825366378,29.26621535625706],[-90.03129662217307,29.266173953554947],[-90.03137973272477,29.26592959340044],[-90.03163030071131,29.26519360153335],[-90.03169387486787,29.26500685652682],[-90.03249595672504,29.26285380076352],[-90.03249639415591,29.26285262467695],[-90.03254367990733,29.262725696378986],[-90.03267422289962,29.26249778440991],[-90.032955270924,29.262007095658543],[-90.03336725484252,29.26128548661846],[-90.03359785818178,29.26088156896269],[-90.03363768010703,29.26081181707177],[-90.03381539753366,29.260587109871757],[-90.03534678148493,29.258650740841357],[-90.03540348771926,29.258584729376846],[-90.03569478656308,29.258245635308302],[-90.03605186636746,29.257829905705254],[-90.03611341315424,29.257758248239018],[-90.03612372028307,29.257746243773358],[-90.03612376743133,29.257746186147706],[-90.03735223966427,29.25612826942553],[-90.03852584576124,29.254756478296482],[-90.03876066887325,29.25448199434203],[-90.03889866390958,29.254320692356234],[-90.03908499898681,29.25409388836901],[-90.04020644996201,29.252728847297742],[-90.0402064931812,29.252728794910794],[-90.04055096345044,29.252310338568314],[-90.0406008698609,29.252249713790214],[-90.0408667400854,29.251874048405554],[-90.04086674139508,29.251874011734724],[-90.0408610966915,29.251589393535742],[-90.04084876478231,29.250967256814384],[-90.04084194268005,29.25062325933825],[-90.04069331699444,29.250018411618157],[-90.04069324496241,29.25001811825132],[-90.03999318776917,29.247169074645356],[-90.03965921186993,29.246521840664656],[-90.03888493423189,29.245021296924143],[-90.03831146360557,29.24439130218026],[-90.03780165751347,29.24383123220103],[-90.03766804855758,29.24360039573958],[-90.03736012468532,29.243067881280155],[-90.03665333583608,29.241845557982625],[-90.03623558138861,29.23986189409026],[-90.0362355812968,29.237563578557992],[-90.03650493523443,29.236737583322505],[-90.03780165445194,29.232760912262926],[-90.03815240195928,29.231683707281636],[-90.03815251982988,29.231683332715086],[-90.03850154514275,29.231257867001],[-90.0406952884494,29.227159709309884],[-90.04102788259254,29.226538351833494],[-90.0412857978569,29.22605650206779],[-90.04133781284001,29.225959330856497],[-90.04146098761423,29.22583808260932],[-90.04163949084686,29.225662370286994],[-90.04182258186508,29.22548214090137],[-90.0424695499999,29.224845286051327],[-90.04256040072733,29.22475585369833],[-90.04276915216663,29.224350939381807],[-90.04316665502499,29.223579890175508],[-90.04350232820902,29.222928763825106],[-90.04373535837111,29.222476736630682],[-90.04436669945996,29.221252046712365],[-90.044401066588,29.220988689748296],[-90.04498740076812,29.220168918070495],[-90.04506675518199,29.220057959927683],[-90.04506686781386,29.22005726842018],[-90.04516582539843,29.219442620407193],[-90.0451944967604,29.21926453103246],[-90.04522115122597,29.219100413252477],[-90.04538526766336,29.21808569802821],[-90.0450285178525,29.2173937819245],[-90.04497200937185,29.21728418977507],[-90.04476346744802,29.21687972337967],[-90.04471756732238,29.216790695719904],[-90.04471744159375,29.216790609281443],[-90.04411675203512,29.21638635113609],[-90.04355231554561,29.216006819621285],[-90.04110723134772,29.21589619028393],[-90.04110697727111,29.21589617980656],[-90.04063247344946,29.215964489760477],[-90.03712569471247,29.216469279863187],[-90.03192308936991,29.217218003216406],[-90.02837552874989,29.21861794977471],[-90.02669929751531,29.219821121792986],[-90.02583647949471,29.220440421788947],[-90.0234754633014,29.222134998962385],[-90.02304672079266,29.22261020476077],[-90.02298425854408,29.222679436712056],[-90.02156815071692,29.224248953154166],[-90.02129146258773,29.224555605305188],[-90.02119672213105,29.22466060836407],[-90.02049549816373,29.225437763276616],[-90.01985699837961,29.226145386322653],[-90.01882534907803,29.22728869839382],[-90.01638586646811,29.23006545729868],[-90.01631017389995,29.230151612848683],[-90.01606263647929,29.230433357632236],[-90.0160103883728,29.230492825968888],[-90.01595798703457,29.230552469801744],[-90.01579514225693,29.230737818699623],[-90.01518240636675,29.23143523022224],[-90.01428737957899,29.23279852680189],[-90.01347880170482,29.23403010953621],[-90.01255495817603,29.235437223855968],[-90.01254292227866,29.235455554043686],[-90.01254260533771,29.235456030764766],[-90.01235188023522,29.235680313631022],[-90.01184076451617,29.236281358080237],[-90.01141540620436,29.236781545896477],[-90.01040639198911,29.23796792133436],[-90.00938230080429,29.238907711485854],[-90.00907914024643,29.239185912295213],[-90.00889949235884,29.239350766116317],[-90.00876189153081,29.239427207821436],[-90.00693880006683,29.240439914057816],[-90.00693820023645,29.24044003978646],[-90.00332453382839,29.241206211868295],[-90.00331294583863,29.241208667506083],[-90.00284354581524,29.241308184355013],[-90.00006170533507,29.241897901509695],[-90.00000559107097,29.241909794654593],[-90.00000510518217,29.241909900738147],[-89.99356831608027,29.243274170575322],[-89.98940579962486,29.244156175418386],[-89.98453882035474,29.24518725777427],[-89.9823620083538,29.245499256070122],[-89.98221159891813,29.24552081460673],[-89.98135738412188,29.245643235033995],[-89.97053692720618,29.250015862531463],[-89.97053633523383,29.25001610351136],[-89.96602620138465,29.25183830186466],[-89.96186810125445,29.25539711389173],[-89.95958118769948,29.25735426746077],[-89.95750516426617,29.25854990363136],[-89.95626095365208,29.259266446880805],[-89.95366028163288,29.260764109444086],[-89.95215534387252,29.261630717686387],[-89.95045080927795,29.262612227501528],[-89.94959076121144,29.263107445121058],[-89.94952729313243,29.263143990246466],[-89.94950061901578,29.263159354024644],[-89.94887313357076,29.263520649685187],[-89.9475477847651,29.26428376099031],[-89.94716769269529,29.264829382681263],[-89.94677715336172,29.2653900053704],[-89.9468336775781,29.265990333410933],[-89.94684772775985,29.26613951567548],[-89.94694889610987,29.266447990880167],[-89.94723681604519,29.267325887141432],[-89.94722333954364,29.268257720996697],[-89.94721971699722,29.26850840818038],[-89.94710053018751,29.268859415031926],[-89.94693925571984,29.269334364126163],[-89.94612487071862,29.269681540204697],[-89.94546629230366,29.26967389042332],[-89.94463909213438,29.26966427351776],[-89.94398080315943,29.269711881471782],[-89.94382085013358,29.269723452440225],[-89.94325409422916,29.269763362131776],[-89.94151867750244,29.269885558632055],[-89.94020640446223,29.27031471110613],[-89.94018673971709,29.270321810845637],[-89.94013767149585,29.270339521559062],[-89.94003880556537,29.27037648840032],[-89.93994891482627,29.270410098548695],[-89.93983035926726,29.27046504327585],[-89.93976769794675,29.270494085282948],[-89.93958832377807,29.270589302465584],[-89.93817496754414,29.271400002062098],[-89.9380128574898,29.271499241250883],[-89.93785276564266,29.271611729094595],[-89.93782271256913,29.27163569611674],[-89.93770206153444,29.27173192305566],[-89.93768301233617,29.271749019531384],[-89.93764472665632,29.271783389288704],[-89.93642784239199,29.272880076996557],[-89.93447099924506,29.274352610838655],[-89.93390995352611,29.27463432027073],[-89.93223739067183,29.27547411295768],[-89.93218724851882,29.275501164260962],[-89.93216312695544,29.275514177175555],[-89.93025372670779,29.276536433552376],[-89.92929706272874,29.277047644905092],[-89.92850475751365,29.277471017774953],[-89.92543439996118,29.279046254920985],[-89.92543396383995,29.2790464814945],[-89.92277505456616,29.280311142704146],[-89.92159233965417,29.28077146146952],[-89.92062358738467,29.28114849417481],[-89.92059244466247,29.28116139183832],[-89.92054546668,29.281180848346125],[-89.92051051018902,29.28119566861019],[-89.9204462274928,29.281222925532617],[-89.9175641878618,29.282540898310085],[-89.91511700561271,29.283589807864583],[-89.91495875778405,29.283662397821182],[-89.91478324060333,29.283755772293432],[-89.91466142264879,29.283830612267572],[-89.91461543347002,29.283858868470205],[-89.91461285079423,29.283860458413685],[-89.91460017708548,29.28386825751852],[-89.91242389947631,29.28531413427733],[-89.91227889506575,29.28541522141457],[-89.9121281870285,29.285537262014987],[-89.91211691728971,29.285547246964523],[-89.91209583154945,29.285565928144976],[-89.9103887706157,29.28706880449015],[-89.9089811180142,29.28800355372113],[-89.90890668535299,29.288119894621],[-89.90686401277011,29.289779177399502],[-89.90476970765866,29.29228352555963],[-89.90397985026316,29.29370732118407],[-89.90382407903515,29.29398810990334],[-89.90424506962326,29.294409515606546],[-89.90463591414891,29.29480074119942],[-89.90466129300053,29.29483481627826],[-89.9046637499479,29.29483811010652],[-89.90468232635577,29.29486305545308],[-89.90552659554311,29.29599652789118],[-89.9055771842985,29.296064444927023],[-89.90561012389456,29.296100684895585],[-89.9056959192902,29.29619507828555],[-89.90589509311327,29.29641420757545],[-89.90615733687899,29.2967027181156],[-89.9063391732454,29.296902769395196],[-89.90634381603763,29.296907877120876],[-89.90680801013404,29.297418573728216],[-89.90703602034637,29.297669416755934],[-89.90703604392047,29.297669442949378],[-89.90712311624864,29.297788665125537],[-89.90802906974564,29.299029140488788],[-89.90817523060987,29.29922940262689],[-89.90846362331804,29.299624540217007],[-89.90911101191922,29.30051153738676],[-89.91017032424412,29.30192416275069],[-89.91084672343155,29.30310322492105],[-89.91161779629347,29.304456461848883],[-89.91423715235759,29.30905312950354],[-89.91432309574857,29.309203946238146],[-89.91500380900264,29.310447109057765],[-89.9151013718168,29.31062527307995],[-89.91537884971763,29.311278989945233],[-89.91592102965447,29.31255628285499],[-89.91663401066256,29.3143444072775],[-89.91773699802897,29.31711052890676],[-89.91825640406266,29.31855562108798],[-89.91848824377644,29.319218881543872],[-89.91913866431064,29.32107962342302],[-89.91913869181376,29.32107969807442],[-89.91916247548511,29.321158064994293],[-89.91947001957163,29.322171368376083],[-89.91947154666904,29.322625470085843],[-89.9194715610756,29.322629516976292],[-89.91947157417248,29.322633239067752],[-89.91947157548218,29.32263412178757],[-89.91951882460508,29.323558747199034],[-89.92033328189545,29.32960340148406],[-89.92048826082863,29.330753534297095],[-89.92071532420489,29.33243856911117],[-89.92149631403693,29.336853920413105],[-89.92177191652199,29.338411956206794],[-89.92181043402138,29.338560165383313],[-89.92181738838799,29.33858693379551],[-89.92181818728888,29.338590007598693],[-89.92201934136042,29.339363993073963],[-89.92211593895311,29.3397356783503],[-89.9224247704575,29.34096894528987],[-89.92242800797058,29.3409818678361],[-89.92249830077024,29.341262572729228],[-89.92264808028678,29.34207745668356],[-89.92278293738178,29.342811142204084]]]}},{"type":"Feature","properties":{"id":"flood-zone-4","flood_zone_code":"V","zone_subtype":null,"sfha":true,"risk_level":"High","static_bfe_ft":-9999},"geometry":{"type":"Polygon","coordinates":[[[-90.08912157270454,29.162075235721318],[-90.08906401648852,29.162048604826428],[-90.08905988184966,29.162046692703562],[-90.08905974171462,29.1620466259102],[-90.089037578112,29.162036369859347],[-90.08903757549261,29.162035358791584],[-90.0890376789449,29.161734978674357],[-90.08903771561147,29.16162600730833],[-90.08903743661429,29.160699970067405],[-90.08903445933505,29.15082033959803],[-90.08903443182814,29.150724489848713],[-90.08903337871195,29.147221060103487],[-90.08903287573548,29.145658339599354],[-90.08902620868137,29.12501753756811],[-90.08902620868137,29.125017460297414],[-90.08901662853701,29.094779487650673],[-90.08901578117838,29.094780070455315],[-90.08553232648897,29.097172239901717],[-90.08544892780165,29.097229509297858],[-90.08527610069105,29.09734819189662],[-90.0745197707405,29.10470176283532],[-90.0652337442326,29.111048593110393],[-90.06464510239155,29.111458509080858],[-90.06461376845738,29.11148033085819],[-90.06445531763083,29.111590673457002],[-90.06385981179236,29.1120166591189],[-90.06368687335971,29.112140365624388],[-90.0636233463458,29.112187585896812],[-90.06292185388514,29.11270900876421],[-90.06229161289248,29.113199833732423],[-90.06217732425067,29.113288836513348],[-90.06216967706817,29.11329479290767],[-90.06195985168702,29.113458199540723],[-90.05704777261957,29.117366940577433],[-90.05109521834898,29.122102979998402],[-90.04847265123395,29.12418934987336],[-90.04800388510205,29.124529896375034],[-90.04733059383643,29.12501902269832],[-90.04733001103182,29.12501938416817],[-90.04732998221901,29.125019392026193],[-90.04718257717738,29.125126464370446],[-90.04717757553502,29.12513010002368],[-90.04704149523862,29.125228938451645],[-90.04070581828694,29.129830274057472],[-90.03913864747867,29.130964021601045],[-90.0391287018195,29.130971216946413],[-90.03879154213988,29.131215123961738],[-90.0386224056889,29.131337477574643],[-90.03836998580202,29.1315208894685],[-90.03362649703816,29.13496737345464],[-90.01973378470163,29.137068472258996],[-90.00000563024192,29.14004942023455],[-90.00000559619042,29.14004942416357],[-90.00000488110877,29.14004953286648],[-89.99226611166468,29.14121805897247],[-89.9753943364397,29.143769830853124],[-89.97198471320098,29.144285234544753],[-89.97184721976394,29.14430601906401],[-89.9459396021122,29.148219174340348],[-89.93145442891057,29.15039974413834],[-89.90614400920532,29.15420584408275],[-89.90614087384729,29.15420630377817],[-89.90608496520177,29.15421452067006],[-89.90602838600344,29.154223055812608],[-89.9050091130752,29.15437608985792],[-89.90227105627712,29.1547871453098],[-89.90227056514964,29.154787218651503],[-89.90219613826794,29.201576334187617],[-89.90219415940093,29.20281916699118],[-89.90211902924935,29.250008897171327],[-89.90211901615277,29.25001278690103],[-89.90211900567549,29.250015208486957],[-89.9021190056755,29.250015492686032],[-89.90209275786106,29.26650631201132],[-89.90207460886396,29.27790801989415],[-89.90206269375543,29.285390564510173],[-89.90206171283522,29.286017892776982],[-89.90205874780641,29.287805896731886],[-89.90205501925645,29.290054628033797],[-89.90202637673511,29.290926358362924],[-89.90201758883762,29.29119370459107],[-89.9022238519406,29.291862260056902],[-89.9022807389199,29.292046638480134],[-89.90273734346795,29.292777009207914],[-89.9029433053325,29.29310645489807],[-89.90296424831998,29.293127417528062],[-89.9030711477926,29.293234423071198],[-89.90382407903515,29.29398810990334],[-89.90397985026316,29.29370732118407],[-89.90476970765866,29.29228352555963],[-89.90686401277011,29.289779177399502],[-89.90890668535299,29.288119894621],[-89.9089811180142,29.28800355372113],[-89.9103887706157,29.28706880449015],[-89.91209583154945,29.285565928144976],[-89.91211691728971,29.285547246964523],[-89.9121281870285,29.285537262014987],[-89.91227889506575,29.28541522141457],[-89.91242389947631,29.28531413427733],[-89.91460017708548,29.28386825751852],[-89.91461285079423,29.283860458413685],[-89.91461543347002,29.283858868470205],[-89.91466142264879,29.283830612267572],[-89.91478324060333,29.283755772293432],[-89.91495875778405,29.283662397821182],[-89.91511700561271,29.283589807864583],[-89.9175641878618,29.282540898310085],[-89.9204462274928,29.281222925532617],[-89.92051051018902,29.28119566861019],[-89.92054546668,29.281180848346125],[-89.92059244466247,29.28116139183832],[-89.92062358738467,29.28114849417481],[-89.92159233965417,29.28077146146952],[-89.92277505456616,29.280311142704146],[-89.92543396383995,29.2790464814945],[-89.92543439996118,29.279046254920985],[-89.92850475751365,29.277471017774953],[-89.92929706272874,29.277047644905092],[-89.93025372670779,29.276536433552376],[-89.93216312695544,29.275514177175555],[-89.93218724851882,29.275501164260962],[-89.93223739067183,29.27547411295768],[-89.93390995352611,29.27463432027073],[-89.93447099924506,29.274352610838655],[-89.93642784239199,29.272880076996557],[-89.93764472665632,29.271783389288704],[-89.93768301233617,29.271749019531384],[-89.93770206153444,29.27173192305566],[-89.93782271256913,29.27163569611674],[-89.93785276564266,29.271611729094595],[-89.9380128574898,29.271499241250883],[-89.93817496754414,29.271400002062098],[-89.93958832377807,29.270589302465584],[-89.93976769794675,29.270494085282948],[-89.93983035926726,29.27046504327585],[-89.93994891482627,29.270410098548695],[-89.94003880556537,29.27037648840032],[-89.94013767149585,29.270339521559062],[-89.94018673971709,29.270321810845637],[-89.94020640446223,29.27031471110613],[-89.94151867750244,29.269885558632055],[-89.94325409422916,29.269763362131776],[-89.94382085013358,29.269723452440225],[-89.94398080315943,29.269711881471782],[-89.94463909213438,29.26966427351776],[-89.94546629230366,29.26967389042332],[-89.94612487071862,29.269681540204697],[-89.94693925571984,29.269334364126163],[-89.94710053018751,29.268859415031926],[-89.94721971699722,29.26850840818038],[-89.94722333954364,29.268257720996697],[-89.94723681604519,29.267325887141432],[-89.94694889610987,29.266447990880167],[-89.94684772775985,29.26613951567548],[-89.9468336775781,29.265990333410933],[-89.94677715336172,29.2653900053704],[-89.94693534086903,29.263408700181696],[-89.94724248662024,29.259561414395627],[-89.9472425141234,29.25956105947415],[-89.94731694547283,29.259393251033327],[-89.9473474254986,29.25933689448112],[-89.94740462154914,29.259231147528997],[-89.94749246264516,29.259089992248825],[-89.94812684742581,29.258136956073574],[-89.94871890356616,29.257247483583075],[-89.94872615915615,29.257237774974776],[-89.94873030427209,29.257232229817934],[-89.94881979424758,29.257108837636594],[-89.94884094678075,29.2570796790698],[-89.94885542783837,29.257062404478688],[-89.94894018858427,29.2569613238916],[-89.9499008287081,29.25586298338394],[-89.95062997752852,29.255029299042295],[-89.95226915544475,29.252825418761525],[-89.95234089541833,29.2527289639409],[-89.9523828036539,29.252675488669535],[-89.95250299892032,29.252530650587158],[-89.95251954402309,29.25251246053434],[-89.9525603324883,29.252467617319688],[-89.95465077800473,29.250272227636973],[-89.95470224554613,29.250218921313174],[-89.95490249590391,29.250019121479077],[-89.95490273819345,29.250018876570163],[-89.95587971518772,29.24904409064007],[-89.95635012757388,29.248574724673535],[-89.95637309400493,29.24855192457053],[-89.95651608806574,29.248422172614045],[-89.9566452991252,29.248317544120706],[-89.95666679872227,29.248300130703953],[-89.95682705951728,29.248187479151095],[-89.9569948653409,29.2480845506125],[-89.95717037990227,29.24799117614024],[-89.9572629580908,29.24794963330069],[-89.95735344080195,29.24790903342595],[-89.9575403560707,29.24783661372598],[-89.95772727395938,29.247777438752035],[-89.9583829946592,29.247588937455394],[-89.95910056861157,29.24738264817423],[-89.95953466114841,29.247217794345293],[-89.95990925129657,29.24707553500177],[-89.96116804642271,29.246097030900568],[-89.96120367084663,29.246071202832557],[-89.96121012884572,29.24606652206001],[-89.96123501656783,29.246048825753796],[-89.96124931820047,29.246038663998302],[-89.96136837536312,29.245954036835702],[-89.9615264555527,29.245858219823344],[-89.96153819415468,29.245851108297035],[-89.96154416888444,29.24584791662304],[-89.96171354238756,29.245757564876946],[-89.96185285103014,29.245692690206283],[-89.96203672392735,29.24561276869788],[-89.9627063795476,29.24532170950488],[-89.96355991199415,29.24495072094538],[-89.96388227629662,29.244775371398124],[-89.96388347071867,29.24477472834852],[-89.96625318315984,29.243491600754503],[-89.96625673630355,29.243489414909703],[-89.96626843692503,29.243482210396582],[-89.96962522396048,29.241689153619078],[-89.96967921393384,29.24166220577987],[-89.96972061139813,29.24164154568244],[-89.96975112285767,29.24162628798768],[-89.97320536269288,29.23996670525082],[-89.97429260896297,29.23944431190358],[-89.97439789491172,29.23939380696929],[-89.97569640851584,29.238770907977685],[-89.97570990731882,29.238763565948805],[-89.97571736459875,29.238759509890418],[-89.9770143825563,29.238147296523255],[-89.98011384498405,29.236686158113415],[-89.98067626716755,29.236351421319547],[-89.98204167233068,29.23553875590494],[-89.98303296014096,29.234948738890093],[-89.98560315605984,29.23341889241644],[-89.99144920116325,29.22915987661038],[-89.9921181574051,29.22854895067131],[-89.9936254787506,29.22717235957923],[-89.99368004366971,29.227125182526326],[-89.99369605180657,29.22711133796952],[-89.9937337324175,29.227080827819403],[-89.99384675984379,29.226989299988446],[-89.99400702325813,29.226876813454417],[-89.99417482646236,29.226773714658297],[-89.99431039336791,29.22670163678465],[-89.99432553581092,29.226693587532164],[-89.99463366003573,29.22653834147041],[-89.99681261332121,29.225440489433467],[-89.99682708652117,29.225433838912082],[-89.99683742639215,29.22542909003644],[-89.99698997452248,29.225359101091154],[-89.99702048336275,29.225345103302143],[-89.99720740387015,29.225272684911843],[-89.99734855522388,29.22522691706474],[-90.0000043867832,29.224420071798722],[-90.0000055956117,29.224419703780505],[-90.00006148592142,29.22440272648397],[-90.00046897244567,29.224278924365098],[-90.00603720706836,29.221297730602394],[-90.00712001485316,29.2207179565395],[-90.0084744593585,29.21986877219535],[-90.01400753970944,29.21639945403119],[-90.01407414969462,29.216357688547983],[-90.0180456096258,29.213837869159867],[-90.02039896685748,29.21234459400993],[-90.02145400563111,29.211591238469513],[-90.02634978713907,29.208095133577153],[-90.02944556148525,29.205602190021562],[-90.02945804398165,29.205592827166832],[-90.02946836158802,29.205585088307096],[-90.03338790866385,29.202493169576513],[-90.0349040283916,29.20103448554309],[-90.03570735056489,29.20026157134953],[-90.03577591327213,29.20019669668109],[-90.03579835714365,29.200177741778838],[-90.03580072503298,29.200175739288355],[-90.03631470237805,29.199314653968777],[-90.04003895345726,29.193074757378184],[-90.04353401575783,29.190091104112742],[-90.04547478658577,29.188434198394727],[-90.04720520687607,29.18750586131455],[-90.04730589849049,29.18745183728828],[-90.04845371190288,29.186638172599803],[-90.05150590426184,29.184474418046157],[-90.05156514340547,29.184434545041057],[-90.05159358296166,29.184415408094083],[-90.05168620698808,29.184358166200806],[-90.05176339782409,29.18431046527791],[-90.05179703023514,29.18429252930118],[-90.05188158405484,29.184247435937586],[-90.05428187867962,29.18300236875833],[-90.05620564211556,29.182004435633655],[-90.05625140472105,29.181981635529993],[-90.06155765622748,29.17933412688461],[-90.06478670426208,29.17729900057803],[-90.0677545693835,29.17539932462004],[-90.06817559661464,29.175129666805933],[-90.06984820267857,29.17405837103001],[-90.07130413900748,29.173125814190918],[-90.07143959066136,29.173043674097453],[-90.07144914734755,29.173037974398966],[-90.07208596028615,29.17267629631363],[-90.07340431805567,29.171927520692783],[-90.07411559770985,29.171523530990203],[-90.07755067176676,29.169417827693483],[-90.07906689628865,29.168470974458927],[-90.08009183091498,29.167830906968682],[-90.08094400522361,29.167298712033933],[-90.08223241861567,29.1664024331501],[-90.08348824733564,29.165528789350702],[-90.08355312462287,29.165484868145317],[-90.08360350513625,29.165453889131786],[-90.08367717818973,29.16540859145948],[-90.08612205539679,29.163954104900675],[-90.08667169647818,29.163627101728014],[-90.08912157270454,29.162075235721318]]]}},{"type":"Feature","properties":{"id":"flood-zone-5","flood_zone_code":"VE","zone_subtype":null,"sfha":true,"risk_level":"High","static_bfe_ft":14},"geometry":{"type":"Polygon","coordinates":[[[-89.97429260896297,29.23944431190358],[-89.97320536269288,29.23996670525082],[-89.96975112285767,29.24162628798768],[-89.96972061139813,29.24164154568244],[-89.96967921393384,29.24166220577987],[-89.96962522396048,29.241689153619078],[-89.96626843692503,29.243482210396582],[-89.96625673630355,29.243489414909703],[-89.96625318315984,29.243491600754503],[-89.96388347071867,29.24477472834852],[-89.96388227629662,29.244775371398124],[-89.96948223388559,29.24324366509531],[-89.97173728183128,29.242616085302007],[-89.97421063136808,29.241927702609825],[-89.97583550117477,29.24152249619263],[-89.97720129794914,29.241181878941006],[-89.9778168627501,29.240891947378387],[-89.97792637108566,29.240840364582887],[-89.97901145639517,29.240329275025893],[-89.98070383592562,29.23970725481293],[-89.98120667714508,29.23952243108364],[-89.98120711981467,29.239522349883863],[-89.98120717744027,29.23952233678713],[-89.98266282828702,29.239251594531744],[-89.98350315268628,29.239095287618213],[-89.98350303350595,29.239094365608196],[-89.98349980254078,29.2390687863793],[-89.98349935463233,29.2390652712162],[-89.983499295697,29.23906477877905],[-89.98365570212678,29.23903795666528],[-89.98371939678027,29.239026891233728],[-89.9850710700414,29.23879202879096],[-89.9855250342554,29.23871190034587],[-89.98582229605206,29.238623587757154],[-89.9860323061012,29.238561192295855],[-89.98708209834582,29.238369038308345],[-89.98797020617721,29.238206471155017],[-89.99032086946639,29.23810408606377],[-89.99234941597503,29.238015698770557],[-89.9947457606612,29.237672471308414],[-89.99487139762546,29.237654477703256],[-89.99491629191819,29.237648044586702],[-89.99512254058668,29.23761850097031],[-89.99540837024655,29.237577557955166],[-89.99551681774814,29.23756202391693],[-89.9956391792194,29.23754449131686],[-89.99795523830997,29.237212713021094],[-89.99801410812626,29.237186266786548],[-89.99983194518856,29.236369656622212],[-90.00000481682443,29.23616030141263],[-90.00000559215103,29.236159366305877],[-90.00006161866483,29.236091513440716],[-90.00039269490539,29.23569055826278],[-90.00102402162312,29.235349248216536],[-90.00267207390625,29.233655429365804],[-90.0030153969043,29.23330254967457],[-90.00318475071025,29.231907583907407],[-90.00323466365509,29.2314964185251],[-90.00326501532011,29.231121244275084],[-90.00335302008756,29.230033440115907],[-90.00347116173012,29.228485141730577],[-90.00347120233002,29.22848463095802],[-90.00397864176867,29.22719901373235],[-90.00423227964527,29.226852001380216],[-90.00432610857168,29.22680749213057],[-90.0051973739937,29.226394182787956],[-90.0066233698857,29.22560254286653],[-90.00796306747328,29.224858785912936],[-90.00831007982755,29.22466616570329],[-90.01920119486465,29.21866371396987],[-90.02037862261751,29.21801489785733],[-90.02222991527752,29.216994708146956],[-90.0222347702366,29.216993106416353],[-90.02224391306615,29.216990088928846],[-90.02224718070116,29.216989012377304],[-90.02530793707419,29.216331130648456],[-90.02708962062076,29.215948134975868],[-90.02723171755925,29.215917585532384],[-90.02768998273979,29.21581907320319],[-90.02771762339569,29.215813133833933],[-90.02861646792792,29.21561989937066],[-90.02902579847363,29.215531898480798],[-90.0290676844465,29.215522891856246],[-90.03186809085547,29.214920578263456],[-90.03192940321304,29.214907389851536],[-90.03733427711151,29.21374471019769],[-90.03976620691223,29.212901656401193],[-90.04469661096982,29.210036722356115],[-90.0461932755112,29.208864551619794],[-90.04622832236909,29.208837100866607],[-90.04657922834168,29.207626560667084],[-90.04696257753817,29.206304087929194],[-90.04682913734302,29.20137351768274],[-90.04701842696338,29.199135504741303],[-90.04710714419473,29.198086558588532],[-90.04719727194363,29.197020957320568],[-90.0473653776075,29.195036081962115],[-90.04739871270779,29.1946424766798],[-90.04749465802304,29.193509609281765],[-90.04823907631453,29.19241058120234],[-90.04902821470976,29.19124548796214],[-90.04914545666722,29.191211420736956],[-90.05051550987747,29.19081332978269],[-90.05211342660375,29.19034900340453],[-90.05211424253025,29.190348767663313],[-90.05223742778526,29.190312970359507],[-90.05380732405048,29.189856760027585],[-90.05427914172932,29.18971964507783],[-90.05469540437673,29.189647487305564],[-90.05569010521225,29.189475042593138],[-90.05579729280792,29.18945647273228],[-90.05586499899093,29.189444722341428],[-90.05594043617569,29.189431646561037],[-90.05774104057188,29.18901975818547],[-90.05918876396066,29.188628658264854],[-90.05967061635533,29.188455672673093],[-90.05975705479557,29.18842464127149],[-90.0611360452009,29.18762735665976],[-90.06221188813231,29.186788581607566],[-90.06259902756415,29.18648674381207],[-90.06419930035213,29.184998953597017],[-90.06447739114488,29.184777648925124],[-90.06692677098933,29.18282837827491],[-90.06845090070095,29.18191687443185],[-90.06884130646085,29.18168339110462],[-90.06909550750468,29.181531360292396],[-90.06909593838724,29.18153116646076],[-90.06924265192285,29.181464659936996],[-90.06959909130714,29.181303094700066],[-90.07232981521003,29.180065247739595],[-90.07253186899227,29.17997365573196],[-90.07274439754184,29.17987730960992],[-90.07277728474887,29.17986240159788],[-90.07290251309351,29.17980563249566],[-90.07348813090441,29.179540152534344],[-90.07380375563069,29.17943980273791],[-90.07421383661749,29.179309416891414],[-90.07451175848924,29.17921469083265],[-90.07525628944687,29.17897795688544],[-90.07561251404663,29.17886469108985],[-90.07642163154496,29.178607414915117],[-90.07681767807229,29.178481646977076],[-90.07719025001468,29.178363336319435],[-90.0772608728391,29.178323928247963],[-90.07843559480642,29.177668455066257],[-90.07882504319574,29.177451143584864],[-90.07889362554916,29.17741287492923],[-90.07921555634948,29.177233240131095],[-90.07959231400422,29.17702300612447],[-90.07960692471987,29.17701485209813],[-90.07967127420983,29.176997851227178],[-90.08001792378856,29.176906278860223],[-90.08052928443504,29.17677118997382],[-90.08128917000451,29.17657044453851],[-90.08171795312705,29.176444736844417],[-90.08279089908176,29.176130174242292],[-90.08281700087144,29.176122524439855],[-90.08329610688236,29.17598205541656],[-90.08390685732837,29.175802987698084],[-90.08400699102296,29.175773630058565],[-90.08402804533158,29.175767458877353],[-90.08443268724541,29.17564958695932],[-90.08444606031988,29.17564568937119],[-90.08478946059863,29.175545652585832],[-90.08491887073109,29.17550795363623],[-90.08528026460846,29.17531682252471],[-90.08538037996668,29.175263873740285],[-90.08584768843579,29.175017833263155],[-90.08606803704417,29.174901817157792],[-90.0864237626554,29.17471452207954],[-90.08642366181058,29.174714345273618],[-90.08641266579234,29.174695165108645],[-90.08640013876591,29.17467550429362],[-90.08619627892763,29.174352654118003],[-90.08616817857437,29.174308152730195],[-90.08616798081366,29.17430784102793],[-90.08616800962646,29.17430776768626],[-90.08619086473367,29.174244661078106],[-90.08619360980876,29.17423708199869],[-90.08620549378345,29.17420419479237],[-90.0862883450205,29.173974915525793],[-90.08641319878703,29.173629389656824],[-90.08639902549761,29.173519329952708],[-90.08633153146047,29.172995439684392],[-90.08637636157574,29.172902942697302],[-90.08646477237801,29.172720536637623],[-90.08646608467058,29.172717826923527],[-90.08647908186789,29.172690793956754],[-90.08636206255636,29.172759778381465],[-90.0862234323253,29.17284149937962],[-90.08620916736346,29.172850631731936],[-90.08620247755215,29.172854911744427],[-90.08609640448944,29.172896956189238],[-90.08554818832826,29.173114248030426],[-90.08475423554003,29.17342847796697],[-90.08437724999963,29.173577675959617],[-90.08333059312213,29.173991903388515],[-90.08211803468454,29.174471771647735],[-90.08210710022189,29.174476101427995],[-90.0820640172079,29.17449315468519],[-90.08172092077474,29.174628929835247],[-90.08003101129046,29.175297679190837],[-90.07923253096146,29.175613650993004],[-90.07829278533761,29.175985515726445],[-90.07821802394497,29.176015099938642],[-90.0781303203604,29.17604980235451],[-90.07740768059487,29.17633575251349],[-90.07714812822306,29.176420760795292],[-90.07651818713438,29.17662707626718],[-90.07624306405623,29.176717183107524],[-90.0760737350807,29.17677263991846],[-90.07592909213788,29.17682001342513],[-90.07515303210455,29.17707417388605],[-90.07474387574732,29.177208175740475],[-90.07433065547367,29.177343502984414],[-90.07409280438904,29.177421397120256],[-90.07404117051766,29.177438306313668],[-90.07389129542912,29.17746856631954],[-90.0737081899988,29.177505529234423],[-90.07263367898047,29.177722453073518],[-90.07076088540933,29.178647146646902],[-90.07031368566389,29.178867945790078],[-90.06932013735359,29.179358491808976],[-90.06913187705113,29.17945143670872],[-90.06881912444065,29.17960584981841],[-90.06843705213058,29.179794484693254],[-90.06668839070728,29.180657799114496],[-90.06653186379116,29.180772969169002],[-90.06608942078348,29.181098521220402],[-90.06020270508691,29.18542339525825],[-90.05963089516834,29.18584345857679],[-90.0584982595612,29.186675507148767],[-90.05822183204991,29.18680376215279],[-90.05790698920045,29.186949849669453],[-90.05748830759124,29.18714410566316],[-90.05746225295,29.187156201806516],[-90.05642518026465,29.187637367946625],[-90.05586769554681,29.18789601796091],[-90.05402550903915,29.188750699018716],[-90.05380425937338,29.188814308547457],[-90.05368034070123,29.188849939522743],[-90.05314341130249,29.189001978201674],[-90.05243900218657,29.189201434916786],[-90.04900541325405,29.19017361074313],[-90.0490050177327,29.190173925064762],[-90.04898869920319,29.190186952385453],[-90.04898630643007,29.190188867127862],[-90.0486895344574,29.190431460539624],[-90.04824467510392,29.190795105748396],[-90.04824433851788,29.190795382089465],[-90.04713038146375,29.19141715213691],[-90.04698937548574,29.191512544814618],[-90.04667641987818,29.19172426267909],[-90.04626950437527,29.191941343658545],[-90.04612289692366,29.192019557351912],[-90.04607560069078,29.192044786899583],[-90.04449443997726,29.19381471217277],[-90.04424293818447,29.19432536820226],[-90.04343010388848,29.195975737306362],[-90.04302961897127,29.19844202892794],[-90.04306312566537,29.198717943037426],[-90.0431888753035,29.199753503012946],[-90.04319789502685,29.19982775624943],[-90.04329666800433,29.200641105268478],[-90.04352064317185,29.202373601333438],[-90.04356371441273,29.202706741616936],[-90.04345246029818,29.203150517865964],[-90.04343871003982,29.203205389248186],[-90.04322994421112,29.204038124060688],[-90.04183184044355,29.205104304244394],[-90.03950540878625,29.206591320464874],[-90.03941843992926,29.206646905621263],[-90.03536788358845,29.20923574348427],[-90.03511393007327,29.20939923393779],[-90.0346193424207,29.209717632555268],[-90.03451664569681,29.209783743556386],[-90.03427176428879,29.209941390247373],[-90.03393946480584,29.210155307053856],[-90.03372368826805,29.210294213628895],[-90.0335557383806,29.210402338951102],[-90.03318174020879,29.210643110609738],[-90.03312114031446,29.2106821244692],[-90.03242298358907,29.21113158078928],[-90.0316733056249,29.21161419541927],[-90.03162086630462,29.211636916942766],[-90.03004888373866,29.2123180296107],[-90.02293487702002,29.215400038141496],[-90.02252948335588,29.215575652245278],[-90.02235992125917,29.215648185886227],[-90.022239469293,29.21569970712742],[-90.02206188675761,29.21579704729038],[-90.0206669026199,29.216561658173454],[-90.01982473683218,29.217023246001673],[-90.01970276564553,29.217090095659117],[-90.01025954425509,29.22270530576932],[-90.00624064270417,29.224919857340918],[-90.00220084138617,29.227145706155003],[-90.00125924521862,29.22814312061903],[-90.0011082398871,29.228303077570793],[-90.0007189198535,29.22871547012737],[-90.000275759157,29.22934736916754],[-90.00006163281428,29.2296526867596],[-90.00000559189456,29.229732589928712],[-90.00000454153658,29.22973408950466],[-89.99981870151738,29.229999074397266],[-89.99961530664508,29.23047999036427],[-89.99931125945588,29.231198862183927],[-89.99908019249573,29.231690086590287],[-89.99870659248666,29.232484310464756],[-89.99751082802229,29.233764228013424],[-89.99438889816984,29.235767653674984],[-89.9943426365791,29.2357973426602],[-89.99405233438698,29.235893758197292],[-89.99337754353485,29.23611786558222],[-89.99215680093951,29.23637720319541],[-89.99005880770584,29.23682362111646],[-89.98820104261507,29.23721841170911],[-89.98709848625198,29.237452936248527],[-89.98447209875906,29.238011843334327],[-89.98391332924425,29.238086709515386],[-89.98354168585747,29.238136501995573],[-89.9831796122538,29.23818501230533],[-89.98317709637132,29.23818535020111],[-89.98263696350826,29.238258816340846],[-89.982014727223,29.238343451376892],[-89.98103216312873,29.238477090469473],[-89.98103132493779,29.238477205720752],[-89.97429282636874,29.239444281781097],[-89.97429260896297,29.23944431190358]]]}},{"type":"Feature","properties":{"id":"flood-zone-6","flood_zone_code":"VE","zone_subtype":null,"sfha":true,"risk_level":"High","static_bfe_ft":16},"geometry":{"type":"Polygon","coordinates":[[[-90.00046897244567,29.224278924365098],[-90.00006148592142,29.22440272648397],[-90.0000055956117,29.224419703780505],[-90.0000043867832,29.224420071798722],[-89.99734855522388,29.22522691706474],[-89.99720740387015,29.225272684911843],[-89.99702048336275,29.225345103302143],[-89.99698997452248,29.225359101091154],[-89.99683742639215,29.22542909003644],[-89.99682708652117,29.225433838912082],[-89.99681261332121,29.225440489433467],[-89.99463366003573,29.22653834147041],[-89.99432553581092,29.226693587532164],[-89.99431039336791,29.22670163678465],[-89.99417482646236,29.226773714658297],[-89.99400702325813,29.226876813454417],[-89.99384675984379,29.226989299988446],[-89.9937337324175,29.227080827819403],[-89.99369605180657,29.22711133796952],[-89.99368004366971,29.227125182526326],[-89.9936254787506,29.22717235957923],[-89.9921181574051,29.22854895067131],[-89.99144920116325,29.22915987661038],[-89.98560315605984,29.23341889241644],[-89.98303296014096,29.234948738890093],[-89.98204167233068,29.23553875590494],[-89.98067626716755,29.236351421319547],[-89.98011384498405,29.236686158113415],[-89.9770143825563,29.238147296523255],[-89.97701641516933,29.23814725199426],[-89.97753198249175,29.2381364235997],[-89.97783647892737,29.238130025836345],[-89.97880341600487,29.23813958511199],[-89.97880344874675,29.238139577253964],[-89.97908279945263,29.23810119726963],[-89.98092638340599,29.237847893302146],[-89.98092679464345,29.237847764954154],[-89.98468198302845,29.236669061498013],[-89.9906764442809,29.233297333624673],[-89.99068057630025,29.233295007644784],[-89.9909742783998,29.23308143790287],[-89.99126151988077,29.232871970057865],[-89.99163439304199,29.232600053058817],[-89.99238744603183,29.232050883451418],[-89.99265559378553,29.23185533350506],[-89.9926998803888,29.231823038270065],[-89.99306547962436,29.231556413661004],[-89.99358725609342,29.231175894619167],[-89.99384940816076,29.23093728523461],[-89.99386421794651,29.230923807386336],[-89.99428915847707,29.230537025489856],[-89.9946020590754,29.23025049777741],[-89.99463261506332,29.230222516606613],[-89.99508074728871,29.229812155351535],[-89.9952505634559,29.229583330538922],[-89.99525097076427,29.229583016217305],[-89.99578465740159,29.22917127718329],[-89.9957848656396,29.229171118712827],[-89.99594106382759,29.22905108191238],[-89.99594196750219,29.229050383856503],[-89.99615659152639,29.22888489615246],[-89.99665220596042,29.22850274525856],[-89.9994906334335,29.2263140532222],[-90.00000444840418,29.226084109938043],[-90.0000055930587,29.226083597855773],[-90.0000615488518,29.22605855559109],[-90.0014066986152,29.22545655767411],[-90.0027082820952,29.2248740385293],[-90.00465023558893,29.223985685768074],[-90.00703205727741,29.22289604799585],[-90.00703602689731,29.222894231478836],[-90.00978076954132,29.221587660721575],[-90.01258192242653,29.22004014150957],[-90.0148523262671,29.218785758628073],[-90.0192598864607,29.216011908447136],[-90.02185607939131,29.214377880081962],[-90.02185674470533,29.21437772554051],[-90.022029295478,29.214337918015573],[-90.02202975386369,29.214337815861093],[-90.02220325807512,29.214211918272138],[-90.02240154916743,29.214159169864658],[-90.02277752626132,29.214059151413704],[-90.02307515869587,29.213979969867218],[-90.02347931996007,29.213872446987477],[-90.02561113680085,29.213004794916447],[-90.02610318369184,29.212804518352293],[-90.0262067919493,29.21276234948857],[-90.02715294186487,29.21211006798762],[-90.02857309791585,29.211130199201992],[-90.03021032970021,29.210000509024116],[-90.03161906538983,29.20877622769998],[-90.03179920047624,29.208619678517163],[-90.03206809343042,29.2083316748043],[-90.0321419105466,29.208252663522178],[-90.03362556084731,29.20666459817525],[-90.03461636013066,29.205604032573433],[-90.0347670681663,29.205443940725278],[-90.03552365201998,29.20450585970567],[-90.03649306957044,29.20330387165371],[-90.03652846087098,29.203240234627497],[-90.0369270101606,29.20252353948193],[-90.03718356991385,29.202062175625823],[-90.03731682000216,29.20186353485466],[-90.03749068567814,29.201604353124782],[-90.03758932371863,29.20139681312465],[-90.03868305934932,29.19909544601981],[-90.03873773689766,29.198980391219685],[-90.04007130513173,29.196174218396198],[-90.04025068059876,29.195794519220414],[-90.04027733506958,29.195762162431347],[-90.04207437054735,29.193877022572966],[-90.0428445422673,29.19306905890381],[-90.04317179426683,29.192797089519257],[-90.04323860987019,29.192741556750374],[-90.04417591948554,29.191962553881606],[-90.04537369954852,29.190967042365063],[-90.04582121623135,29.190655235334646],[-90.04752533827038,29.189467852736737],[-90.04883559833785,29.18892621504344],[-90.0488361117298,29.188926091934135],[-90.04989608275315,29.18867303944813],[-90.05030081896435,29.188576410430787],[-90.05091220591302,29.188430443394992],[-90.05091263548584,29.18843034124047],[-90.05429053971929,29.187272630549316],[-90.05523410696786,29.186844579521978],[-90.05737676004168,29.18587252029608],[-90.05746252138049,29.18583471002558],[-90.05753685712912,29.185801940687934],[-90.0591314315422,29.184661334384632],[-90.0593115640078,29.18446802922096],[-90.06019962203999,29.183515024470154],[-90.06055955824462,29.183164701260708],[-90.06091493416683,29.182818821772884],[-90.0632513075673,29.18165356739556],[-90.06662552503158,29.179526745618844],[-90.06784903101669,29.178742881234115],[-90.06788745290295,29.178718264613803],[-90.06862369754795,29.178246560872374],[-90.06907254224048,29.177958989346205],[-90.06907570248225,29.177958063407058],[-90.07009482741118,29.17765947227236],[-90.0705241186869,29.177533695165568],[-90.07151838470611,29.177241328908792],[-90.0716514448981,29.1772021971765],[-90.07215422718365,29.17705434814351],[-90.07311228466398,29.17677261512528],[-90.0736848882532,29.17656758444471],[-90.07380866678989,29.17652326247746],[-90.07416706282753,29.17639492889057],[-90.07439661974837,29.17625741842686],[-90.07467265566586,29.17609206692697],[-90.0748777937277,29.175969186824357],[-90.07495680500966,29.175921853919608],[-90.07509557275735,29.17586362976996],[-90.07528320703652,29.17578490399313],[-90.0760308340589,29.1754712228111],[-90.0786192894608,29.17438513031837],[-90.07920972556069,29.174137376784838],[-90.0800433457342,29.173787574810845],[-90.08034318758583,29.17366175579852],[-90.0805289490317,29.17357352179368],[-90.08106366638812,29.173319540765355],[-90.0813962212595,29.173161581059794],[-90.08220665366485,29.172776623526442],[-90.08226791887357,29.17274758413871],[-90.082568769173,29.172604989521172],[-90.08285525366573,29.17246920127607],[-90.0830686950574,29.172368032936994],[-90.08345630990539,29.172184302788462],[-90.08357579533234,29.172127669892426],[-90.08429509411893,29.171786721313385],[-90.0848363663825,29.17133104012098],[-90.08538111058999,29.170872427879676],[-90.08558640712027,29.17069958636038],[-90.08568080313223,29.17057910951166],[-90.0857314154565,29.17051451642351],[-90.08630926426639,29.16978025986331],[-90.08701686367837,29.167863317241903],[-90.08751089600659,29.166968802512258],[-90.08784667266195,29.16649572755518],[-90.088167134003,29.166170005250002],[-90.08842837715599,29.16590446505363],[-90.08846643102405,29.16588166625989],[-90.08892159620021,29.165594178552585],[-90.0889217049031,29.16559410913989],[-90.08896254181631,29.165300477767893],[-90.08897005802957,29.165246424931688],[-90.08901617423456,29.16491470695056],[-90.08903000438124,29.16481523988319],[-90.08910789326514,29.16456566591949],[-90.08914882972,29.16443449689965],[-90.0891488585328,29.164434410461173],[-90.08601736678486,29.167173703563368],[-90.08543385755782,29.167684114694104],[-90.08408932728337,29.16861943886947],[-90.08406551480304,29.168636003617962],[-90.08282641323082,29.169497957272984],[-90.08098524304152,29.17064782166439],[-90.08094739610183,29.170671458649025],[-90.08006421396757,29.17122301317537],[-90.0793569733475,29.171664680868616],[-90.07806504740738,29.172457046344828],[-90.07741101881412,29.1728581678611],[-90.07732776157128,29.172909230715533],[-90.07586456965065,29.17380659401419],[-90.07524095690955,29.1741614827528],[-90.074900858321,29.174354116058957],[-90.07419756505469,29.174752461069392],[-90.0741791877186,29.174762869043576],[-90.07348997344057,29.175153231594855],[-90.07239454825817,29.17561521495209],[-90.0714917655457,29.175995943553207],[-90.06848329004788,29.177264633328136],[-90.06848258806296,29.177265043255936],[-90.05991547394959,29.182267627464356],[-90.05800651243668,29.183133445985806],[-90.05800607762517,29.183133648985198],[-90.05697249522436,29.18374141731308],[-90.04919232976145,29.188315844415495],[-90.04877391794321,29.188466607468946],[-90.04754771794641,29.188908433648617],[-90.04603184963968,29.189454610675845],[-90.04601611129544,29.18946630736846],[-90.04595741566641,29.189509932587534],[-90.04565578480451,29.189726412423717],[-90.04336252586994,29.191372221290752],[-90.0429210507105,29.19168904567932],[-90.04241740273935,29.19205048932908],[-90.04033385789123,29.194227897197123],[-90.04021815742281,29.194348808858088],[-90.0388963827769,29.19664406503435],[-90.0376928585301,29.198733885854896],[-90.03685232332542,29.200192884189168],[-90.03647211338952,29.200852833809844],[-90.0363407544676,29.20100289094066],[-90.03613650567843,29.201236222340114],[-90.03475751398922,29.202682099074206],[-90.03091142911424,29.20584942617116],[-90.0217187823662,29.21341848677633],[-90.02171815765203,29.213418871820277],[-90.0188087615832,29.215204274853146],[-90.01668537905611,29.216507247918784],[-90.01590324869571,29.216987165932515],[-90.01488373087712,29.217598254281793],[-90.01285156316688,29.218816266219036],[-90.01052894002864,29.220029154723314],[-90.00957632686891,29.220526589622498],[-90.00886647868629,29.220897257307584],[-90.00704373821233,29.221849010039406],[-90.00575627955465,29.222310515371866],[-90.00047425173886,29.224276961164662],[-90.00046897244567,29.224278924365098]]]}},{"type":"Feature","properties":{"id":"flood-zone-7","flood_zone_code":"VE","zone_subtype":null,"sfha":true,"risk_level":"High","static_bfe_ft":12},"geometry":{"type":"Polygon","coordinates":[[[-90.08728005602804,29.177739553029525],[-90.08696260561975,29.17790633076488],[-90.08550684478055,29.178671115836245],[-90.08502180333454,29.17892592850552],[-90.0829447648983,29.179957909211357],[-90.08186845047243,29.1804923397653],[-90.08148960126844,29.18068044946111],[-90.07999545652157,29.18142231918014],[-90.07998102654084,29.18142948178378],[-90.07989857474672,29.181470424792646],[-90.07935311937914,29.181741242981094],[-90.07768889389027,29.182188390376744],[-90.07706489871714,29.182356041673543],[-90.07321600712764,29.183390048498197],[-90.07233450267246,29.183626847933223],[-90.07040605189664,29.18414486306829],[-90.07013849218139,29.184216732707863],[-90.06992428724838,29.18427426797171],[-90.0697952123922,29.184308938956637],[-90.06953715173768,29.184378254733033],[-90.06950649359443,29.184386486030622],[-90.06950554931996,29.18438673879758],[-90.06913052698367,29.18462977881034],[-90.06880575812241,29.184840251175828],[-90.06879017955829,29.18485034220906],[-90.0686701755015,29.184928113231955],[-90.06861673428159,29.18496274492437],[-90.06852703737658,29.18505634465773],[-90.06734193234198,29.18629302858107],[-90.06728831431698,29.18634897651594],[-90.06668654693833,29.18697692034758],[-90.0666507430902,29.187027484214976],[-90.0665038750187,29.187234907655686],[-90.06527816882007,29.188965947408267],[-90.06443551979189,29.19015596111344],[-90.06443382507466,29.190158353886584],[-90.06442653281387,29.19017002307583],[-90.06402860168689,29.190806575383757],[-90.06273980198755,29.19286815703137],[-90.06133694546223,29.195112071397716],[-90.06122728389984,29.195287465467313],[-90.06119771802571,29.19533476431905],[-90.06111894772675,29.19546075096283],[-90.06058300978674,29.1965175407626],[-90.0605827216586,29.19651795854841],[-90.05996530631313,29.197407817393263],[-90.05844405007583,29.19960026160298],[-90.05784796014038,29.200459324789414],[-90.05648470812625,29.2024239172742],[-90.05629349844672,29.202699471230403],[-90.05610699966194,29.202968218814377],[-90.05522261265698,29.20424265406104],[-90.0551673863541,29.20432224290844],[-90.0551527062263,29.204343392822846],[-90.05492597820495,29.20460930889444],[-90.05420592637618,29.205453788872614],[-90.05393216536754,29.2057748500491],[-90.05378079070884,29.2059523841261],[-90.05347772445049,29.206307804582238],[-90.05336268012903,29.206442727128014],[-90.05181872068887,29.208253384548918],[-90.05162038114584,29.2084858096543],[-90.05150284713545,29.208623542759007],[-90.05142201802873,29.208718260953095],[-90.05130759056335,29.20885235840467],[-90.05108152392482,29.209063282604458],[-90.04978549741399,29.210272481727515],[-90.04877072324577,29.211219239340576],[-90.04620114941909,29.212672046902128],[-90.04586588745411,29.21286159199853],[-90.0458656805257,29.212861664030594],[-90.04425907674018,29.213430464356986],[-90.04393489198941,29.213545224488865],[-90.04328526782086,29.213775218854444],[-90.04265874104719,29.213896049331268],[-90.03934825615806,29.21453442741312],[-90.03046946846753,29.216246128764652],[-90.03039295604101,29.216260875688242],[-90.02832031677221,29.21666035229848],[-90.02829724294722,29.216664799949626],[-90.02636521022167,29.217360998755282],[-90.02506539088309,29.218227525791413],[-90.02297187938966,29.21962310978344],[-90.0226548507005,29.21989932512849],[-90.02200305510694,29.22046719817698],[-90.0218317982959,29.22061640402133],[-90.01907714146827,29.22301627301484],[-90.01355723520695,29.22862147317173],[-90.01353816505394,29.22864083276283],[-90.0134426283156,29.228737842885607],[-90.0132165433424,29.228967401116982],[-90.01220927753452,29.229990131567728],[-90.01090981182578,29.231309501717686],[-90.01019838549868,29.231979028989333],[-90.00933337116366,29.232793081332485],[-90.00914414825468,29.232971151067],[-90.00880410729678,29.23329115271987],[-90.00880976508643,29.233309290385076],[-90.00891475113534,29.233645873797787],[-90.00890836647822,29.23365849380981],[-90.00860448168388,29.234259265840592],[-90.00818049592324,29.235097452829567],[-90.00756783992671,29.235885736033335],[-90.00732727258874,29.236195262916176],[-90.00711616111272,29.236466890472503],[-90.0070424238872,29.236559979432787],[-90.0069711540861,29.2366499513706],[-90.00644652645387,29.23692230056648],[-90.00601643759089,29.237145568443335],[-90.00596498969352,29.237172275302626],[-90.00575831407457,29.2372795637448],[-90.00488440573336,29.23773321626357],[-90.00408082946929,29.238150353779165],[-90.00362006674725,29.238389532877704],[-90.00287240698226,29.238686196165062],[-90.00211661545553,29.238986077319996],[-90.00182700739099,29.23910098806323],[-90.0018263983929,29.23910113212736],[-90.00179157024965,29.23910934901862],[-90.00006165678211,29.239517527087695],[-90.00000559097597,29.23953075347997],[-90.00000495840371,29.239530904092394],[-89.99945185584775,29.23966140388497],[-89.99930640221656,29.23969572518764],[-89.999203368905,29.239720034036694],[-89.99883000984764,29.239808123983266],[-89.99873140061266,29.239831387712943],[-89.99761778667124,29.239911044695912],[-89.99760537751622,29.239911931345127],[-89.9970659230626,29.23995051695613],[-89.99705099933479,29.239951585649983],[-89.99680305197577,29.239969352685442],[-89.9930936392576,29.2402351378967],[-89.9901808510717,29.24044376763143],[-89.98857832690673,29.240718696916822],[-89.98161873191034,29.2419124473078],[-89.98160791400859,29.241915636362585],[-89.97885750831698,29.242726418509488],[-89.97652035171244,29.243415322447426],[-89.9764001551323,29.243458324263933],[-89.97636009091521,29.243472654710267],[-89.97492382586967,29.244148588925945],[-89.97136296421759,29.245824284576564],[-89.96206432415966,29.250017696334474],[-89.96206371516156,29.250017970056184],[-89.961055562682,29.250472556376106],[-89.95864700272784,29.252208895103333],[-89.95786173046446,29.252774976522943],[-89.95638778613181,29.25383747652713],[-89.95527439355402,29.254640039114225],[-89.9534916007844,29.256788635470482],[-89.95096944505417,29.259828108291575],[-89.95036972469163,29.2603744725741],[-89.95017829498293,29.260548869984788],[-89.95017802780959,29.260549118822723],[-89.95009789544818,29.26062153720976],[-89.94880080419885,29.262484328787906],[-89.94847573019386,29.262951171009483],[-89.94832265689053,29.263170994437044],[-89.94754828375062,29.26428303936031],[-89.9475477847651,29.26428376099031],[-89.94887313357076,29.263520649685187],[-89.94950061901578,29.263159354024644],[-89.94952729313243,29.263143990246466],[-89.94959076121144,29.263107445121058],[-89.95045080927795,29.262612227501528],[-89.95215534387252,29.261630717686387],[-89.95366028163288,29.260764109444086],[-89.95626095365208,29.259266446880805],[-89.95750516426617,29.25854990363136],[-89.95958118769948,29.25735426746077],[-89.96186810125445,29.25539711389173],[-89.96602620138465,29.25183830186466],[-89.97053633523383,29.25001610351136],[-89.97053692720618,29.250015862531463],[-89.98135738412188,29.245643235033995],[-89.98221159891813,29.24552081460673],[-89.9823620083538,29.245499256070122],[-89.98453882035474,29.24518725777427],[-89.98940579962486,29.244156175418386],[-89.99356831608027,29.243274170575322],[-90.00000510518217,29.241909900738147],[-90.00000559107097,29.241909794654593],[-90.00006170533507,29.241897901509695],[-90.00284354581524,29.241308184355013],[-90.00331294583863,29.241208667506083],[-90.00332453382839,29.241206211868295],[-90.00693820023645,29.24044003978646],[-90.00693880006683,29.240439914057816],[-90.00876189153081,29.239427207821436],[-90.00889949235884,29.239350766116317],[-90.00907914024643,29.239185912295213],[-90.00938230080429,29.238907711485854],[-90.01040639198911,29.23796792133436],[-90.01141540620436,29.236781545896477],[-90.01184076451617,29.236281358080237],[-90.01235188023522,29.235680313631022],[-90.01254260533771,29.235456030764766],[-90.01254292227866,29.235455554043686],[-90.01255495817603,29.235437223855968],[-90.01347880170482,29.23403010953621],[-90.01428737957899,29.23279852680189],[-90.01518240636675,29.23143523022224],[-90.01579514225693,29.230737818699623],[-90.01595798703457,29.230552469801744],[-90.0160103883728,29.230492825968888],[-90.01606263647929,29.230433357632236],[-90.01631017389995,29.230151612848683],[-90.01638586646811,29.23006545729868],[-90.01882534907803,29.22728869839382],[-90.01985699837961,29.226145386322653],[-90.02049549816373,29.225437763276616],[-90.02119672213105,29.22466060836407],[-90.02129146258773,29.224555605305188],[-90.02156815071692,29.224248953154166],[-90.02298425854408,29.222679436712056],[-90.02304672079266,29.22261020476077],[-90.0234754633014,29.222134998962385],[-90.02583647949471,29.220440421788947],[-90.02669929751531,29.219821121792986],[-90.02837552874989,29.21861794977471],[-90.03192308936991,29.217218003216406],[-90.03712569471247,29.216469279863187],[-90.04063247344946,29.215964489760477],[-90.04110697727111,29.21589617980656],[-90.04110723134772,29.21589619028393],[-90.04355231554561,29.216006819621285],[-90.04411675203512,29.21638635113609],[-90.04471744159375,29.216790609281443],[-90.04471756732238,29.216790695719904],[-90.04476346744802,29.21687972337967],[-90.04497200937185,29.21728418977507],[-90.0450285178525,29.2173937819245],[-90.04538526766336,29.21808569802821],[-90.04522115122597,29.219100413252477],[-90.0451944967604,29.21926453103246],[-90.04516582539843,29.219442620407193],[-90.04506686781386,29.22005726842018],[-90.04506675518199,29.220057959927683],[-90.04498740076812,29.220168918070495],[-90.044401066588,29.220988689748296],[-90.04436669945996,29.221252046712365],[-90.04373535837111,29.222476736630682],[-90.04350232820902,29.222928763825106],[-90.04316665502499,29.223579890175508],[-90.04276915216663,29.224350939381807],[-90.04256040072733,29.22475585369833],[-90.0424695499999,29.224845286051327],[-90.04182258186508,29.22548214090137],[-90.04163949084686,29.225662370286994],[-90.04146098761423,29.22583808260932],[-90.04133781284001,29.225959330856497],[-90.0412857978569,29.22605650206779],[-90.04102788259254,29.226538351833494],[-90.0406952884494,29.227159709309884],[-90.03850154514275,29.231257867001],[-90.03815251982988,29.231683332715086],[-90.03815240195928,29.231683707281636],[-90.03780165445194,29.232760912262926],[-90.03650493523443,29.236737583322505],[-90.0362355812968,29.237563578557992],[-90.03623558138861,29.23986189409026],[-90.03665333583608,29.241845557982625],[-90.03736012468532,29.243067881280155],[-90.03766804855758,29.24360039573958],[-90.03780165751347,29.24383123220103],[-90.03831146360557,29.24439130218026],[-90.03888493423189,29.245021296924143],[-90.03965921186993,29.246521840664656],[-90.03999318776917,29.247169074645356],[-90.04069324496241,29.25001811825132],[-90.04069331699444,29.250018411618157],[-90.04084194268005,29.25062325933825],[-90.04084876478231,29.250967256814384],[-90.0408610966915,29.251589393535742],[-90.04086674139508,29.251874011734724],[-90.0408667400854,29.251874048405554],[-90.04106927189063,29.251587884785742],[-90.04151331661673,29.250960373151152],[-90.04152668445191,29.250941488971574],[-90.04152904972186,29.250938141446593],[-90.0420834462089,29.25015467653273],[-90.04216848853312,29.250018651243003],[-90.04216867581643,29.250018355256806],[-90.04235986192059,29.249712617260343],[-90.04243722955944,29.249588889803018],[-90.0426467131089,29.249253688086025],[-90.04356804730071,29.2477793639526],[-90.0440446884825,29.24704144162009],[-90.04472145297936,29.245993662368306],[-90.04517285544745,29.245294784016668],[-90.04586581667172,29.24417378616951],[-90.04598153154392,29.243986595872446],[-90.04598217459346,29.243985554682197],[-90.04568282777775,29.243596537195668],[-90.04561594011871,29.24306059662349],[-90.04481865134632,29.237216563330605],[-90.04481865525763,29.236773149864543],[-90.04481865381715,29.233497528621022],[-90.04481865250746,29.23349717762857],[-90.0453011413734,29.232572697574504],[-90.04595741733192,29.23131519902991],[-90.046092815282,29.23105521316184],[-90.04641138282392,29.230443479165217],[-90.04763951061545,29.22888866250202],[-90.04840460079625,29.227920022875335],[-90.05066253126745,29.22566209366894],[-90.05066285475671,29.225661771489282],[-90.05117506537955,29.22548381437671],[-90.05229871009664,29.225093415141238],[-90.05350666896378,29.224673710653583],[-90.0536623079238,29.224618638886987],[-90.05366880259388,29.224616339100514],[-90.053716551974,29.22459944824264],[-90.0539110109616,29.224534572260648],[-90.0574231829405,29.22421055505211],[-90.05843908477146,29.22411681515524],[-90.05807095129136,29.22371632755218],[-90.05798457701803,29.223568684155957],[-90.05796601370662,29.223536954701782],[-90.05769904722678,29.22244005487255],[-90.05677024899539,29.218623649911315],[-90.05669011661878,29.21831421078645],[-90.05632768279733,29.21691457736006],[-90.05646497695973,29.211768592043075],[-90.05741026504903,29.209583715143257],[-90.05741134552945,29.20958120973825],[-90.05750724635207,29.2093595449118],[-90.05752436509094,29.20931997968124],[-90.057623943476,29.209089816384655],[-90.05777106299946,29.208749754471974],[-90.0578601129214,29.20854392883452],[-90.05792495746259,29.20839403803428],[-90.05802047455091,29.20817326116631],[-90.05804781267005,29.208110058951913],[-90.05849826299206,29.20706885426691],[-90.05861235125266,29.2069495561235],[-90.05870432306018,29.206853384191724],[-90.05905945276277,29.206482036797162],[-90.05906458537241,29.206476671065516],[-90.05914646090852,29.206391056410414],[-90.05927945692251,29.206251986128784],[-90.05952388648936,29.205996388972547],[-90.05992842099784,29.20557337234586],[-90.06105095115164,29.204399530477925],[-90.06129034764398,29.204149185111696],[-90.0614183511834,29.20401532732991],[-90.06144766560125,29.203994489117306],[-90.06151657275323,29.20394548114076],[-90.06346583813314,29.20255940145234],[-90.06366720433488,29.20241621093643],[-90.06386586082245,29.202274943021003],[-90.06463985417946,29.201724548868576],[-90.06557719914731,29.200730378465487],[-90.06729374472239,29.198909700728958],[-90.069227432821,29.19685860299635],[-90.07102570070032,29.19495104415071],[-90.07123469836553,29.194729342649907],[-90.07242151645198,29.193470332726026],[-90.07271345179825,29.193160636893815],[-90.07277543863553,29.193094880815426],[-90.07278187044113,29.193088053488335],[-90.07300270362396,29.192853781742976],[-90.07485692860469,29.19088665633505],[-90.07682101291091,29.188802875704557],[-90.07885581171723,29.18664394208962],[-90.07994801769482,29.18548505669156],[-90.08166747991234,29.18366054161225],[-90.08173615787054,29.183587671388352],[-90.08433429693075,29.180830625681093],[-90.08455431418712,29.18059714104943],[-90.0846583965436,29.18048669367842],[-90.08479704641722,29.180339550570466],[-90.08692329185203,29.17808308820217],[-90.08692349223206,29.178082876035088],[-90.08700798842466,29.178001516508424],[-90.08727792387988,29.177741607906963],[-90.08728005602804,29.177739553029525]]]}}]}